<?xml version="1.0" encoding="UTF-8"?>
<osm version="0.6" generator="openstreetmap-cgimap 2.1.0 (383562 spike-06.openstreetmap.org)" copyright="OpenStreetMap and contributors" attribution="http://www.openstreetmap.org/copyright" license="http://opendatacommons.org/licenses/odbl/1-0/">
 <bounds minlat="12.9747380" minlon="77.6069980" maxlat="12.9756330" maxlon="77.6091280"/>
 <node id="248459794" visible="true" version="14" changeset="177122227" timestamp="2026-01-12T05:30:39Z" user="uknown-gryphus" uid="2425805" lat="12.9743274" lon="77.6077326"/>
 <node id="248459795" visible="true" version="13" changeset="177205425" timestamp="2026-01-14T05:35:05Z" user="uknown-gryphus" uid="2425805" lat="12.9729210" lon="77.6072761"/>
 <node id="248459805" visible="true" version="8" changeset="176189703" timestamp="2025-12-20T17:15:07Z" user="Vonter" uid="3926189" lat="12.9754930" lon="77.6078357"/>
 <node id="248459806" visible="true" version="3" changeset="28766589" timestamp="2015-02-11T06:57:42Z" user="PlaneMad" uid="1306" lat="12.9761352" lon="77.6046158"/>
 <node id="248459807" visible="true" version="1" changeset="158001" timestamp="2008-02-19T18:37:31Z" user="jace" uid="587" lat="12.9781481" lon="77.6053417">
  <tag k="created_by" v="JOSM"/>
 </node>
 <node id="316483286" visible="true" version="6" changeset="38558951" timestamp="2016-04-14T16:01:31Z" user="parambyte" uid="715224" lat="12.9748429" lon="77.6080860">
  <tag k="addr:street" v="M G Road"/>
  <tag k="craft" v="handicraft"/>
  <tag k="name" v="Cauvery Arts And Crafts Emporium"/>
  <tag k="shop" v="craft"/>
 </node>
 <node id="334473795" visible="true" version="13" changeset="127928751" timestamp="2022-10-22T16:01:45Z" user="Vonter" uid="3926189" lat="12.9747412" lon="77.6093754"/>
 <node id="334482516" visible="true" version="18" changeset="177205425" timestamp="2026-01-14T05:35:05Z" user="uknown-gryphus" uid="2425805" lat="12.9750056" lon="77.6082104">
  <tag k="highway" v="traffic_signals"/>
 </node>
 <node id="423784668" visible="true" version="6" changeset="177122227" timestamp="2026-01-12T05:30:39Z" user="uknown-gryphus" uid="2425805" lat="12.9735977" lon="77.6075185"/>
 <node id="423784680" visible="true" version="8" changeset="176769258" timestamp="2026-01-03T04:44:12Z" user="uknown-gryphus" uid="2425805" lat="12.9759656" lon="77.6043027"/>
 <node id="428847118" visible="true" version="27" changeset="146666259" timestamp="2024-01-25T10:10:06Z" user="Heinz_V" uid="91490" lat="12.9729953" lon="77.6170130">
  <tag k="code" v="TTY"/>
  <tag k="name" v="Trinity"/>
  <tag k="name:hi" v="ट्रिनिटी"/>
  <tag k="name:kn" v="ಟ್ರಿನಿಟಿ"/>
  <tag k="network" v="Namma Metro"/>
  <tag k="note" v="Contributors are requested to not edit the &quot;network&quot; and the &quot;operator&quot; tags. (2023/11/08)"/>
  <tag k="operator" v="Bangalore Metro Rail Corporation Limited"/>
  <tag k="platforms" v="2"/>
  <tag k="public_transport" v="stop_position"/>
  <tag k="public_transport:version" v="2"/>
  <tag k="railway" v="stop"/>
  <tag k="source" v="http://www.bmrc.co.in/English/Network.htm"/>
  <tag k="subway" v="yes"/>
  <tag k="wheelchair" v="yes"/>
  <tag k="wikidata" v="Q5539214"/>
  <tag k="wikipedia" v="en:Trinity metro station"/>
 </node>
 <node id="442972763" visible="true" version="3" changeset="177164620" timestamp="2026-01-13T06:19:08Z" user="uknown-gryphus" uid="2425805" lat="12.9757109" lon="77.6127957"/>
 <node id="442972764" visible="true" version="3" changeset="33997526" timestamp="2015-09-13T11:02:09Z" user="PlaneMad" uid="1306" lat="12.9742420" lon="77.6123400"/>
 <node id="442972765" visible="true" version="4" changeset="121589158" timestamp="2022-05-27T18:29:30Z" user="Vonter" uid="3926189" lat="12.9752386" lon="77.6082614"/>
 <node id="442972766" visible="true" version="5" changeset="177164620" timestamp="2026-01-13T06:19:08Z" user="uknown-gryphus" uid="2425805" lat="12.9770166" lon="77.6088514"/>
 <node id="850782876" visible="true" version="26" changeset="161804614" timestamp="2025-01-27T06:00:11Z" user="Vonter" uid="3926189" lat="12.9756285" lon="77.6062979">
  <tag k="alt_name" v="Plaza Theatre Metro Station"/>
  <tag k="code" v="MAGR"/>
  <tag k="int_name" v="Mahatma Gandhi Road Metro"/>
  <tag k="local_ref" v="2"/>
  <tag k="name" v="Mahatma Gandhi Road"/>
  <tag k="name:etymology:wikidata" v="Q1001"/>
  <tag k="name:kn" v="ಮಹಾತ್ಮ ಗಾಂಧಿ ರಸ್ತೆ"/>
  <tag k="network" v="Namma Metro"/>
  <tag k="note" v="Contributors are requested to not edit the &quot;network&quot; and the &quot;operator&quot; tags. (2023/11/08)"/>
  <tag k="operator" v="Bangalore Metro Rail Corporation Limited"/>
  <tag k="public_transport" v="stop_position"/>
  <tag k="public_transport:version" v="2"/>
  <tag k="railway" v="stop"/>
  <tag k="short_name" v="MG Road"/>
  <tag k="source" v="http://www.bmrc.co.in/English/Network.htm"/>
  <tag k="start_date" v="20-10-2011"/>
  <tag k="subway" v="yes"/>
  <tag k="to" v="Challaghatta"/>
  <tag k="wheelchair" v="yes"/>
 </node>
 <node id="1232963661" visible="true" version="2" changeset="10674724" timestamp="2012-02-13T16:27:17Z" user="docaneesh" uid="492742" lat="12.9750458" lon="77.6084978"/>
 <node id="1232963675" visible="true" version="2" changeset="10674724" timestamp="2012-02-13T16:27:28Z" user="docaneesh" uid="492742" lat="12.9748314" lon="77.6092507"/>
 <node id="1232963679" visible="true" version="2" changeset="10674724" timestamp="2012-02-13T16:27:23Z" user="docaneesh" uid="492742" lat="12.9749315" lon="77.6088569"/>
 <node id="1474001862" visible="true" version="5" changeset="79197813" timestamp="2020-01-04T19:43:45Z" user="indigomc" uid="136860" lat="12.9749906" lon="77.6072186">
  <tag k="name" v="Sri Vijaylakshmi Silks And Sarees"/>
  <tag k="shop" v="clothes"/>
  <tag k="wheelchair" v="no"/>
 </node>
 <node id="1631461306" visible="true" version="1" changeset="10674724" timestamp="2012-02-13T16:27:08Z" user="docaneesh" uid="492742" lat="12.9752120" lon="77.6079815"/>
 <node id="1631461356" visible="true" version="1" changeset="10674724" timestamp="2012-02-13T16:27:10Z" user="docaneesh" uid="492742" lat="12.9751438" lon="77.6082395"/>
 <node id="1698093078" visible="true" version="7" changeset="161804564" timestamp="2025-01-27T05:56:44Z" user="Vonter" uid="3926189" lat="12.9748103" lon="77.6066481"/>
 <node id="1837445410" visible="true" version="2" changeset="33821233" timestamp="2015-09-05T20:19:50Z" user="PlaneMad" uid="1306" lat="12.9744034" lon="77.6134814"/>
 <node id="1837445415" visible="true" version="3" changeset="177122227" timestamp="2026-01-12T05:30:39Z" user="uknown-gryphus" uid="2425805" lat="12.9749382" lon="77.6080068"/>
 <node id="1837445417" visible="true" version="3" changeset="177164620" timestamp="2026-01-13T06:19:08Z" user="uknown-gryphus" uid="2425805" lat="12.9752178" lon="77.6142711"/>
 <node id="1837445421" visible="true" version="5" changeset="154629568" timestamp="2024-07-31T03:49:35Z" user="uknown-gryphus" uid="2425805" lat="12.9752790" lon="77.6081191">
  <tag k="highway" v="traffic_signals"/>
 </node>
 <node id="1837445428" visible="true" version="5" changeset="128044281" timestamp="2022-10-25T14:54:25Z" user="SubbuBadrinath" uid="14639229" lat="12.9752711" lon="77.6079905"/>
 <node id="1837445441" visible="true" version="4" changeset="162876555" timestamp="2025-02-24T05:39:33Z" user="Vonter" uid="3926189" lat="12.9755321" lon="77.6075365"/>
 <node id="1837445443" visible="true" version="6" changeset="162876555" timestamp="2025-02-24T05:39:33Z" user="Vonter" uid="3926189" lat="12.9757783" lon="77.6061277"/>
 <node id="1837445445" visible="true" version="4" changeset="162876555" timestamp="2025-02-24T05:39:33Z" user="Vonter" uid="3926189" lat="12.9758670" lon="77.6061521"/>
 <node id="1928478772" visible="true" version="3" changeset="176769258" timestamp="2026-01-03T04:44:12Z" user="uknown-gryphus" uid="2425805" lat="12.9757401" lon="77.6048930"/>
 <node id="1928478775" visible="true" version="3" changeset="154493651" timestamp="2024-07-27T17:24:19Z" user="Vonter" uid="3926189" lat="12.9756297" lon="77.6053470"/>
 <node id="1928484337" visible="true" version="3" changeset="177122227" timestamp="2026-01-12T05:30:39Z" user="uknown-gryphus" uid="2425805" lat="12.9754964" lon="77.6059171"/>
 <node id="2189648924" visible="true" version="1" changeset="15282031" timestamp="2013-03-07T13:31:26Z" user="PlaneMad" uid="1306" lat="12.9739738" lon="77.6127428"/>
 <node id="2189648937" visible="true" version="2" changeset="28536745" timestamp="2015-02-01T02:27:18Z" user="docaneesh" uid="492742" lat="12.9740763" lon="77.6123712"/>
 <node id="2189648949" visible="true" version="2" changeset="28536745" timestamp="2015-02-01T02:27:18Z" user="docaneesh" uid="492742" lat="12.9742013" lon="77.6119082"/>
 <node id="2189648956" visible="true" version="2" changeset="28536745" timestamp="2015-02-01T02:27:19Z" user="docaneesh" uid="492742" lat="12.9742823" lon="77.6115725"/>
 <node id="2189648957" visible="true" version="1" changeset="15282031" timestamp="2013-03-07T13:31:27Z" user="PlaneMad" uid="1306" lat="12.9743468" lon="77.6112904"/>
 <node id="2189718310" visible="true" version="2" changeset="162876555" timestamp="2025-02-24T05:39:33Z" user="Vonter" uid="3926189" lat="12.9752514" lon="77.6074656"/>
 <node id="2189718325" visible="true" version="2" changeset="162876555" timestamp="2025-02-24T05:39:33Z" user="Vonter" uid="3926189" lat="12.9755902" lon="77.6060806"/>
 <node id="2189718326" visible="true" version="2" changeset="162876555" timestamp="2025-02-24T05:39:33Z" user="Vonter" uid="3926189" lat="12.9757024" lon="77.6061084"/>
 <node id="2189718328" visible="true" version="2" changeset="28766589" timestamp="2015-02-11T06:57:40Z" user="PlaneMad" uid="1306" lat="12.9756724" lon="77.6057080"/>
 <node id="2189718331" visible="true" version="2" changeset="28766589" timestamp="2015-02-11T06:57:40Z" user="PlaneMad" uid="1306" lat="12.9758439" lon="77.6050132"/>
 <node id="2189718336" visible="true" version="2" changeset="28766589" timestamp="2015-02-11T06:57:40Z" user="PlaneMad" uid="1306" lat="12.9760364" lon="77.6042378"/>
 <node id="2189718338" visible="true" version="1" changeset="15282808" timestamp="2013-03-07T14:46:38Z" user="PlaneMad" uid="1306" lat="12.9760021" lon="77.6051822"/>
 <node id="2189718350" visible="true" version="4" changeset="176694070" timestamp="2026-01-01T06:53:43Z" user="uknown-gryphus" uid="2425805" lat="12.9765840" lon="77.6020034"/>
 <node id="2650558282" visible="true" version="3" changeset="28766589" timestamp="2015-02-11T06:57:42Z" user="PlaneMad" uid="1306" lat="12.9751808" lon="77.6077436"/>
 <node id="2910303731" visible="true" version="2" changeset="177122227" timestamp="2026-01-12T05:30:39Z" user="uknown-gryphus" uid="2425805" lat="12.9747513" lon="77.6079615"/>
 <node id="2910303733" visible="true" version="2" changeset="177122227" timestamp="2026-01-12T05:30:39Z" user="uknown-gryphus" uid="2425805" lat="12.9749368" lon="77.6080092"/>
 <node id="2910303734" visible="true" version="2" changeset="177122227" timestamp="2026-01-12T05:30:39Z" user="uknown-gryphus" uid="2425805" lat="12.9748965" lon="77.6082257"/>
 <node id="2910303735" visible="true" version="2" changeset="177122227" timestamp="2026-01-12T05:30:39Z" user="uknown-gryphus" uid="2425805" lat="12.9747078" lon="77.6081837"/>
 <node id="3164545465" visible="true" version="2" changeset="161804564" timestamp="2025-01-27T05:56:44Z" user="Vonter" uid="3926189" lat="12.9754113" lon="77.6068079"/>
 <node id="3164545467" visible="true" version="2" changeset="161804564" timestamp="2025-01-27T05:56:44Z" user="Vonter" uid="3926189" lat="12.9754359" lon="77.6067072"/>
 <node id="3257973903" visible="true" version="5" changeset="177122227" timestamp="2026-01-12T05:30:39Z" user="uknown-gryphus" uid="2425805" lat="12.9755670" lon="77.6056819"/>
 <node id="3323896708" visible="true" version="3" changeset="138295325" timestamp="2023-07-09T12:44:24Z" user="Vonter" uid="3926189" lat="12.9747869" lon="77.6087224"/>
 <node id="3323896735" visible="true" version="3" changeset="138295325" timestamp="2023-07-09T12:44:24Z" user="Vonter" uid="3926189" lat="12.9742883" lon="77.6088108"/>
 <node id="3323896758" visible="true" version="3" changeset="138295325" timestamp="2023-07-09T12:44:24Z" user="Vonter" uid="3926189" lat="12.9743119" lon="77.6086493"/>
 <node id="3323896861" visible="true" version="3" changeset="138295325" timestamp="2023-07-09T12:44:24Z" user="Vonter" uid="3926189" lat="12.9747633" lon="77.6088839"/>
 <node id="3343241031" visible="true" version="3" changeset="177122227" timestamp="2026-01-12T05:30:39Z" user="uknown-gryphus" uid="2425805" lat="12.9752404" lon="77.6069498"/>
 <node id="3343241038" visible="true" version="3" changeset="161804564" timestamp="2025-01-27T05:56:44Z" user="Vonter" uid="3926189" lat="12.9752704" lon="77.6068249"/>
 <node id="3343241045" visible="true" version="2" changeset="177122227" timestamp="2026-01-12T05:30:39Z" user="uknown-gryphus" uid="2425805" lat="12.9753095" lon="77.6066180"/>
 <node id="3343241161" visible="true" version="2" changeset="177122227" timestamp="2026-01-12T05:30:39Z" user="uknown-gryphus" uid="2425805" lat="12.9743804" lon="77.6076776"/>
 <node id="3343241163" visible="true" version="3" changeset="177122227" timestamp="2026-01-12T05:30:39Z" user="uknown-gryphus" uid="2425805" lat="12.9744241" lon="77.6075121"/>
 <node id="3343241168" visible="true" version="3" changeset="177122227" timestamp="2026-01-12T05:30:39Z" user="uknown-gryphus" uid="2425805" lat="12.9745405" lon="77.6072611"/>
 <node id="3343241173" visible="true" version="4" changeset="161804564" timestamp="2025-01-27T05:56:44Z" user="Vonter" uid="3926189" lat="12.9746408" lon="77.6066049"/>
 <node id="3343241174" visible="true" version="3" changeset="177122227" timestamp="2026-01-12T05:30:39Z" user="uknown-gryphus" uid="2425805" lat="12.9746352" lon="77.6068584"/>
 <node id="3343241184" visible="true" version="3" changeset="177122227" timestamp="2026-01-12T05:30:39Z" user="uknown-gryphus" uid="2425805" lat="12.9747383" lon="77.6076060"/>
 <node id="3343241186" visible="true" version="3" changeset="177122227" timestamp="2026-01-12T05:30:39Z" user="uknown-gryphus" uid="2425805" lat="12.9747750" lon="77.6076437"/>
 <node id="3343241188" visible="true" version="3" changeset="177122227" timestamp="2026-01-12T05:30:39Z" user="uknown-gryphus" uid="2425805" lat="12.9747779" lon="77.6073199"/>
 <node id="3343241191" visible="true" version="3" changeset="177122227" timestamp="2026-01-12T05:30:39Z" user="uknown-gryphus" uid="2425805" lat="12.9748317" lon="77.6074166"/>
 <node id="3343241192" visible="true" version="5" changeset="160311809" timestamp="2024-12-17T17:16:48Z" user="Vonter" uid="3926189" lat="12.9748900" lon="77.6072882"/>
 <node id="3343241399" visible="true" version="3" changeset="177122227" timestamp="2026-01-12T05:30:39Z" user="uknown-gryphus" uid="2425805" lat="12.9748766" lon="77.6069182"/>
 <node id="3343241401" visible="true" version="4" changeset="160311809" timestamp="2024-12-17T17:16:48Z" user="Vonter" uid="3926189" lat="12.9749216" lon="77.6071526"/>
 <node id="3343241403" visible="true" version="2" changeset="177122227" timestamp="2026-01-12T05:30:39Z" user="uknown-gryphus" uid="2425805" lat="12.9749086" lon="77.6078423"/>
 <node id="3343241406" visible="true" version="3" changeset="177122227" timestamp="2026-01-12T05:30:39Z" user="uknown-gryphus" uid="2425805" lat="12.9749696" lon="77.6068821"/>
 <node id="3343241407" visible="true" version="2" changeset="177122227" timestamp="2026-01-12T05:30:39Z" user="uknown-gryphus" uid="2425805" lat="12.9749414" lon="77.6077362"/>
 <node id="3343241409" visible="true" version="6" changeset="177122227" timestamp="2026-01-12T05:30:39Z" user="uknown-gryphus" uid="2425805" lat="12.9749368" lon="77.6079879"/>
 <node id="3343241411" visible="true" version="2" changeset="177122227" timestamp="2026-01-12T05:30:39Z" user="uknown-gryphus" uid="2425805" lat="12.9749834" lon="77.6078657"/>
 <node id="3343241413" visible="true" version="2" changeset="177122227" timestamp="2026-01-12T05:30:39Z" user="uknown-gryphus" uid="2425805" lat="12.9749831" lon="77.6078679"/>
 <node id="3343241418" visible="true" version="5" changeset="177122227" timestamp="2026-01-12T05:30:39Z" user="uknown-gryphus" uid="2425805" lat="12.9749729" lon="77.6078718"/>
 <node id="3343241419" visible="true" version="2" changeset="177122227" timestamp="2026-01-12T05:30:39Z" user="uknown-gryphus" uid="2425805" lat="12.9750096" lon="77.6078518"/>
 <node id="3343241421" visible="true" version="2" changeset="177122227" timestamp="2026-01-12T05:30:39Z" user="uknown-gryphus" uid="2425805" lat="12.9750108" lon="77.6078534"/>
 <node id="3343241422" visible="true" version="2" changeset="177122227" timestamp="2026-01-12T05:30:39Z" user="uknown-gryphus" uid="2425805" lat="12.9750167" lon="77.6077596"/>
 <node id="3343241423" visible="true" version="3" changeset="177122227" timestamp="2026-01-12T05:30:39Z" user="uknown-gryphus" uid="2425805" lat="12.9750201" lon="77.6077191"/>
 <node id="3343241424" visible="true" version="2" changeset="177122227" timestamp="2026-01-12T05:30:39Z" user="uknown-gryphus" uid="2425805" lat="12.9750304" lon="77.6077896"/>
 <node id="3343241426" visible="true" version="3" changeset="177122227" timestamp="2026-01-12T05:30:39Z" user="uknown-gryphus" uid="2425805" lat="12.9750639" lon="77.6074778"/>
 <node id="3343241429" visible="true" version="2" changeset="177122227" timestamp="2026-01-12T05:30:39Z" user="uknown-gryphus" uid="2425805" lat="12.9750333" lon="77.6078192"/>
 <node id="3343241436" visible="true" version="5" changeset="160311809" timestamp="2024-12-17T17:16:48Z" user="Vonter" uid="3926189" lat="12.9751127" lon="77.6073466"/>
 <node id="3343241441" visible="true" version="4" changeset="160311809" timestamp="2024-12-17T17:16:48Z" user="Vonter" uid="3926189" lat="12.9751441" lon="77.6072074"/>
 <node id="3343241602" visible="true" version="4" changeset="177122227" timestamp="2026-01-12T05:30:39Z" user="uknown-gryphus" uid="2425805" lat="12.9758756" lon="77.6043321"/>
 <node id="3343265829" visible="true" version="1" changeset="28766964" timestamp="2015-02-11T07:29:45Z" user="PlaneMad" uid="1306" lat="12.9767646" lon="77.6048428"/>
 <node id="3343266001" visible="true" version="1" changeset="28766964" timestamp="2015-02-11T07:29:48Z" user="PlaneMad" uid="1306" lat="12.9778804" lon="77.6052452"/>
 <node id="3343559950" visible="true" version="1" changeset="28768939" timestamp="2015-02-11T09:42:44Z" user="PlaneMad" uid="1306" lat="12.9766266" lon="77.6052851"/>
 <node id="3343559951" visible="true" version="1" changeset="28768939" timestamp="2015-02-11T09:42:44Z" user="PlaneMad" uid="1306" lat="12.9777627" lon="77.6056330"/>
 <node id="3355739834" visible="true" version="2" changeset="177122227" timestamp="2026-01-12T05:30:39Z" user="uknown-gryphus" uid="2425805" lat="12.9749400" lon="77.6077337"/>
 <node id="3355740080" visible="true" version="4" changeset="177205425" timestamp="2026-01-14T05:35:05Z" user="uknown-gryphus" uid="2425805" lat="12.9723313" lon="77.6070825"/>
 <node id="3355740084" visible="true" version="3" changeset="177205425" timestamp="2026-01-14T05:35:05Z" user="uknown-gryphus" uid="2425805" lat="12.9725335" lon="77.6071457"/>
 <node id="3355741065" visible="true" version="2" changeset="177122227" timestamp="2026-01-12T05:30:39Z" user="uknown-gryphus" uid="2425805" lat="12.9746984" lon="77.6077747"/>
 <node id="3355741070" visible="true" version="2" changeset="177122227" timestamp="2026-01-12T05:30:39Z" user="uknown-gryphus" uid="2425805" lat="12.9747324" lon="77.6076656"/>
 <node id="3355741071" visible="true" version="3" changeset="155488918" timestamp="2024-08-20T04:13:14Z" user="uknown-gryphus" uid="2425805" lat="12.9747628" lon="77.6092844"/>
 <node id="3355741078" visible="true" version="2" changeset="177122227" timestamp="2026-01-12T05:30:39Z" user="uknown-gryphus" uid="2425805" lat="12.9749060" lon="77.6078428"/>
 <node id="3355894503" visible="true" version="2" changeset="121589158" timestamp="2022-05-27T18:29:30Z" user="Vonter" uid="3926189" lat="12.9749918" lon="77.6087811"/>
 <node id="3355894510" visible="true" version="2" changeset="154245338" timestamp="2024-07-22T05:50:35Z" user="uknown-gryphus" uid="2425805" lat="12.9756801" lon="77.6089913"/>
 <node id="3355894513" visible="true" version="4" changeset="140833340" timestamp="2023-09-05T06:26:08Z" user="sambreen" uid="19574772" lat="12.9757904" lon="77.6086167"/>
 <node id="3379680209" visible="true" version="5" changeset="177205425" timestamp="2026-01-14T05:35:05Z" user="uknown-gryphus" uid="2425805" lat="12.9746975" lon="77.6079158"/>
 <node id="3379680212" visible="true" version="5" changeset="177205425" timestamp="2026-01-14T05:35:05Z" user="uknown-gryphus" uid="2425805" lat="12.9747541" lon="77.6079276"/>
 <node id="3379680215" visible="true" version="4" changeset="177205425" timestamp="2026-01-14T05:35:05Z" user="uknown-gryphus" uid="2425805" lat="12.9746997" lon="77.6082080"/>
 <node id="3379680221" visible="true" version="5" changeset="177205425" timestamp="2026-01-14T05:35:05Z" user="uknown-gryphus" uid="2425805" lat="12.9745890" lon="77.6081663"/>
 <node id="3379680230" visible="true" version="5" changeset="177205425" timestamp="2026-01-14T05:35:05Z" user="uknown-gryphus" uid="2425805" lat="12.9747018" lon="77.6081900"/>
 <node id="3379680254" visible="true" version="4" changeset="177205425" timestamp="2026-01-14T05:35:05Z" user="uknown-gryphus" uid="2425805" lat="12.9744675" lon="77.6084958"/>
 <node id="3379680261" visible="true" version="4" changeset="177205425" timestamp="2026-01-14T05:35:05Z" user="uknown-gryphus" uid="2425805" lat="12.9746892" lon="77.6082574"/>
 <node id="3379680269" visible="true" version="4" changeset="177205425" timestamp="2026-01-14T05:35:05Z" user="uknown-gryphus" uid="2425805" lat="12.9748421" lon="77.6083741"/>
 <node id="3379680276" visible="true" version="4" changeset="177205425" timestamp="2026-01-14T05:35:05Z" user="uknown-gryphus" uid="2425805" lat="12.9748693" lon="77.6082458"/>
 <node id="3379680285" visible="true" version="4" changeset="177205425" timestamp="2026-01-14T05:35:05Z" user="uknown-gryphus" uid="2425805" lat="12.9745258" lon="77.6082209"/>
 <node id="3546557392" visible="true" version="1" changeset="31466344" timestamp="2015-05-26T09:02:11Z" user="subhashini" uid="2901517" lat="12.9751075" lon="77.6093957"/>
 <node id="3546557499" visible="true" version="1" changeset="31466344" timestamp="2015-05-26T09:02:11Z" user="subhashini" uid="2901517" lat="12.9752076" lon="77.6090896"/>
 <node id="3546557517" visible="true" version="1" changeset="31466344" timestamp="2015-05-26T09:02:11Z" user="subhashini" uid="2901517" lat="12.9753961" lon="77.6094951"/>
 <node id="3546557528" visible="true" version="1" changeset="31466344" timestamp="2015-05-26T09:02:12Z" user="subhashini" uid="2901517" lat="12.9754962" lon="77.6091890"/>
 <node id="3730964427" visible="true" version="2" changeset="155267394" timestamp="2024-08-15T05:58:07Z" user="Vonter" uid="3926189" lat="12.9740034" lon="77.6133537"/>
 <node id="3730964435" visible="true" version="2" changeset="177164620" timestamp="2026-01-13T06:19:08Z" user="uknown-gryphus" uid="2425805" lat="12.9742736" lon="77.6139404"/>
 <node id="3776717257" visible="true" version="1" changeset="34492453" timestamp="2015-10-07T14:44:57Z" user="Nagesh_Blr" uid="1765920" lat="12.9752676" lon="77.6086261"/>
 <node id="3776717258" visible="true" version="1" changeset="34492453" timestamp="2015-10-07T14:44:57Z" user="Nagesh_Blr" uid="1765920" lat="12.9752572" lon="77.6086764"/>
 <node id="3776717259" visible="true" version="1" changeset="34492453" timestamp="2015-10-07T14:44:57Z" user="Nagesh_Blr" uid="1765920" lat="12.9752108" lon="77.6086878"/>
 <node id="3776717260" visible="true" version="1" changeset="34492453" timestamp="2015-10-07T14:44:57Z" user="Nagesh_Blr" uid="1765920" lat="12.9751765" lon="77.6086576"/>
 <node id="3776717261" visible="true" version="1" changeset="34492453" timestamp="2015-10-07T14:44:58Z" user="Nagesh_Blr" uid="1765920" lat="12.9751892" lon="77.6086040"/>
 <node id="3776717262" visible="true" version="1" changeset="34492453" timestamp="2015-10-07T14:44:58Z" user="Nagesh_Blr" uid="1765920" lat="12.9752330" lon="77.6085926"/>
 <node id="3776717263" visible="true" version="3" changeset="116571082" timestamp="2022-01-25T06:57:33Z" user="Omnific" uid="1408522" lat="12.9752131" lon="77.6086452">
  <tag k="amenity" v="atm"/>
  <tag k="brand" v="Punjab National Bank"/>
  <tag k="brand:wikidata" v="Q2743499"/>
  <tag k="brand:wikipedia" v="en:Punjab National Bank"/>
  <tag k="name" v="Punjab National Bank"/>
  <tag k="name:kn" v="ಪಂಜಾಬ ರಾಷ್ಟ್ರೀಯ ಬ್ಯಾಂಕ್"/>
  <tag k="operator" v="Punjab National Bank"/>
  <tag k="operator:wikidata" v="Q2743499"/>
  <tag k="operator:wikipedia" v="en:Punjab National Bank"/>
 </node>
 <node id="3997461614" visible="true" version="2" changeset="155440576" timestamp="2024-08-19T03:12:00Z" user="uknown-gryphus" uid="2425805" lat="12.9757045" lon="77.6062511"/>
 <node id="3997461616" visible="true" version="4" changeset="177122227" timestamp="2026-01-12T05:30:39Z" user="uknown-gryphus" uid="2425805" lat="12.9753094" lon="77.6078554"/>
 <node id="4044210527" visible="true" version="2" changeset="154493651" timestamp="2024-07-27T17:24:19Z" user="Vonter" uid="3926189" lat="12.9735633" lon="77.6079339"/>
 <node id="4044210530" visible="true" version="1" changeset="37649650" timestamp="2016-03-06T17:37:02Z" user="PlaneMad" uid="1306" lat="12.9735764" lon="77.6077411"/>
 <node id="4044210532" visible="true" version="4" changeset="177205425" timestamp="2026-01-14T05:35:05Z" user="uknown-gryphus" uid="2425805" lat="12.9740004" lon="77.6080461"/>
 <node id="4044210536" visible="true" version="3" changeset="177205425" timestamp="2026-01-14T05:35:05Z" user="uknown-gryphus" uid="2425805" lat="12.9746604" lon="77.6093383"/>
 <node id="4044210538" visible="true" version="4" changeset="177122227" timestamp="2026-01-12T05:30:39Z" user="uknown-gryphus" uid="2425805" lat="12.9748981" lon="77.6082385"/>
 <node id="4044263598" visible="true" version="6" changeset="177205425" timestamp="2026-01-14T05:35:05Z" user="uknown-gryphus" uid="2425805" lat="12.9744669" lon="77.6110102">
  <tag k="highway" v="traffic_signals"/>
 </node>
 <node id="4121454427" visible="true" version="4" changeset="123865230" timestamp="2022-07-20T19:53:25Z" user="NaanAvanIllai" uid="14062769" lat="12.9748439" lon="77.6083535">
  <tag k="amenity" v="atm"/>
  <tag k="brand" v="Kotak Mahindra Bank"/>
  <tag k="brand:wikidata" v="Q2040404"/>
  <tag k="check_date" v="2021-12-05"/>
  <tag k="name" v="Kotak Mahindra Bank"/>
  <tag k="name:kn" v="ಕೋಟಕ್ ಮಹಿಂದ್ರ"/>
  <tag k="operator" v="Kotak Mahindra Bank"/>
  <tag k="operator:wikidata" v="Q2040404"/>
 </node>
 <node id="4121469882" visible="true" version="5" changeset="154507384" timestamp="2024-07-28T06:42:15Z" user="Vonter" uid="3926189" lat="12.9750054" lon="77.6076001">
  <tag k="brand" v="Pantaloons"/>
  <tag k="brand:wikidata" v="Q7131643"/>
  <tag k="check_date" v="2024-07-28"/>
  <tag k="name" v="Vijayalakshmi Silks"/>
  <tag k="name:en" v="Vijayalakshmi Silks"/>
  <tag k="shop" v="clothes"/>
 </node>
 <node id="4304331651" visible="true" version="3" changeset="150043794" timestamp="2024-04-15T15:06:01Z" user="Vonter" uid="3926189" lat="12.9755600" lon="77.6074490">
  <tag k="natural" v="tree"/>
 </node>
 <node id="4318640428" visible="true" version="2" changeset="177205425" timestamp="2026-01-14T05:35:05Z" user="uknown-gryphus" uid="2425805" lat="12.9749255" lon="77.6087625"/>
 <node id="4318640429" visible="true" version="2" changeset="177205425" timestamp="2026-01-14T05:35:05Z" user="uknown-gryphus" uid="2425805" lat="12.9749453" lon="77.6087671"/>
 <node id="4318640430" visible="true" version="2" changeset="177122227" timestamp="2026-01-12T05:30:39Z" user="uknown-gryphus" uid="2425805" lat="12.9750597" lon="77.6082068"/>
 <node id="4318640431" visible="true" version="2" changeset="177122227" timestamp="2026-01-12T05:30:39Z" user="uknown-gryphus" uid="2425805" lat="12.9750874" lon="77.6082143"/>
 <node id="4318640432" visible="true" version="8" changeset="177122227" timestamp="2026-01-12T05:30:39Z" user="uknown-gryphus" uid="2425805" lat="12.9752163" lon="77.6078317">
  <tag k="button_operated" v="no"/>
  <tag k="crossing" v="traffic_signals"/>
  <tag k="crossing:markings" v="zebra"/>
  <tag k="highway" v="crossing"/>
  <tag k="traffic_signals:sound" v="walk"/>
  <tag k="traffic_signals:vibration" v="no"/>
 </node>
 <node id="4562270106" visible="true" version="8" changeset="173909891" timestamp="2025-10-29T04:16:42Z" user="uknown-gryphus" uid="2425805" lat="12.9766328" lon="77.6019835">
  <tag k="crossing" v="traffic_signals"/>
  <tag k="crossing:markings" v="zebra"/>
  <tag k="highway" v="crossing"/>
 </node>
 <node id="4565647989" visible="true" version="5" changeset="142124192" timestamp="2023-10-04T03:52:07Z" user="b-jazz-bot" uid="9451067" lat="12.9748864" lon="77.6081860">
  <tag k="name" v="Navrathan's Antique Art"/>
  <tag k="name:en" v="Navrathan's Antique Art"/>
  <tag k="opening_hours" v="Mo-Su 10:00-20:00"/>
  <tag k="shop" v="department_store"/>
  <tag k="website" v="https://navrathansantiqueart.com/"/>
 </node>
 <node id="4840185927" visible="true" version="1" changeset="48480418" timestamp="2017-05-07T17:15:52Z" user="richlv" uid="47892" lat="12.9748954" lon="77.6080699">
  <tag k="amenity" v="bureau_de_change"/>
 </node>
 <node id="4847296027" visible="true" version="2" changeset="125452240" timestamp="2022-08-27T18:09:29Z" user="Vonter" uid="3926189" lat="12.9749087" lon="77.6074411">
  <tag k="name" v="Malabar Gold"/>
  <tag k="name:en" v="Malabar Gold"/>
  <tag k="shop" v="jewelry"/>
 </node>
 <node id="5760197579" visible="true" version="1" changeset="60710764" timestamp="2018-07-14T12:23:14Z" user="8XVHdmB2BC7kUQcY" uid="8125743" lat="12.9752551" lon="77.6079936"/>
 <node id="5760197580" visible="true" version="1" changeset="60710764" timestamp="2018-07-14T12:23:15Z" user="8XVHdmB2BC7kUQcY" uid="8125743" lat="12.9751863" lon="77.6082539"/>
 <node id="5760197581" visible="true" version="1" changeset="60710764" timestamp="2018-07-14T12:23:15Z" user="8XVHdmB2BC7kUQcY" uid="8125743" lat="12.9750879" lon="77.6085133"/>
 <node id="5760197582" visible="true" version="1" changeset="60710764" timestamp="2018-07-14T12:23:15Z" user="8XVHdmB2BC7kUQcY" uid="8125743" lat="12.9749744" lon="77.6088698"/>
 <node id="5760197583" visible="true" version="1" changeset="60710764" timestamp="2018-07-14T12:23:15Z" user="8XVHdmB2BC7kUQcY" uid="8125743" lat="12.9748748" lon="77.6092619"/>
 <node id="5760197584" visible="true" version="1" changeset="60710764" timestamp="2018-07-14T12:23:15Z" user="8XVHdmB2BC7kUQcY" uid="8125743" lat="12.9743903" lon="77.6113011"/>
 <node id="5760197585" visible="true" version="1" changeset="60710764" timestamp="2018-07-14T12:23:15Z" user="8XVHdmB2BC7kUQcY" uid="8125743" lat="12.9743258" lon="77.6115833"/>
 <node id="5760197586" visible="true" version="1" changeset="60710764" timestamp="2018-07-14T12:23:15Z" user="8XVHdmB2BC7kUQcY" uid="8125743" lat="12.9742446" lon="77.6119198"/>
 <node id="5760197587" visible="true" version="1" changeset="60710764" timestamp="2018-07-14T12:23:15Z" user="8XVHdmB2BC7kUQcY" uid="8125743" lat="12.9741194" lon="77.6123836"/>
 <node id="5760197588" visible="true" version="1" changeset="60710764" timestamp="2018-07-14T12:23:15Z" user="8XVHdmB2BC7kUQcY" uid="8125743" lat="12.9740171" lon="77.6127543"/>
 <node id="5760197589" visible="true" version="1" changeset="60710764" timestamp="2018-07-14T12:23:15Z" user="8XVHdmB2BC7kUQcY" uid="8125743" lat="12.9769717" lon="77.6017655"/>
 <node id="5760197590" visible="true" version="1" changeset="60710764" timestamp="2018-07-14T12:23:15Z" user="8XVHdmB2BC7kUQcY" uid="8125743" lat="12.9768328" lon="77.6019305"/>
 <node id="5760197591" visible="true" version="1" changeset="60710764" timestamp="2018-07-14T12:23:15Z" user="8XVHdmB2BC7kUQcY" uid="8125743" lat="12.9766914" lon="77.6021760"/>
 <node id="5760197592" visible="true" version="1" changeset="60710764" timestamp="2018-07-14T12:23:15Z" user="8XVHdmB2BC7kUQcY" uid="8125743" lat="12.9766042" lon="77.6023753"/>
 <node id="5760197593" visible="true" version="1" changeset="60710764" timestamp="2018-07-14T12:23:15Z" user="8XVHdmB2BC7kUQcY" uid="8125743" lat="12.9765402" lon="77.6026151"/>
 <node id="5760197594" visible="true" version="1" changeset="60710764" timestamp="2018-07-14T12:23:15Z" user="8XVHdmB2BC7kUQcY" uid="8125743" lat="12.9759788" lon="77.6050317"/>
 <node id="5760197595" visible="true" version="1" changeset="60710764" timestamp="2018-07-14T12:23:15Z" user="8XVHdmB2BC7kUQcY" uid="8125743" lat="12.9758263" lon="77.6056655"/>
 <node id="5760197794" visible="true" version="9" changeset="146666259" timestamp="2024-01-25T10:10:06Z" user="Heinz_V" uid="91490" lat="12.9730388" lon="77.6170235">
  <tag k="code" v="TTY"/>
  <tag k="name" v="Trinity"/>
  <tag k="name:hi" v="ट्रिनिटी"/>
  <tag k="name:kn" v="ಟ್ರಿನಿಟಿ"/>
  <tag k="network" v="Namma Metro"/>
  <tag k="note" v="Contributors are requested to not edit the &quot;network&quot; and the &quot;operator&quot; tags. (2023/11/08)"/>
  <tag k="operator" v="Bangalore Metro Rail Corporation Limited"/>
  <tag k="platforms" v="2"/>
  <tag k="public_transport" v="stop_position"/>
  <tag k="public_transport:version" v="2"/>
  <tag k="railway" v="stop"/>
  <tag k="source" v="http://www.bmrc.co.in/English/Network.htm"/>
  <tag k="subway" v="yes"/>
  <tag k="wheelchair" v="yes"/>
  <tag k="wikidata" v="Q5539214"/>
  <tag k="wikipedia" v="en:Trinity metro station"/>
 </node>
 <node id="5760197795" visible="true" version="11" changeset="161804614" timestamp="2025-01-27T06:00:11Z" user="Vonter" uid="3926189" lat="12.9754288" lon="77.6072648">
  <tag k="alt_name" v="Plaza Theatre Metro Station"/>
  <tag k="code" v="MAGR"/>
  <tag k="int_name" v="Mahatma Gandhi Road Metro"/>
  <tag k="local_ref" v="1"/>
  <tag k="name" v="Mahatma Gandhi Road"/>
  <tag k="name:etymology:wikidata" v="Q1001"/>
  <tag k="name:kn" v="ಮಹಾತ್ಮ ಗಾಂಧಿ ರಸ್ತೆ"/>
  <tag k="network" v="Namma Metro"/>
  <tag k="note" v="Contributors are requested to not edit the &quot;network&quot; and the &quot;operator&quot; tags. (2023/11/08)"/>
  <tag k="operator" v="Bangalore Metro Rail Corporation Limited"/>
  <tag k="public_transport" v="stop_position"/>
  <tag k="public_transport:version" v="2"/>
  <tag k="railway" v="stop"/>
  <tag k="short_name" v="MG Road"/>
  <tag k="source" v="http://www.bmrc.co.in/English/Network.htm"/>
  <tag k="start_date" v="20-10-2011"/>
  <tag k="subway" v="yes"/>
  <tag k="to" v="Whitefield (Kadugodi)"/>
  <tag k="wheelchair" v="yes"/>
 </node>
 <node id="5760197796" visible="true" version="1" changeset="60710764" timestamp="2018-07-14T12:23:21Z" user="8XVHdmB2BC7kUQcY" uid="8125743" lat="12.9772398" lon="77.6015865"/>
 <node id="6393763057" visible="true" version="1" changeset="69044753" timestamp="2019-04-09T12:59:10Z" user="zuron7" uid="7889438" lat="12.9754271" lon="77.6075562">
  <tag k="amenity" v="bicycle_rental"/>
  <tag k="fee" v="yes"/>
  <tag k="network" v="DULT"/>
  <tag k="operator" v="Yulu"/>
 </node>
 <node id="6584009930" visible="true" version="2" changeset="161804564" timestamp="2025-01-27T05:56:44Z" user="Vonter" uid="3926189" lat="12.9753200" lon="77.6067004"/>
 <node id="6650958607" visible="true" version="3" changeset="142460267" timestamp="2023-10-12T05:19:33Z" user="sagarawrz07" uid="4831756" lat="12.9750380" lon="77.6078703">
  <tag k="camera:mount" v="pole"/>
  <tag k="camera:type" v="dome"/>
  <tag k="check_date" v="2023-10-12"/>
  <tag k="man_made" v="surveillance"/>
  <tag k="surveillance" v="public"/>
  <tag k="surveillance:type" v="camera"/>
  <tag k="surveillance:zone" v="area"/>
 </node>
 <node id="6797111373" visible="true" version="1" changeset="74500714" timestamp="2019-09-15T16:32:09Z" user="Vonter" uid="3926189" lat="12.9751387" lon="77.6070980">
  <tag k="name" v="Deepam"/>
  <tag k="shop" v="clothes"/>
 </node>
 <node id="6797112085" visible="true" version="4" changeset="177122227" timestamp="2026-01-12T05:30:39Z" user="uknown-gryphus" uid="2425805" lat="12.9756366" lon="77.6053136">
  <tag k="access" v="private"/>
  <tag k="barrier" v="gate"/>
 </node>
 <node id="6797112086" visible="true" version="3" changeset="177122227" timestamp="2026-01-12T05:30:39Z" user="uknown-gryphus" uid="2425805" lat="12.9756914" lon="77.6051008">
  <tag k="barrier" v="gate"/>
 </node>
 <node id="6797112088" visible="true" version="4" changeset="177122227" timestamp="2026-01-12T05:30:39Z" user="uknown-gryphus" uid="2425805" lat="12.9757043" lon="77.6051041"/>
 <node id="6797112090" visible="true" version="2" changeset="176769258" timestamp="2026-01-03T04:44:12Z" user="uknown-gryphus" uid="2425805" lat="12.9757181" lon="77.6053346"/>
 <node id="6797112091" visible="true" version="3" changeset="177122227" timestamp="2026-01-12T05:30:39Z" user="uknown-gryphus" uid="2425805" lat="12.9756540" lon="77.6053181"/>
 <node id="6832819329" visible="true" version="2" changeset="75061794" timestamp="2019-09-29T12:56:54Z" user="ThejeshGN" uid="82685" lat="12.9754102" lon="77.6072036">
  <tag k="camera:direction" v="120"/>
  <tag k="camera:mount" v="wall"/>
  <tag k="camera:type" v="panning"/>
  <tag k="description" v="entry"/>
  <tag k="man_made" v="surveillance"/>
  <tag k="surveillance" v="public"/>
  <tag k="surveillance:type" v="camera"/>
  <tag k="surveillance:zone" v="area"/>
 </node>
 <node id="6832825149" visible="true" version="2" changeset="75061794" timestamp="2019-09-29T12:56:54Z" user="ThejeshGN" uid="82685" lat="12.9754148" lon="77.6071946">
  <tag k="camera:direction" v="270"/>
  <tag k="camera:mount" v="wall"/>
  <tag k="camera:type" v="panning"/>
  <tag k="man_made" v="surveillance"/>
  <tag k="surveillance" v="public"/>
  <tag k="surveillance:type" v="camera"/>
  <tag k="surveillance:zone" v="area"/>
 </node>
 <node id="7132452571" visible="true" version="3" changeset="177122227" timestamp="2026-01-12T05:30:39Z" user="uknown-gryphus" uid="2425805" lat="12.9750486" lon="77.6077906"/>
 <node id="7132452574" visible="true" version="2" changeset="81258080" timestamp="2020-02-20T07:34:00Z" user="indigomc" uid="136860" lat="12.9754287" lon="77.6065055">
  <tag k="bus" v="yes"/>
  <tag k="name" v="MG Road Metro Station"/>
  <tag k="name:en" v="MG Road Metro Station"/>
  <tag k="name:kn" v="ಮಹಾತ್ಮ ಗಾಂಧಿ ರಸ್ತೆ"/>
  <tag k="network" v="BMTC"/>
  <tag k="operator" v="BMTC"/>
  <tag k="public_transport" v="stop_position"/>
 </node>
 <node id="7676373070" visible="true" version="5" changeset="163696889" timestamp="2025-03-16T16:32:32Z" user="uknown-gryphus" uid="2425805" lat="12.9766374" lon="77.6018644"/>
 <node id="7702031457" visible="true" version="3" changeset="127928751" timestamp="2022-10-22T16:01:45Z" user="Vonter" uid="3926189" lat="12.9751536" lon="77.6080782"/>
 <node id="8505642726" visible="true" version="1" changeset="100812230" timestamp="2021-03-11T04:30:11Z" user="nihar1024" uid="10224745" lat="12.9765629" lon="77.6022281"/>
 <node id="8505642728" visible="true" version="1" changeset="100812230" timestamp="2021-03-11T04:30:11Z" user="nihar1024" uid="10224745" lat="12.9762352" lon="77.6036340"/>
 <node id="8505642729" visible="true" version="1" changeset="100812230" timestamp="2021-03-11T04:30:11Z" user="nihar1024" uid="10224745" lat="12.9760796" lon="77.6042861"/>
 <node id="8505642730" visible="true" version="1" changeset="100812230" timestamp="2021-03-11T04:30:11Z" user="nihar1024" uid="10224745" lat="12.9758014" lon="77.6054449"/>
 <node id="9160955555" visible="true" version="5" changeset="155488918" timestamp="2024-08-20T04:13:14Z" user="uknown-gryphus" uid="2425805" lat="12.9746830" lon="77.6093374">
  <tag k="barrier" v="kerb"/>
  <tag k="kerb" v="lowered"/>
 </node>
 <node id="9160955556" visible="true" version="4" changeset="155488918" timestamp="2024-08-20T04:13:14Z" user="uknown-gryphus" uid="2425805" lat="12.9746996" lon="77.6092706"/>
 <node id="9160955557" visible="true" version="3" changeset="177122227" timestamp="2026-01-12T05:30:39Z" user="uknown-gryphus" uid="2425805" lat="12.9749506" lon="77.6080472"/>
 <node id="9230655241" visible="true" version="1" changeset="113454270" timestamp="2021-11-06T16:50:53Z" user="Vonter" uid="3926189" lat="12.9750100" lon="77.6074728">
  <tag k="amenity" v="cafe"/>
  <tag k="name" v="Cafe Azzure"/>
 </node>
 <node id="9536777470" visible="true" version="1" changeset="117873941" timestamp="2022-02-26T09:57:13Z" user="Vonter" uid="3926189" lat="12.9748695" lon="77.6075707">
  <tag k="amenity" v="pub"/>
  <tag k="name" v="SkyDeck"/>
 </node>
 <node id="9583500943" visible="true" version="2" changeset="122467588" timestamp="2022-06-16T14:28:24Z" user="NaanAvanIllai" uid="14062769" lat="12.9747970" lon="77.6077283">
  <tag k="brand" v="Miniso"/>
  <tag k="brand:wikidata" v="Q20732498"/>
  <tag k="name" v="Miniso"/>
  <tag k="shop" v="variety_store"/>
 </node>
 <node id="9835980914" visible="true" version="3" changeset="177122227" timestamp="2026-01-12T05:30:39Z" user="uknown-gryphus" uid="2425805" lat="12.9743709" lon="77.6076793"/>
 <node id="9906325552" visible="true" version="1" changeset="123985966" timestamp="2022-07-23T18:15:45Z" user="Vonter" uid="3926189" lat="12.9829873" lon="77.6022141"/>
 <node id="9906325553" visible="true" version="1" changeset="123985966" timestamp="2022-07-23T18:15:45Z" user="Vonter" uid="3926189" lat="12.9828664" lon="77.6022678"/>
 <node id="9906325554" visible="true" version="1" changeset="123985966" timestamp="2022-07-23T18:15:45Z" user="Vonter" uid="3926189" lat="12.9825660" lon="77.6023934"/>
 <node id="9906325555" visible="true" version="1" changeset="123985966" timestamp="2022-07-23T18:15:45Z" user="Vonter" uid="3926189" lat="12.9822280" lon="77.6025682"/>
 <node id="9906325556" visible="true" version="1" changeset="123985966" timestamp="2022-07-23T18:15:45Z" user="Vonter" uid="3926189" lat="12.9819795" lon="77.6027056"/>
 <node id="9906325557" visible="true" version="1" changeset="123985966" timestamp="2022-07-23T18:15:45Z" user="Vonter" uid="3926189" lat="12.9816872" lon="77.6029035"/>
 <node id="9906325558" visible="true" version="1" changeset="123985966" timestamp="2022-07-23T18:15:45Z" user="Vonter" uid="3926189" lat="12.9814164" lon="77.6030865"/>
 <node id="9906325559" visible="true" version="1" changeset="123985966" timestamp="2022-07-23T18:15:45Z" user="Vonter" uid="3926189" lat="12.9812010" lon="77.6032862"/>
 <node id="9906325560" visible="true" version="1" changeset="123985966" timestamp="2022-07-23T18:15:45Z" user="Vonter" uid="3926189" lat="12.9810737" lon="77.6035123"/>
 <node id="9906325561" visible="true" version="1" changeset="123985966" timestamp="2022-07-23T18:15:45Z" user="Vonter" uid="3926189" lat="12.9809781" lon="77.6038225"/>
 <node id="9906325562" visible="true" version="1" changeset="123985966" timestamp="2022-07-23T18:15:45Z" user="Vonter" uid="3926189" lat="12.9808210" lon="77.6044474"/>
 <node id="9906325563" visible="true" version="1" changeset="123985966" timestamp="2022-07-23T18:15:45Z" user="Vonter" uid="3926189" lat="12.9805655" lon="77.6052555"/>
 <node id="9906325564" visible="true" version="1" changeset="123985966" timestamp="2022-07-23T18:15:45Z" user="Vonter" uid="3926189" lat="12.9799908" lon="77.6069926"/>
 <node id="9906325565" visible="true" version="1" changeset="123985966" timestamp="2022-07-23T18:15:45Z" user="Vonter" uid="3926189" lat="12.9799478" lon="77.6071117"/>
 <node id="9906325566" visible="true" version="1" changeset="123985966" timestamp="2022-07-23T18:15:45Z" user="Vonter" uid="3926189" lat="12.9798532" lon="77.6073284"/>
 <node id="9906325567" visible="true" version="1" changeset="123985966" timestamp="2022-07-23T18:15:45Z" user="Vonter" uid="3926189" lat="12.9797113" lon="77.6075584"/>
 <node id="9906325568" visible="true" version="1" changeset="123985966" timestamp="2022-07-23T18:15:45Z" user="Vonter" uid="3926189" lat="12.9795185" lon="77.6077865"/>
 <node id="9906325569" visible="true" version="1" changeset="123985966" timestamp="2022-07-23T18:15:45Z" user="Vonter" uid="3926189" lat="12.9792587" lon="77.6080628"/>
 <node id="9906325570" visible="true" version="1" changeset="123985966" timestamp="2022-07-23T18:15:45Z" user="Vonter" uid="3926189" lat="12.9789234" lon="77.6083337"/>
 <node id="9906325571" visible="true" version="1" changeset="123985966" timestamp="2022-07-23T18:15:45Z" user="Vonter" uid="3926189" lat="12.9786137" lon="77.6085361"/>
 <node id="9906325572" visible="true" version="1" changeset="123985966" timestamp="2022-07-23T18:15:45Z" user="Vonter" uid="3926189" lat="12.9784185" lon="77.6086491"/>
 <node id="9906325573" visible="true" version="1" changeset="123985966" timestamp="2022-07-23T18:15:45Z" user="Vonter" uid="3926189" lat="12.9782494" lon="77.6087198"/>
 <node id="9906325574" visible="true" version="1" changeset="123985966" timestamp="2022-07-23T18:15:45Z" user="Vonter" uid="3926189" lat="12.9781069" lon="77.6087659"/>
 <node id="9906325575" visible="true" version="1" changeset="123985966" timestamp="2022-07-23T18:15:45Z" user="Vonter" uid="3926189" lat="12.9779530" lon="77.6087885"/>
 <node id="9906325576" visible="true" version="1" changeset="123985966" timestamp="2022-07-23T18:15:45Z" user="Vonter" uid="3926189" lat="12.9777532" lon="77.6087841"/>
 <node id="9906325577" visible="true" version="1" changeset="123985966" timestamp="2022-07-23T18:15:45Z" user="Vonter" uid="3926189" lat="12.9776191" lon="77.6087605"/>
 <node id="9906325578" visible="true" version="1" changeset="123985966" timestamp="2022-07-23T18:15:45Z" user="Vonter" uid="3926189" lat="12.9769734" lon="77.6085778"/>
 <node id="9906325580" visible="true" version="1" changeset="123985966" timestamp="2022-07-23T18:15:45Z" user="Vonter" uid="3926189" lat="12.9744552" lon="77.6076941"/>
 <node id="9906325581" visible="true" version="1" changeset="123985966" timestamp="2022-07-23T18:15:45Z" user="Vonter" uid="3926189" lat="12.9735498" lon="77.6074303"/>
 <node id="9906325582" visible="true" version="1" changeset="123985966" timestamp="2022-07-23T18:15:45Z" user="Vonter" uid="3926189" lat="12.9729776" lon="77.6072645"/>
 <node id="9906325583" visible="true" version="1" changeset="123985966" timestamp="2022-07-23T18:15:45Z" user="Vonter" uid="3926189" lat="12.9711432" lon="77.6068788"/>
 <node id="9906325584" visible="true" version="1" changeset="123985966" timestamp="2022-07-23T18:15:45Z" user="Vonter" uid="3926189" lat="12.9696582" lon="77.6064518"/>
 <node id="9906325585" visible="true" version="1" changeset="123985966" timestamp="2022-07-23T18:15:45Z" user="Vonter" uid="3926189" lat="12.9691995" lon="77.6063005"/>
 <node id="9906325586" visible="true" version="1" changeset="123985966" timestamp="2022-07-23T18:15:45Z" user="Vonter" uid="3926189" lat="12.9690168" lon="77.6063005"/>
 <node id="9906325587" visible="true" version="1" changeset="123985966" timestamp="2022-07-23T18:15:45Z" user="Vonter" uid="3926189" lat="12.9688643" lon="77.6063153"/>
 <node id="9906325588" visible="true" version="1" changeset="123985966" timestamp="2022-07-23T18:15:45Z" user="Vonter" uid="3926189" lat="12.9683202" lon="77.6064458"/>
 <node id="9906325589" visible="true" version="1" changeset="123985966" timestamp="2022-07-23T18:15:45Z" user="Vonter" uid="3926189" lat="12.9678457" lon="77.6066365"/>
 <node id="9906325590" visible="true" version="1" changeset="123985966" timestamp="2022-07-23T18:15:45Z" user="Vonter" uid="3926189" lat="12.9673317" lon="77.6067547"/>
 <node id="9906325591" visible="true" version="1" changeset="123985966" timestamp="2022-07-23T18:15:45Z" user="Vonter" uid="3926189" lat="12.9665963" lon="77.6068708"/>
 <node id="9906325592" visible="true" version="1" changeset="123985966" timestamp="2022-07-23T18:15:45Z" user="Vonter" uid="3926189" lat="12.9661630" lon="77.6068876"/>
 <node id="9906325593" visible="true" version="1" changeset="123985966" timestamp="2022-07-23T18:15:45Z" user="Vonter" uid="3926189" lat="12.9650194" lon="77.6069236"/>
 <node id="9906325594" visible="true" version="1" changeset="123985966" timestamp="2022-07-23T18:15:45Z" user="Vonter" uid="3926189" lat="12.9644419" lon="77.6068983"/>
 <node id="9906325595" visible="true" version="1" changeset="123985966" timestamp="2022-07-23T18:15:45Z" user="Vonter" uid="3926189" lat="12.9640816" lon="77.6068396"/>
 <node id="9906325596" visible="true" version="1" changeset="123985966" timestamp="2022-07-23T18:15:45Z" user="Vonter" uid="3926189" lat="12.9633597" lon="77.6068115"/>
 <node id="9906325597" visible="true" version="1" changeset="123985966" timestamp="2022-07-23T18:15:45Z" user="Vonter" uid="3926189" lat="12.9625862" lon="77.6067570"/>
 <node id="9906325598" visible="true" version="1" changeset="123985966" timestamp="2022-07-23T18:15:45Z" user="Vonter" uid="3926189" lat="12.9624215" lon="77.6067487"/>
 <node id="9906325599" visible="true" version="1" changeset="123985966" timestamp="2022-07-23T18:15:45Z" user="Vonter" uid="3926189" lat="12.9615227" lon="77.6066560"/>
 <node id="9906325600" visible="true" version="1" changeset="123985966" timestamp="2022-07-23T18:15:45Z" user="Vonter" uid="3926189" lat="12.9608353" lon="77.6065342"/>
 <node id="9906325601" visible="true" version="1" changeset="123985966" timestamp="2022-07-23T18:15:45Z" user="Vonter" uid="3926189" lat="12.9594792" lon="77.6063292"/>
 <node id="9906325602" visible="true" version="1" changeset="123985966" timestamp="2022-07-23T18:15:45Z" user="Vonter" uid="3926189" lat="12.9587449" lon="77.6061860"/>
 <node id="9906325603" visible="true" version="1" changeset="123985966" timestamp="2022-07-23T18:15:45Z" user="Vonter" uid="3926189" lat="12.9581236" lon="77.6060875"/>
 <node id="9906325604" visible="true" version="1" changeset="123985966" timestamp="2022-07-23T18:15:45Z" user="Vonter" uid="3926189" lat="12.9577788" lon="77.6060644"/>
 <node id="9906325605" visible="true" version="1" changeset="123985966" timestamp="2022-07-23T18:15:45Z" user="Vonter" uid="3926189" lat="12.9570548" lon="77.6059760"/>
 <node id="9906325606" visible="true" version="1" changeset="123985966" timestamp="2022-07-23T18:15:45Z" user="Vonter" uid="3926189" lat="12.9551145" lon="77.6056643"/>
 <node id="9906325607" visible="true" version="1" changeset="123985966" timestamp="2022-07-23T18:15:45Z" user="Vonter" uid="3926189" lat="12.9542799" lon="77.6055668"/>
 <node id="9906325608" visible="true" version="1" changeset="123985966" timestamp="2022-07-23T18:15:45Z" user="Vonter" uid="3926189" lat="12.9539387" lon="77.6055151"/>
 <node id="9906325609" visible="true" version="1" changeset="123985966" timestamp="2022-07-23T18:15:45Z" user="Vonter" uid="3926189" lat="12.9537360" lon="77.6054421"/>
 <node id="9906325610" visible="true" version="1" changeset="123985966" timestamp="2022-07-23T18:15:45Z" user="Vonter" uid="3926189" lat="12.9535540" lon="77.6053063"/>
 <node id="9906325611" visible="true" version="1" changeset="123985966" timestamp="2022-07-23T18:15:45Z" user="Vonter" uid="3926189" lat="12.9527805" lon="77.6047003"/>
 <node id="9906325612" visible="true" version="1" changeset="123985966" timestamp="2022-07-23T18:15:45Z" user="Vonter" uid="3926189" lat="12.9521374" lon="77.6042216"/>
 <node id="9906325613" visible="true" version="1" changeset="123985966" timestamp="2022-07-23T18:15:45Z" user="Vonter" uid="3926189" lat="12.9515448" lon="77.6038818"/>
 <node id="9906325614" visible="true" version="1" changeset="123985966" timestamp="2022-07-23T18:15:45Z" user="Vonter" uid="3926189" lat="12.9509864" lon="77.6035280"/>
 <node id="9906325615" visible="true" version="1" changeset="123985966" timestamp="2022-07-23T18:15:45Z" user="Vonter" uid="3926189" lat="12.9498550" lon="77.6031540"/>
 <node id="9906332317" visible="true" version="1" changeset="123985966" timestamp="2022-07-23T18:15:45Z" user="Vonter" uid="3926189" lat="12.9485762" lon="77.6026647"/>
 <node id="9906332318" visible="true" version="1" changeset="123985966" timestamp="2022-07-23T18:15:45Z" user="Vonter" uid="3926189" lat="12.9479070" lon="77.6024388"/>
 <node id="9906332319" visible="true" version="1" changeset="123985966" timestamp="2022-07-23T18:15:45Z" user="Vonter" uid="3926189" lat="12.9474629" lon="77.6023301"/>
 <node id="9906332320" visible="true" version="1" changeset="123985966" timestamp="2022-07-23T18:15:45Z" user="Vonter" uid="3926189" lat="12.9470391" lon="77.6023330"/>
 <node id="9906332321" visible="true" version="1" changeset="123985966" timestamp="2022-07-23T18:15:45Z" user="Vonter" uid="3926189" lat="12.9453104" lon="77.6024766"/>
 <node id="9906332322" visible="true" version="1" changeset="123985966" timestamp="2022-07-23T18:15:45Z" user="Vonter" uid="3926189" lat="12.9451603" lon="77.6024782"/>
 <node id="9906332323" visible="true" version="1" changeset="123985966" timestamp="2022-07-23T18:15:45Z" user="Vonter" uid="3926189" lat="12.9450102" lon="77.6024858"/>
 <node id="9906332324" visible="true" version="1" changeset="123985966" timestamp="2022-07-23T18:15:45Z" user="Vonter" uid="3926189" lat="12.9447989" lon="77.6025189"/>
 <node id="9906332325" visible="true" version="1" changeset="123985966" timestamp="2022-07-23T18:15:45Z" user="Vonter" uid="3926189" lat="12.9443149" lon="77.6025949"/>
 <node id="9906332326" visible="true" version="1" changeset="123985966" timestamp="2022-07-23T18:15:45Z" user="Vonter" uid="3926189" lat="12.9438099" lon="77.6026666"/>
 <node id="9906332327" visible="true" version="1" changeset="123985966" timestamp="2022-07-23T18:15:45Z" user="Vonter" uid="3926189" lat="12.9433857" lon="77.6026924"/>
 <node id="9906332328" visible="true" version="1" changeset="123985966" timestamp="2022-07-23T18:15:45Z" user="Vonter" uid="3926189" lat="12.9428495" lon="77.6026566"/>
 <node id="9906332329" visible="true" version="1" changeset="123985966" timestamp="2022-07-23T18:15:45Z" user="Vonter" uid="3926189" lat="12.9423993" lon="77.6025899"/>
 <node id="9906332330" visible="true" version="1" changeset="123985966" timestamp="2022-07-23T18:15:45Z" user="Vonter" uid="3926189" lat="12.9420766" lon="77.6025540"/>
 <node id="9906332332" visible="true" version="1" changeset="123985966" timestamp="2022-07-23T18:15:45Z" user="Vonter" uid="3926189" lat="12.9405530" lon="77.6022980"/>
 <node id="9906332333" visible="true" version="1" changeset="123985966" timestamp="2022-07-23T18:15:45Z" user="Vonter" uid="3926189" lat="12.9400229" lon="77.6021920"/>
 <node id="9906332334" visible="true" version="1" changeset="123985966" timestamp="2022-07-23T18:15:45Z" user="Vonter" uid="3926189" lat="12.9378871" lon="77.6017706"/>
 <node id="9906332335" visible="true" version="1" changeset="123985966" timestamp="2022-07-23T18:15:45Z" user="Vonter" uid="3926189" lat="12.9368317" lon="77.6015005"/>
 <node id="9906332336" visible="true" version="2" changeset="138446516" timestamp="2023-07-13T05:19:45Z" user="Vonter" uid="3926189" lat="12.9362193" lon="77.6014343"/>
 <node id="9906332375" visible="true" version="1" changeset="123985966" timestamp="2022-07-23T18:15:45Z" user="Vonter" uid="3926189" lat="12.9833063" lon="77.6021316"/>
 <node id="9968069334" visible="true" version="2" changeset="143016331" timestamp="2023-10-23T12:27:17Z" user="uknown-gryphus" uid="2425805" lat="12.9721439" lon="77.6073237"/>
 <node id="9968069346" visible="true" version="3" changeset="177205425" timestamp="2026-01-14T05:35:05Z" user="uknown-gryphus" uid="2425805" lat="12.9721458" lon="77.6072878"/>
 <node id="9968069347" visible="true" version="1" changeset="125188116" timestamp="2022-08-21T15:23:34Z" user="uknown-gryphus" uid="2425805" lat="12.9721806" lon="77.6072333"/>
 <node id="9968069348" visible="true" version="2" changeset="177205425" timestamp="2026-01-14T05:35:05Z" user="uknown-gryphus" uid="2425805" lat="12.9722148" lon="77.6072054"/>
 <node id="9968069349" visible="true" version="3" changeset="177205425" timestamp="2026-01-14T05:35:05Z" user="uknown-gryphus" uid="2425805" lat="12.9723050" lon="77.6071753"/>
 <node id="9968069350" visible="true" version="4" changeset="177205425" timestamp="2026-01-14T05:35:05Z" user="uknown-gryphus" uid="2425805" lat="12.9727038" lon="77.6072729"/>
 <node id="9968069351" visible="true" version="3" changeset="177403058" timestamp="2026-01-19T03:46:46Z" user="uknown-gryphus" uid="2425805" lat="12.9732166" lon="77.6074453"/>
 <node id="9968069352" visible="true" version="5" changeset="177403058" timestamp="2026-01-19T03:46:46Z" user="uknown-gryphus" uid="2425805" lat="12.9735841" lon="77.6075740"/>
 <node id="9968069353" visible="true" version="3" changeset="177205425" timestamp="2026-01-14T05:35:05Z" user="uknown-gryphus" uid="2425805" lat="12.9743156" lon="77.6078039"/>
 <node id="9968069354" visible="true" version="2" changeset="177122227" timestamp="2026-01-12T05:30:39Z" user="uknown-gryphus" uid="2425805" lat="12.9742772" lon="77.6077937"/>
 <node id="9968069355" visible="true" version="3" changeset="177122227" timestamp="2026-01-12T05:30:39Z" user="uknown-gryphus" uid="2425805" lat="12.9742935" lon="77.6077228">
  <tag k="crossing" v="unmarked"/>
  <tag k="crossing:markings" v="no"/>
  <tag k="highway" v="crossing"/>
 </node>
 <node id="9981998131" visible="true" version="5" changeset="177122227" timestamp="2026-01-12T05:30:39Z" user="uknown-gryphus" uid="2425805" lat="12.9757665" lon="77.6048596"/>
 <node id="9981998132" visible="true" version="3" changeset="177122227" timestamp="2026-01-12T05:30:39Z" user="uknown-gryphus" uid="2425805" lat="12.9758267" lon="77.6048758"/>
 <node id="10005889018" visible="true" version="2" changeset="176769258" timestamp="2026-01-03T04:44:12Z" user="uknown-gryphus" uid="2425805" lat="12.9759093" lon="77.6045392"/>
 <node id="10017310826" visible="true" version="3" changeset="177205425" timestamp="2026-01-14T05:35:05Z" user="uknown-gryphus" uid="2425805" lat="12.9730694" lon="77.6073300"/>
 <node id="10075533187" visible="true" version="4" changeset="177164620" timestamp="2026-01-13T06:19:08Z" user="uknown-gryphus" uid="2425805" lat="12.9771223" lon="77.6087723"/>
 <node id="10075533190" visible="true" version="3" changeset="176189703" timestamp="2025-12-20T17:15:07Z" user="Vonter" uid="3926189" lat="12.9771550" lon="77.6086718"/>
 <node id="10113312450" visible="true" version="1" changeset="127759693" timestamp="2022-10-19T06:20:29Z" user="nileshdhandak" uid="16638013" lat="12.9511939" lon="77.6036572"/>
 <node id="10123614593" visible="true" version="3" changeset="145297756" timestamp="2023-12-19T15:56:08Z" user="uknown-gryphus" uid="2425805" lat="12.9738726" lon="77.6138088"/>
 <node id="10123663837" visible="true" version="4" changeset="177164620" timestamp="2026-01-13T06:19:08Z" user="uknown-gryphus" uid="2425805" lat="12.9770901" lon="77.6086499">
  <tag k="crossing" v="marked"/>
  <tag k="highway" v="crossing"/>
 </node>
 <node id="10123663838" visible="true" version="4" changeset="177164620" timestamp="2026-01-13T06:19:08Z" user="uknown-gryphus" uid="2425805" lat="12.9770548" lon="77.6087550">
  <tag k="crossing" v="marked"/>
  <tag k="highway" v="crossing"/>
 </node>
 <node id="10123752378" visible="true" version="2" changeset="128044281" timestamp="2022-10-25T14:54:25Z" user="SubbuBadrinath" uid="14639229" lat="12.9750849" lon="77.6079337"/>
 <node id="10123752379" visible="true" version="6" changeset="177205425" timestamp="2026-01-14T05:35:05Z" user="uknown-gryphus" uid="2425805" lat="12.9749558" lon="77.6079254">
  <tag k="button_operated" v="no"/>
  <tag k="crossing" v="traffic_signals"/>
  <tag k="crossing:island" v="no"/>
  <tag k="crossing:markings" v="zebra"/>
  <tag k="crossing:signals" v="yes"/>
  <tag k="highway" v="crossing"/>
  <tag k="tactile_paving" v="no"/>
  <tag k="traffic_signals:sound" v="walk"/>
 </node>
 <node id="10123752380" visible="true" version="3" changeset="177122227" timestamp="2026-01-12T05:30:39Z" user="uknown-gryphus" uid="2425805" lat="12.9751124" lon="77.6078044">
  <tag k="crossing" v="marked"/>
  <tag k="highway" v="crossing"/>
 </node>
 <node id="10713549349" visible="true" version="1" changeset="133348788" timestamp="2023-03-06T05:35:15Z" user="ompatekar" uid="16275581" lat="12.9753116" lon="77.6074434"/>
 <node id="10842045333" visible="true" version="4" changeset="177122227" timestamp="2026-01-12T05:30:39Z" user="uknown-gryphus" uid="2425805" lat="12.9757493" lon="77.6048550">
  <tag k="access" v="private"/>
  <tag k="barrier" v="gate"/>
 </node>
 <node id="10887289985" visible="true" version="3" changeset="177205425" timestamp="2026-01-14T05:35:05Z" user="uknown-gryphus" uid="2425805" lat="12.9743671" lon="77.6081144"/>
 <node id="10887289989" visible="true" version="2" changeset="153917305" timestamp="2024-07-14T06:05:41Z" user="Vonter" uid="3926189" lat="12.9742050" lon="77.6089172"/>
 <node id="10887289990" visible="true" version="2" changeset="153917305" timestamp="2024-07-14T06:05:41Z" user="Vonter" uid="3926189" lat="12.9742977" lon="77.6086182"/>
 <node id="10887289991" visible="true" version="2" changeset="153917305" timestamp="2024-07-14T06:05:41Z" user="Vonter" uid="3926189" lat="12.9744049" lon="77.6086329"/>
 <node id="10887289992" visible="true" version="3" changeset="155425673" timestamp="2024-08-18T17:08:10Z" user="Vonter" uid="3926189" lat="12.9745064" lon="77.6081503"/>
 <node id="10989264241" visible="true" version="2" changeset="155488918" timestamp="2024-08-20T04:13:14Z" user="uknown-gryphus" uid="2425805" lat="12.9746768" lon="77.6092664">
  <tag k="access" v="private"/>
  <tag k="barrier" v="gate"/>
 </node>
 <node id="11013767556" visible="true" version="3" changeset="177205425" timestamp="2026-01-14T05:35:05Z" user="uknown-gryphus" uid="2425805" lat="12.9747580" lon="77.6089525"/>
 <node id="11013767557" visible="true" version="2" changeset="163057402" timestamp="2025-02-28T15:30:56Z" user="Vonter" uid="3926189" lat="12.9742556" lon="77.6088831"/>
 <node id="11013767558" visible="true" version="2" changeset="153917305" timestamp="2024-07-14T06:05:41Z" user="Vonter" uid="3926189" lat="12.9741920" lon="77.6093472"/>
 <node id="11043395653" visible="true" version="2" changeset="177933213" timestamp="2026-01-31T16:43:43Z" user="uknown-gryphus" uid="2425805" lat="12.9335607" lon="77.6009900"/>
 <node id="11083563005" visible="true" version="1" changeset="139345329" timestamp="2023-08-02T12:22:29Z" user="ThejeshGN" uid="82685" lat="12.9749944" lon="77.6079794">
  <tag k="camera:type" v="dome"/>
  <tag k="man_made" v="surveillance"/>
  <tag k="surveillance:type" v="camera"/>
  <tag k="survey:date" v="2023-08-02"/>
 </node>
 <node id="11083563006" visible="true" version="1" changeset="139345329" timestamp="2023-08-02T12:22:30Z" user="ThejeshGN" uid="82685" lat="12.9749832" lon="77.6079661">
  <tag k="camera:type" v="panning"/>
  <tag k="man_made" v="surveillance"/>
  <tag k="surveillance:type" v="camera"/>
  <tag k="survey:date" v="2023-08-02"/>
 </node>
 <node id="11168894059" visible="true" version="1" changeset="140833340" timestamp="2023-09-05T06:26:08Z" user="sambreen" uid="19574772" lat="12.9752120" lon="77.6088399">
  <tag k="access" v="private"/>
  <tag k="barrier" v="gate"/>
 </node>
 <node id="11214889010" visible="true" version="1" changeset="141666579" timestamp="2023-09-24T04:32:45Z" user="Vonter" uid="3926189" lat="12.9752851" lon="77.6077960">
  <tag k="camera:direction" v="280"/>
  <tag k="camera:mount" v="pole"/>
  <tag k="camera:type" v="fixed"/>
  <tag k="man_made" v="surveillance"/>
  <tag k="surveillance" v="public"/>
  <tag k="surveillance:type" v="camera"/>
  <tag k="surveillance:zone" v="traffic"/>
 </node>
 <node id="11214889011" visible="true" version="2" changeset="154211083" timestamp="2024-07-21T09:50:19Z" user="NaanAvanIllai" uid="14062769" lat="12.9754896" lon="77.6072093">
  <tag k="amenity" v="atm"/>
  <tag k="brand" v="State Bank of India"/>
  <tag k="brand:wikidata" v="Q1340361"/>
  <tag k="operator" v="State Bank of India"/>
  <tag k="operator:wikidata" v="Q1340361"/>
  <tag k="short_name" v="SBI"/>
 </node>
 <node id="11214889012" visible="true" version="5" changeset="162876555" timestamp="2025-02-24T05:39:33Z" user="Vonter" uid="3926189" lat="12.9754943" lon="77.6071818">
  <tag k="name" v="B: Kamaraj Road Side"/>
  <tag k="operator" v="BMRCL"/>
  <tag k="railway" v="subway_entrance"/>
  <tag k="ref" v="B"/>
  <tag k="wheelchair" v="yes"/>
 </node>
 <node id="11283443565" visible="true" version="2" changeset="177205425" timestamp="2026-01-14T05:35:05Z" user="uknown-gryphus" uid="2425805" lat="12.9721573" lon="77.6072641"/>
 <node id="11283488000" visible="true" version="3" changeset="177205425" timestamp="2026-01-14T05:35:05Z" user="uknown-gryphus" uid="2425805" lat="12.9745376" lon="77.6110531"/>
 <node id="11283488005" visible="true" version="1" changeset="143016331" timestamp="2023-10-23T12:27:17Z" user="uknown-gryphus" uid="2425805" lat="12.9747637" lon="77.6101021"/>
 <node id="11283488006" visible="true" version="1" changeset="143016331" timestamp="2023-10-23T12:27:17Z" user="uknown-gryphus" uid="2425805" lat="12.9749414" lon="77.6094054"/>
 <node id="11283488007" visible="true" version="1" changeset="143016331" timestamp="2023-10-23T12:27:17Z" user="uknown-gryphus" uid="2425805" lat="12.9750590" lon="77.6088864"/>
 <node id="11283488008" visible="true" version="1" changeset="143016331" timestamp="2023-10-23T12:27:17Z" user="uknown-gryphus" uid="2425805" lat="12.9750793" lon="77.6088045"/>
 <node id="11283488009" visible="true" version="3" changeset="177122227" timestamp="2026-01-12T05:30:39Z" user="uknown-gryphus" uid="2425805" lat="12.9752190" lon="77.6082439"/>
 <node id="11283488023" visible="true" version="2" changeset="177122227" timestamp="2026-01-12T05:30:39Z" user="uknown-gryphus" uid="2425805" lat="12.9752844" lon="77.6078496">
  <tag k="barrier" v="kerb"/>
  <tag k="kerb" v="lowered"/>
 </node>
 <node id="11283488024" visible="true" version="2" changeset="177122227" timestamp="2026-01-12T05:30:39Z" user="uknown-gryphus" uid="2425805" lat="12.9750692" lon="77.6077930">
  <tag k="barrier" v="kerb"/>
  <tag k="kerb" v="lowered"/>
 </node>
 <node id="11283488025" visible="true" version="2" changeset="177122227" timestamp="2026-01-12T05:30:39Z" user="uknown-gryphus" uid="2425805" lat="12.9749410" lon="77.6079701">
  <tag k="barrier" v="kerb"/>
  <tag k="kerb" v="lowered"/>
 </node>
 <node id="11283488026" visible="true" version="2" changeset="177122227" timestamp="2026-01-12T05:30:39Z" user="uknown-gryphus" uid="2425805" lat="12.9749680" lon="77.6078862">
  <tag k="barrier" v="kerb"/>
  <tag k="kerb" v="lowered"/>
 </node>
 <node id="11283488149" visible="true" version="3" changeset="177122227" timestamp="2026-01-12T05:30:39Z" user="uknown-gryphus" uid="2425805" lat="12.9758957" lon="77.6043073">
  <tag k="barrier" v="kerb"/>
  <tag k="kerb" v="lowered"/>
 </node>
 <node id="11286429140" visible="true" version="2" changeset="177205425" timestamp="2026-01-14T05:35:05Z" user="uknown-gryphus" uid="2425805" lat="12.9744611" lon="77.6110365">
  <tag k="crossing" v="traffic_signals"/>
  <tag k="crossing:markings" v="zebra"/>
  <tag k="highway" v="crossing"/>
 </node>
 <node id="11286429146" visible="true" version="2" changeset="177205425" timestamp="2026-01-14T05:35:05Z" user="uknown-gryphus" uid="2425805" lat="12.9744925" lon="77.6112649"/>
 <node id="11383482022" visible="true" version="2" changeset="177205425" timestamp="2026-01-14T05:35:05Z" user="uknown-gryphus" uid="2425805" lat="12.9749980" lon="77.6082354"/>
 <node id="11383482023" visible="true" version="1" changeset="144584815" timestamp="2023-11-29T11:49:35Z" user="kunalchhapre" uid="19795114" lat="12.9751131" lon="77.6082541"/>
 <node id="11383482024" visible="true" version="1" changeset="144584815" timestamp="2023-11-29T11:49:35Z" user="kunalchhapre" uid="19795114" lat="12.9752081" lon="77.6074118"/>
 <node id="11391159323" visible="true" version="1" changeset="144711013" timestamp="2023-12-03T05:54:28Z" user="Vonter" uid="3926189" lat="12.9751125" lon="77.6085220">
  <tag k="man_made" v="street_cabinet"/>
  <tag k="utility" v="power"/>
 </node>
 <node id="11464483504" visible="true" version="1" changeset="145644049" timestamp="2023-12-29T03:07:29Z" user="uknown-gryphus" uid="2425805" lat="12.9750569" lon="77.6080419"/>
 <node id="11464483505" visible="true" version="1" changeset="145644049" timestamp="2023-12-29T03:07:29Z" user="uknown-gryphus" uid="2425805" lat="12.9751847" lon="77.6079654"/>
 <node id="11464483506" visible="true" version="2" changeset="177122227" timestamp="2026-01-12T05:30:39Z" user="uknown-gryphus" uid="2425805" lat="12.9749461" lon="77.6081611"/>
 <node id="11464483507" visible="true" version="2" changeset="177122227" timestamp="2026-01-12T05:30:39Z" user="uknown-gryphus" uid="2425805" lat="12.9749653" lon="77.6081653">
  <tag k="barrier" v="kerb"/>
  <tag k="kerb" v="lowered"/>
 </node>
 <node id="11464483508" visible="true" version="1" changeset="145644049" timestamp="2023-12-29T03:07:29Z" user="uknown-gryphus" uid="2425805" lat="12.9752275" lon="77.6077865">
  <tag k="highway" v="traffic_signals"/>
  <tag k="traffic_signals" v="signal"/>
 </node>
 <node id="11464483509" visible="true" version="2" changeset="177122227" timestamp="2026-01-12T05:30:39Z" user="uknown-gryphus" uid="2425805" lat="12.9752010" lon="77.6082382">
  <tag k="barrier" v="kerb"/>
  <tag k="kerb" v="lowered"/>
 </node>
 <node id="11464483510" visible="true" version="3" changeset="177205425" timestamp="2026-01-14T05:35:05Z" user="uknown-gryphus" uid="2425805" lat="12.9750149" lon="77.6081798">
  <tag k="button_operated" v="no"/>
  <tag k="crossing" v="traffic_signals"/>
  <tag k="crossing:island" v="no"/>
  <tag k="crossing:markings" v="zebra"/>
  <tag k="highway" v="crossing"/>
  <tag k="tactile_paving" v="no"/>
  <tag k="traffic_signals:sound" v="walk"/>
  <tag k="traffic_signals:vibration" v="no"/>
 </node>
 <node id="11464483511" visible="true" version="2" changeset="177122227" timestamp="2026-01-12T05:30:39Z" user="uknown-gryphus" uid="2425805" lat="12.9751218" lon="77.6082137">
  <tag k="crossing" v="uncontrolled"/>
  <tag k="highway" v="crossing"/>
 </node>
 <node id="11464483512" visible="true" version="2" changeset="177205425" timestamp="2026-01-14T05:35:05Z" user="uknown-gryphus" uid="2425805" lat="12.9747538" lon="77.6079261"/>
 <node id="11464483514" visible="true" version="2" changeset="177122227" timestamp="2026-01-12T05:30:39Z" user="uknown-gryphus" uid="2425805" lat="12.9736026" lon="77.6075939"/>
 <node id="11473094167" visible="true" version="1" changeset="145736966" timestamp="2023-12-31T15:07:44Z" user="reueld" uid="11621428" lat="12.9758213" lon="77.6085734"/>
 <node id="11473094168" visible="true" version="1" changeset="145736966" timestamp="2023-12-31T15:07:44Z" user="reueld" uid="11621428" lat="12.9753768" lon="77.6084416"/>
 <node id="11473125869" visible="true" version="1" changeset="145736966" timestamp="2023-12-31T15:07:44Z" user="reueld" uid="11621428" lat="12.9752228" lon="77.6089887"/>
 <node id="11473125870" visible="true" version="1" changeset="145736966" timestamp="2023-12-31T15:07:44Z" user="reueld" uid="11621428" lat="12.9756672" lon="77.6091205"/>
 <node id="11476034378" visible="true" version="2" changeset="177205425" timestamp="2026-01-14T05:35:05Z" user="uknown-gryphus" uid="2425805" lat="12.9752211" lon="77.6082285"/>
 <node id="11476034379" visible="true" version="2" changeset="177205425" timestamp="2026-01-14T05:35:05Z" user="uknown-gryphus" uid="2425805" lat="12.9749733" lon="77.6081516"/>
 <node id="11476034380" visible="true" version="2" changeset="177122227" timestamp="2026-01-12T05:30:39Z" user="uknown-gryphus" uid="2425805" lat="12.9750646" lon="77.6078168"/>
 <node id="11476034381" visible="true" version="2" changeset="177122227" timestamp="2026-01-12T05:30:39Z" user="uknown-gryphus" uid="2425805" lat="12.9753146" lon="77.6078787"/>
 <node id="11566356794" visible="true" version="1" changeset="146845410" timestamp="2024-01-30T03:27:49Z" user="Vonter" uid="3926189" lat="12.9774637" lon="77.6074510">
  <tag k="barrier" v="gate"/>
 </node>
 <node id="11594831483" visible="true" version="2" changeset="154629568" timestamp="2024-07-31T03:49:35Z" user="uknown-gryphus" uid="2425805" lat="12.9750035" lon="77.6081816">
  <tag k="camera:direction" v="105"/>
  <tag k="camera:mount" v="gantry"/>
  <tag k="camera:type" v="panning"/>
  <tag k="man_made" v="surveillance"/>
  <tag k="surveillance" v="public"/>
  <tag k="surveillance:type" v="camera"/>
  <tag k="surveillance:zone" v="area"/>
 </node>
 <node id="11594831484" visible="true" version="1" changeset="147176378" timestamp="2024-02-07T13:14:32Z" user="ThejeshGN" uid="82685" lat="12.9750030" lon="77.6082437">
  <tag k="camera:direction" v="103"/>
  <tag k="camera:mount" v="gantry"/>
  <tag k="camera:type" v="panning"/>
  <tag k="man_made" v="surveillance"/>
  <tag k="surveillance" v="public"/>
  <tag k="surveillance:type" v="camera"/>
  <tag k="surveillance:zone" v="area"/>
 </node>
 <node id="11819371691" visible="true" version="2" changeset="176189703" timestamp="2025-12-20T17:15:07Z" user="Vonter" uid="3926189" lat="12.9770193" lon="77.6083470"/>
 <node id="11819371692" visible="true" version="2" changeset="176189703" timestamp="2025-12-20T17:15:07Z" user="Vonter" uid="3926189" lat="12.9771026" lon="77.6080751"/>
 <node id="11819371693" visible="true" version="2" changeset="176189703" timestamp="2025-12-20T17:15:07Z" user="Vonter" uid="3926189" lat="12.9772824" lon="77.6080219"/>
 <node id="11854316019" visible="true" version="2" changeset="177122796" timestamp="2026-01-12T06:00:38Z" user="uknown-gryphus" uid="2425805" lat="12.9744418" lon="77.6111115"/>
 <node id="11854326566" visible="true" version="1" changeset="150579245" timestamp="2024-04-27T13:10:32Z" user="uknown-gryphus" uid="2425805" lat="12.9750421" lon="77.6078043">
  <tag k="man_made" v="air_purifier"/>
 </node>
 <node id="11917941753" visible="true" version="3" changeset="177122227" timestamp="2026-01-12T05:30:39Z" user="uknown-gryphus" uid="2425805" lat="12.9748521" lon="77.6072870"/>
 <node id="11917941754" visible="true" version="3" changeset="160311809" timestamp="2024-12-17T17:16:48Z" user="Vonter" uid="3926189" lat="12.9749298" lon="77.6071546"/>
 <node id="11917941755" visible="true" version="3" changeset="160311809" timestamp="2024-12-17T17:16:48Z" user="Vonter" uid="3926189" lat="12.9749572" lon="77.6070375"/>
 <node id="11917941756" visible="true" version="3" changeset="160311809" timestamp="2024-12-17T17:16:48Z" user="Vonter" uid="3926189" lat="12.9751715" lon="77.6070903"/>
 <node id="11917941757" visible="true" version="3" changeset="160311809" timestamp="2024-12-17T17:16:48Z" user="Vonter" uid="3926189" lat="12.9749748" lon="77.6069621"/>
 <node id="11917941758" visible="true" version="3" changeset="160311809" timestamp="2024-12-17T17:16:48Z" user="Vonter" uid="3926189" lat="12.9751891" lon="77.6070148"/>
 <node id="11917941759" visible="true" version="3" changeset="160311809" timestamp="2024-12-17T17:16:48Z" user="Vonter" uid="3926189" lat="12.9750138" lon="77.6069717"/>
 <node id="11917941760" visible="true" version="3" changeset="160311809" timestamp="2024-12-17T17:16:48Z" user="Vonter" uid="3926189" lat="12.9750308" lon="77.6068988"/>
 <node id="11917941761" visible="true" version="3" changeset="160311809" timestamp="2024-12-17T17:16:48Z" user="Vonter" uid="3926189" lat="12.9752061" lon="77.6069420"/>
 <node id="11962616025" visible="true" version="1" changeset="152371424" timestamp="2024-06-07T11:23:08Z" user="MapTheWalk" uid="10499594" lat="12.9750033" lon="77.6077818">
  <tag k="air_conditioning" v="yes"/>
  <tag k="brand" v="Zodiac"/>
  <tag k="check_date" v="2024-06-06"/>
  <tag k="clothes" v="men"/>
  <tag k="name" v="Zodiac"/>
  <tag k="shop" v="clothes"/>
 </node>
 <node id="11983446048" visible="true" version="2" changeset="161804564" timestamp="2025-01-27T05:56:44Z" user="Vonter" uid="3926189" lat="12.9747968" lon="77.6067042"/>
 <node id="11983446049" visible="true" version="2" changeset="161804564" timestamp="2025-01-27T05:56:44Z" user="Vonter" uid="3926189" lat="12.9752228" lon="77.6068127"/>
 <node id="12042361145" visible="true" version="1" changeset="153718559" timestamp="2024-07-08T19:40:37Z" user="Vonter" uid="3926189" lat="12.9648468" lon="77.5969182"/>
 <node id="12042361146" visible="true" version="1" changeset="153718559" timestamp="2024-07-08T19:40:37Z" user="Vonter" uid="3926189" lat="12.9652113" lon="77.5970400"/>
 <node id="12042361147" visible="true" version="1" changeset="153718559" timestamp="2024-07-08T19:40:37Z" user="Vonter" uid="3926189" lat="12.9676451" lon="77.5999000"/>
 <node id="12042361148" visible="true" version="1" changeset="153718559" timestamp="2024-07-08T19:40:37Z" user="Vonter" uid="3926189" lat="12.9679430" lon="77.6003885"/>
 <node id="12042361149" visible="true" version="1" changeset="153718559" timestamp="2024-07-08T19:40:37Z" user="Vonter" uid="3926189" lat="12.9682104" lon="77.6002498"/>
 <node id="12042361150" visible="true" version="1" changeset="153718559" timestamp="2024-07-08T19:40:37Z" user="Vonter" uid="3926189" lat="12.9706878" lon="77.6008883"/>
 <node id="12042361151" visible="true" version="1" changeset="153718559" timestamp="2024-07-08T19:40:37Z" user="Vonter" uid="3926189" lat="12.9730138" lon="77.6012746"/>
 <node id="12042361152" visible="true" version="1" changeset="153718559" timestamp="2024-07-08T19:40:37Z" user="Vonter" uid="3926189" lat="12.9728550" lon="77.6032601"/>
 <node id="12042361153" visible="true" version="1" changeset="153718559" timestamp="2024-07-08T19:40:37Z" user="Vonter" uid="3926189" lat="12.9722576" lon="77.6042097"/>
 <node id="12042361154" visible="true" version="1" changeset="153718559" timestamp="2024-07-08T19:40:37Z" user="Vonter" uid="3926189" lat="12.9717958" lon="77.6044413"/>
 <node id="12042361155" visible="true" version="1" changeset="153718559" timestamp="2024-07-08T19:40:37Z" user="Vonter" uid="3926189" lat="12.9719065" lon="77.6048430"/>
 <node id="12042361156" visible="true" version="1" changeset="153718559" timestamp="2024-07-08T19:40:37Z" user="Vonter" uid="3926189" lat="12.9721430" lon="77.6053429"/>
 <node id="12042361157" visible="true" version="1" changeset="153718559" timestamp="2024-07-08T19:40:37Z" user="Vonter" uid="3926189" lat="12.9725017" lon="77.6056950"/>
 <node id="12042361158" visible="true" version="1" changeset="153718559" timestamp="2024-07-08T19:40:37Z" user="Vonter" uid="3926189" lat="12.9733689" lon="77.6062453"/>
 <node id="12042361159" visible="true" version="1" changeset="153718559" timestamp="2024-07-08T19:40:37Z" user="Vonter" uid="3926189" lat="12.9738116" lon="77.6064310"/>
 <node id="12042361160" visible="true" version="1" changeset="153718559" timestamp="2024-07-08T19:40:37Z" user="Vonter" uid="3926189" lat="12.9735741" lon="77.6075145"/>
 <node id="12042361161" visible="true" version="1" changeset="153718559" timestamp="2024-07-08T19:40:37Z" user="Vonter" uid="3926189" lat="12.9751027" lon="77.6080083"/>
 <node id="12042361162" visible="true" version="1" changeset="153718559" timestamp="2024-07-08T19:40:37Z" user="Vonter" uid="3926189" lat="12.9739190" lon="77.6129683"/>
 <node id="12042361261" visible="true" version="1" changeset="153718559" timestamp="2024-07-08T19:40:37Z" user="Vonter" uid="3926189" lat="12.9737139" lon="77.6138465"/>
 <node id="12051454913" visible="true" version="2" changeset="177122227" timestamp="2026-01-12T05:30:39Z" user="uknown-gryphus" uid="2425805" lat="12.9742552" lon="77.6077113">
  <tag k="maxspeed" v="30"/>
  <tag k="traffic_sign" v="maxspeed"/>
  <tag k="traffic_sign:direction" v="forward"/>
 </node>
 <node id="12067499931" visible="true" version="1" changeset="154245338" timestamp="2024-07-22T05:50:35Z" user="uknown-gryphus" uid="2425805" lat="12.9757689" lon="77.6086849"/>
 <node id="12067499932" visible="true" version="1" changeset="154245338" timestamp="2024-07-22T05:50:35Z" user="uknown-gryphus" uid="2425805" lat="12.9753682" lon="77.6085571"/>
 <node id="12067499933" visible="true" version="1" changeset="154245338" timestamp="2024-07-22T05:50:35Z" user="uknown-gryphus" uid="2425805" lat="12.9757241" lon="77.6088371"/>
 <node id="12067499934" visible="true" version="1" changeset="154245338" timestamp="2024-07-22T05:50:35Z" user="uknown-gryphus" uid="2425805" lat="12.9753302" lon="77.6087089"/>
 <node id="12077213895" visible="true" version="1" changeset="154493651" timestamp="2024-07-27T17:24:19Z" user="Vonter" uid="3926189" lat="12.9755997" lon="77.6054718"/>
 <node id="12077213917" visible="true" version="3" changeset="177205425" timestamp="2026-01-14T05:35:05Z" user="uknown-gryphus" uid="2425805" lat="12.9740513" lon="77.6080533"/>
 <node id="12077999242" visible="true" version="1" changeset="154507384" timestamp="2024-07-28T06:42:15Z" user="Vonter" uid="3926189" lat="12.9749545" lon="77.6075277">
  <tag k="check_date" v="2024-07-28"/>
  <tag k="name" v="Raj Diamonds"/>
  <tag k="shop" v="jewelry"/>
 </node>
 <node id="12077999243" visible="true" version="1" changeset="154507384" timestamp="2024-07-28T06:42:15Z" user="Vonter" uid="3926189" lat="12.9750847" lon="77.6085826">
  <tag k="man_made" v="street_cabinet"/>
  <tag k="operator" v="BESCOM"/>
  <tag k="utility" v="power"/>
 </node>
 <node id="12078191067" visible="true" version="3" changeset="177205425" timestamp="2026-01-14T05:35:05Z" user="uknown-gryphus" uid="2425805" lat="12.9747790" lon="77.6083600"/>
 <node id="12078191068" visible="true" version="3" changeset="177205425" timestamp="2026-01-14T05:35:05Z" user="uknown-gryphus" uid="2425805" lat="12.9747374" lon="77.6085561"/>
 <node id="12078221470" visible="true" version="1" changeset="154514218" timestamp="2024-07-28T10:32:27Z" user="uknown-gryphus" uid="2425805" lat="12.9756358" lon="77.6056816"/>
 <node id="12078498267" visible="true" version="1" changeset="154523131" timestamp="2024-07-28T14:10:29Z" user="Vonter" uid="3926189" lat="12.9750313" lon="77.6088529"/>
 <node id="12078498268" visible="true" version="1" changeset="154523131" timestamp="2024-07-28T14:10:29Z" user="Vonter" uid="3926189" lat="12.9746097" lon="77.6105794"/>
 <node id="12078498369" visible="true" version="1" changeset="154523131" timestamp="2024-07-28T14:10:29Z" user="Vonter" uid="3926189" lat="12.9746328" lon="77.6105853"/>
 <node id="12078498370" visible="true" version="1" changeset="154523131" timestamp="2024-07-28T14:10:29Z" user="Vonter" uid="3926189" lat="12.9750544" lon="77.6088589"/>
 <node id="12084294674" visible="true" version="1" changeset="154629568" timestamp="2024-07-31T03:49:35Z" user="uknown-gryphus" uid="2425805" lat="12.9749885" lon="77.6081765">
  <tag k="camera:direction" v="285"/>
  <tag k="camera:mount" v="gantry"/>
  <tag k="camera:type" v="panning"/>
  <tag k="man_made" v="surveillance"/>
  <tag k="surveillance" v="public"/>
  <tag k="surveillance:type" v="camera"/>
  <tag k="surveillance:zone" v="area"/>
 </node>
 <node id="12084294675" visible="true" version="1" changeset="154629568" timestamp="2024-07-31T03:49:35Z" user="uknown-gryphus" uid="2425805" lat="12.9750636" lon="77.6082145"/>
 <node id="12084294676" visible="true" version="1" changeset="154629568" timestamp="2024-07-31T03:49:35Z" user="uknown-gryphus" uid="2425805" lat="12.9750533" lon="77.6082523"/>
 <node id="12084294677" visible="true" version="1" changeset="154629568" timestamp="2024-07-31T03:49:35Z" user="uknown-gryphus" uid="2425805" lat="12.9752770" lon="77.6083162"/>
 <node id="12084294678" visible="true" version="1" changeset="154629568" timestamp="2024-07-31T03:49:35Z" user="uknown-gryphus" uid="2425805" lat="12.9752873" lon="77.6082784"/>
 <node id="12084294679" visible="true" version="1" changeset="154629568" timestamp="2024-07-31T03:49:35Z" user="uknown-gryphus" uid="2425805" lat="12.9752318" lon="77.6085409"/>
 <node id="12084294680" visible="true" version="1" changeset="154629568" timestamp="2024-07-31T03:49:35Z" user="uknown-gryphus" uid="2425805" lat="12.9752191" lon="77.6085806"/>
 <node id="12084294681" visible="true" version="1" changeset="154629568" timestamp="2024-07-31T03:49:35Z" user="uknown-gryphus" uid="2425805" lat="12.9749918" lon="77.6085038"/>
 <node id="12084294682" visible="true" version="1" changeset="154629568" timestamp="2024-07-31T03:49:35Z" user="uknown-gryphus" uid="2425805" lat="12.9750046" lon="77.6084641"/>
 <node id="12084294683" visible="true" version="2" changeset="177164620" timestamp="2026-01-13T06:19:08Z" user="uknown-gryphus" uid="2425805" lat="12.9752782" lon="77.6079927">
  <tag k="crossing" v="traffic_signals"/>
  <tag k="crossing:markings" v="no"/>
  <tag k="highway" v="crossing"/>
 </node>
 <node id="12084294684" visible="true" version="1" changeset="154629568" timestamp="2024-07-31T03:49:35Z" user="uknown-gryphus" uid="2425805" lat="12.9753055" lon="77.6078744">
  <tag k="barrier" v="kerb"/>
 </node>
 <node id="12084294685" visible="true" version="1" changeset="154629568" timestamp="2024-07-31T03:49:35Z" user="uknown-gryphus" uid="2425805" lat="12.9752268" lon="77.6082148">
  <tag k="barrier" v="kerb"/>
 </node>
 <node id="12084294686" visible="true" version="1" changeset="154629568" timestamp="2024-07-31T03:49:35Z" user="uknown-gryphus" uid="2425805" lat="12.9751689" lon="77.6087934"/>
 <node id="12084294687" visible="true" version="1" changeset="154629568" timestamp="2024-07-31T03:49:35Z" user="uknown-gryphus" uid="2425805" lat="12.9751609" lon="77.6088196"/>
 <node id="12084294688" visible="true" version="1" changeset="154629568" timestamp="2024-07-31T03:49:35Z" user="uknown-gryphus" uid="2425805" lat="12.9749464" lon="77.6087510"/>
 <node id="12084294689" visible="true" version="1" changeset="154629568" timestamp="2024-07-31T03:49:35Z" user="uknown-gryphus" uid="2425805" lat="12.9749544" lon="77.6087247"/>
 <node id="12087194115" visible="true" version="2" changeset="177205425" timestamp="2026-01-14T05:35:05Z" user="uknown-gryphus" uid="2425805" lat="12.9723853" lon="77.6071809"/>
 <node id="12094539838" visible="true" version="2" changeset="155442775" timestamp="2024-08-19T05:40:28Z" user="Vonter" uid="3926189" lat="12.9747473" lon="77.6077169">
  <tag k="check_date" v="2024-08-19"/>
  <tag k="name" v="Bonkers Corner"/>
  <tag k="shop" v="clothes"/>
  <tag k="website" v="https://www.bonkerscorner.com/"/>
 </node>
 <node id="12118723090" visible="true" version="1" changeset="155425673" timestamp="2024-08-18T17:08:10Z" user="Vonter" uid="3926189" lat="12.9748068" lon="77.6083472">
  <tag k="shop" v="electronics"/>
 </node>
 <node id="12119471433" visible="true" version="1" changeset="155440576" timestamp="2024-08-19T03:12:00Z" user="uknown-gryphus" uid="2425805" lat="12.9756603" lon="77.6062406"/>
 <node id="12119471434" visible="true" version="1" changeset="155440576" timestamp="2024-08-19T03:12:00Z" user="uknown-gryphus" uid="2425805" lat="12.9755151" lon="77.6068413"/>
 <node id="12119471435" visible="true" version="1" changeset="155440576" timestamp="2024-08-19T03:12:00Z" user="uknown-gryphus" uid="2425805" lat="12.9754734" lon="77.6071766"/>
 <node id="12119471440" visible="true" version="1" changeset="155440576" timestamp="2024-08-19T03:12:00Z" user="uknown-gryphus" uid="2425805" lat="12.9757102" lon="77.6062238">
  <tag k="barrier" v="gate"/>
  <tag k="locked" v="no"/>
  <tag k="wheelchair" v="yes"/>
 </node>
 <node id="12119471473" visible="true" version="1" changeset="155440576" timestamp="2024-08-19T03:12:00Z" user="uknown-gryphus" uid="2425805" lat="12.9755530" lon="77.6066844"/>
 <node id="12121491017" visible="true" version="3" changeset="177205425" timestamp="2026-01-14T05:35:05Z" user="uknown-gryphus" uid="2425805" lat="12.9748925" lon="77.6087273"/>
 <node id="12121491018" visible="true" version="3" changeset="177205425" timestamp="2026-01-14T05:35:05Z" user="uknown-gryphus" uid="2425805" lat="12.9748325" lon="77.6087154">
  <tag k="barrier" v="kerb"/>
  <tag k="kerb" v="lowered"/>
 </node>
 <node id="12121491019" visible="true" version="3" changeset="177205425" timestamp="2026-01-14T05:35:05Z" user="uknown-gryphus" uid="2425805" lat="12.9748205" lon="77.6087130"/>
 <node id="12121491020" visible="true" version="3" changeset="177205425" timestamp="2026-01-14T05:35:05Z" user="uknown-gryphus" uid="2425805" lat="12.9744363" lon="77.6086441"/>
 <node id="12121491021" visible="true" version="2" changeset="177122227" timestamp="2026-01-12T05:30:39Z" user="uknown-gryphus" uid="2425805" lat="12.9749691" lon="77.6080377"/>
 <node id="12121491022" visible="true" version="2" changeset="177122227" timestamp="2026-01-12T05:30:39Z" user="uknown-gryphus" uid="2425805" lat="12.9749719" lon="77.6081125"/>
 <node id="12121491023" visible="true" version="2" changeset="177205425" timestamp="2026-01-14T05:35:05Z" user="uknown-gryphus" uid="2425805" lat="12.9747098" lon="77.6092730">
  <tag k="barrier" v="kerb"/>
  <tag k="kerb" v="rolled"/>
 </node>
 <node id="12121491024" visible="true" version="2" changeset="177205425" timestamp="2026-01-14T05:35:05Z" user="uknown-gryphus" uid="2425805" lat="12.9746975" lon="77.6093280"/>
 <node id="12121491027" visible="true" version="3" changeset="177205425" timestamp="2026-01-14T05:35:05Z" user="uknown-gryphus" uid="2425805" lat="12.9747990" lon="77.6087088">
  <tag k="barrier" v="gate"/>
 </node>
 <node id="12146187992" visible="true" version="2" changeset="177122227" timestamp="2026-01-12T05:30:39Z" user="uknown-gryphus" uid="2425805" lat="12.9748734" lon="77.6072928"/>
 <node id="12146187993" visible="true" version="2" changeset="177122227" timestamp="2026-01-12T05:30:39Z" user="uknown-gryphus" uid="2425805" lat="12.9751272" lon="77.6073621"/>
 <node id="12146187994" visible="true" version="2" changeset="161247834" timestamp="2025-01-11T17:28:34Z" user="Vonter" uid="3926189" lat="12.9745439" lon="77.6068128"/>
 <node id="12146209002" visible="true" version="1" changeset="155974689" timestamp="2024-08-30T13:34:07Z" user="olasakeeb" uid="19294194" lat="12.9752196" lon="77.6073644"/>
 <node id="12146209008" visible="true" version="3" changeset="161247834" timestamp="2025-01-11T17:28:34Z" user="Vonter" uid="3926189" lat="12.9745774" lon="77.6068214"/>
 <node id="12146209009" visible="true" version="4" changeset="161804564" timestamp="2025-01-27T05:56:44Z" user="Vonter" uid="3926189" lat="12.9745878" lon="77.6068241">
  <tag k="access" v="private"/>
  <tag k="barrier" v="gate"/>
 </node>
 <node id="12161265034" visible="true" version="2" changeset="161247834" timestamp="2025-01-11T17:28:34Z" user="Vonter" uid="3926189" lat="12.9748492" lon="77.6089189"/>
 <node id="12161265035" visible="true" version="2" changeset="161247834" timestamp="2025-01-11T17:28:34Z" user="Vonter" uid="3926189" lat="12.9744135" lon="77.6088673"/>
 <node id="12161265036" visible="true" version="2" changeset="161247834" timestamp="2025-01-11T17:28:34Z" user="Vonter" uid="3926189" lat="12.9747820" lon="77.6089109"/>
 <node id="12161265037" visible="true" version="3" changeset="177205425" timestamp="2026-01-14T05:35:05Z" user="uknown-gryphus" uid="2425805" lat="12.9747653" lon="77.6089087">
  <tag k="access" v="private"/>
  <tag k="barrier" v="gate"/>
 </node>
 <node id="12270307286" visible="true" version="1" changeset="158113377" timestamp="2024-10-20T04:27:42Z" user="Vonter" uid="3926189" lat="12.9747600" lon="77.6086768"/>
 <node id="12270307287" visible="true" version="1" changeset="158113377" timestamp="2024-10-20T04:27:42Z" user="Vonter" uid="3926189" lat="12.9744481" lon="77.6086114"/>
 <node id="12270307288" visible="true" version="1" changeset="158113377" timestamp="2024-10-20T04:27:42Z" user="Vonter" uid="3926189" lat="12.9744668" lon="77.6085173"/>
 <node id="12270307289" visible="true" version="1" changeset="158113377" timestamp="2024-10-20T04:27:42Z" user="Vonter" uid="3926189" lat="12.9747787" lon="77.6085826"/>
 <node id="12425958281" visible="true" version="1" changeset="160311809" timestamp="2024-12-17T17:16:48Z" user="Vonter" uid="3926189" lat="12.9751574" lon="77.6073658"/>
 <node id="12425958282" visible="true" version="1" changeset="160311809" timestamp="2024-12-17T17:16:48Z" user="Vonter" uid="3926189" lat="12.9748525" lon="77.6072811"/>
 <node id="12425958283" visible="true" version="2" changeset="161247834" timestamp="2025-01-11T17:28:34Z" user="Vonter" uid="3926189" lat="12.9749454" lon="77.6069149"/>
 <node id="12492698178" visible="true" version="1" changeset="161247834" timestamp="2025-01-11T17:28:34Z" user="Vonter" uid="3926189" lat="12.9751387" lon="77.6074930">
  <tag k="flag:type" v="regional"/>
  <tag k="man_made" v="flagpole"/>
 </node>
 <node id="12535626938" visible="true" version="1" changeset="161804564" timestamp="2025-01-27T05:56:44Z" user="Vonter" uid="3926189" lat="12.9754204" lon="77.6074036"/>
 <node id="12535626939" visible="true" version="1" changeset="161804564" timestamp="2025-01-27T05:56:44Z" user="Vonter" uid="3926189" lat="12.9754639" lon="77.6074148"/>
 <node id="12535626940" visible="true" version="1" changeset="161804564" timestamp="2025-01-27T05:56:44Z" user="Vonter" uid="3926189" lat="12.9757562" lon="77.6062245"/>
 <node id="12535626941" visible="true" version="1" changeset="161804564" timestamp="2025-01-27T05:56:44Z" user="Vonter" uid="3926189" lat="12.9757127" lon="77.6062132"/>
 <node id="12535626942" visible="true" version="1" changeset="161804564" timestamp="2025-01-27T05:56:44Z" user="Vonter" uid="3926189" lat="12.9756364" lon="77.6061933"/>
 <node id="12535626943" visible="true" version="1" changeset="161804564" timestamp="2025-01-27T05:56:44Z" user="Vonter" uid="3926189" lat="12.9753441" lon="77.6073836"/>
 <node id="12535626944" visible="true" version="1" changeset="161804564" timestamp="2025-01-27T05:56:44Z" user="Vonter" uid="3926189" lat="12.9753005" lon="77.6073724"/>
 <node id="12535626945" visible="true" version="1" changeset="161804564" timestamp="2025-01-27T05:56:44Z" user="Vonter" uid="3926189" lat="12.9755929" lon="77.6061820"/>
 <node id="12614947465" visible="true" version="1" changeset="162876555" timestamp="2025-02-24T05:39:33Z" user="Vonter" uid="3926189" lat="12.9755083" lon="77.6070699"/>
 <node id="12614947466" visible="true" version="1" changeset="162876555" timestamp="2025-02-24T05:39:33Z" user="Vonter" uid="3926189" lat="12.9755575" lon="77.6068712"/>
 <node id="12614947467" visible="true" version="1" changeset="162876555" timestamp="2025-02-24T05:39:33Z" user="Vonter" uid="3926189" lat="12.9754649" lon="77.6070588"/>
 <node id="12614947468" visible="true" version="1" changeset="162876555" timestamp="2025-02-24T05:39:33Z" user="Vonter" uid="3926189" lat="12.9755133" lon="77.6068598"/>
 <node id="12614947476" visible="true" version="1" changeset="162876555" timestamp="2025-02-24T05:39:33Z" user="Vonter" uid="3926189" lat="12.9754768" lon="77.6074275"/>
 <node id="12614947477" visible="true" version="1" changeset="162876555" timestamp="2025-02-24T05:39:33Z" user="Vonter" uid="3926189" lat="12.9755256" lon="77.6072268"/>
 <node id="12614947478" visible="true" version="1" changeset="162876555" timestamp="2025-02-24T05:39:33Z" user="Vonter" uid="3926189" lat="12.9755401" lon="77.6071671"/>
 <node id="12614947479" visible="true" version="1" changeset="162876555" timestamp="2025-02-24T05:39:33Z" user="Vonter" uid="3926189" lat="12.9755884" lon="77.6069685"/>
 <node id="12614947486" visible="true" version="1" changeset="162876555" timestamp="2025-02-24T05:39:33Z" user="Vonter" uid="3926189" lat="12.9756320" lon="77.6069796"/>
 <node id="12614947487" visible="true" version="1" changeset="162876555" timestamp="2025-02-24T05:39:33Z" user="Vonter" uid="3926189" lat="12.9755837" lon="77.6071783"/>
 <node id="12614947488" visible="true" version="1" changeset="162876555" timestamp="2025-02-24T05:39:33Z" user="Vonter" uid="3926189" lat="12.9755692" lon="77.6072379"/>
 <node id="12614947489" visible="true" version="1" changeset="162876555" timestamp="2025-02-24T05:39:33Z" user="Vonter" uid="3926189" lat="12.9755203" lon="77.6074386"/>
 <node id="12625806963" visible="true" version="1" changeset="163057402" timestamp="2025-02-28T15:30:56Z" user="Vonter" uid="3926189" lat="12.9742063" lon="77.6088756"/>
 <node id="12679813751" visible="true" version="1" changeset="163808934" timestamp="2025-03-19T09:48:14Z" user="kunalchhapre" uid="19795114" lat="12.9741016" lon="77.6128509">
  <tag k="highway" v="crossing"/>
 </node>
 <node id="12981639465" visible="true" version="1" changeset="168547144" timestamp="2025-07-06T06:11:30Z" user="Vonter" uid="3926189" lat="12.9751152" lon="77.6071543">
  <tag k="amenity" v="bar"/>
  <tag k="name" v="Templar"/>
 </node>
 <node id="12981639466" visible="true" version="3" changeset="177164620" timestamp="2026-01-13T06:19:08Z" user="uknown-gryphus" uid="2425805" lat="12.9771127" lon="77.6085827"/>
 <node id="12981639467" visible="true" version="2" changeset="176189703" timestamp="2025-12-20T17:15:07Z" user="Vonter" uid="3926189" lat="12.9770941" lon="77.6085858"/>
 <node id="12981639468" visible="true" version="2" changeset="177122227" timestamp="2026-01-12T05:30:39Z" user="uknown-gryphus" uid="2425805" lat="12.9753322" lon="77.6078625"/>
 <node id="12981639469" visible="true" version="2" changeset="176189703" timestamp="2025-12-20T17:15:07Z" user="Vonter" uid="3926189" lat="12.9753189" lon="77.6079307"/>
 <node id="12981639483" visible="true" version="1" changeset="168547144" timestamp="2025-07-06T06:11:30Z" user="Vonter" uid="3926189" lat="12.9754314" lon="77.6083006">
  <tag k="construction:railway" v="subway_entrance"/>
 </node>
 <node id="12981639489" visible="true" version="1" changeset="168547144" timestamp="2025-07-06T06:11:30Z" user="Vonter" uid="3926189" lat="12.9758619" lon="77.6084651"/>
 <node id="12981639490" visible="true" version="1" changeset="168547144" timestamp="2025-07-06T06:11:30Z" user="Vonter" uid="3926189" lat="12.9758309" lon="77.6085705"/>
 <node id="12981639491" visible="true" version="1" changeset="168547144" timestamp="2025-07-06T06:11:30Z" user="Vonter" uid="3926189" lat="12.9753460" lon="77.6084203"/>
 <node id="12981639492" visible="true" version="1" changeset="168547144" timestamp="2025-07-06T06:11:30Z" user="Vonter" uid="3926189" lat="12.9753790" lon="77.6083082"/>
 <node id="12981639493" visible="true" version="1" changeset="168547144" timestamp="2025-07-06T06:11:30Z" user="Vonter" uid="3926189" lat="12.9754088" lon="77.6082932"/>
 <node id="12981639494" visible="true" version="1" changeset="168547144" timestamp="2025-07-06T06:11:30Z" user="Vonter" uid="3926189" lat="12.9756852" lon="77.6083844"/>
 <node id="12981639495" visible="true" version="1" changeset="168547144" timestamp="2025-07-06T06:11:30Z" user="Vonter" uid="3926189" lat="12.9756458" lon="77.6085102"/>
 <node id="12981639496" visible="true" version="1" changeset="168547144" timestamp="2025-07-06T06:11:30Z" user="Vonter" uid="3926189" lat="12.9753694" lon="77.6084190"/>
 <node id="13088766703" visible="true" version="1" changeset="170817399" timestamp="2025-08-22T08:35:27Z" user="uknown-gryphus" uid="2425805" lat="12.9372509" lon="77.6016078"/>
 <node id="13391153065" visible="true" version="1" changeset="176189703" timestamp="2025-12-20T17:15:07Z" user="Vonter" uid="3926189" lat="12.9771370" lon="77.6080862"/>
 <node id="13391153066" visible="true" version="1" changeset="176189703" timestamp="2025-12-20T17:15:07Z" user="Vonter" uid="3926189" lat="12.9771679" lon="77.6079850"/>
 <node id="13391153087" visible="true" version="1" changeset="176189703" timestamp="2025-12-20T17:15:07Z" user="Vonter" uid="3926189" lat="12.9767749" lon="77.6085558"/>
 <node id="13391153088" visible="true" version="1" changeset="176189703" timestamp="2025-12-20T17:15:07Z" user="Vonter" uid="3926189" lat="12.9755205" lon="77.6079114"/>
 <node id="13391153089" visible="true" version="1" changeset="176189703" timestamp="2025-12-20T17:15:07Z" user="Vonter" uid="3926189" lat="12.9754026" lon="77.6078746"/>
 <node id="13391153090" visible="true" version="1" changeset="176189703" timestamp="2025-12-20T17:15:07Z" user="Vonter" uid="3926189" lat="12.9753916" lon="77.6079118"/>
 <node id="13391153091" visible="true" version="1" changeset="176189703" timestamp="2025-12-20T17:15:07Z" user="Vonter" uid="3926189" lat="12.9755095" lon="77.6079486"/>
 <node id="13391153092" visible="true" version="1" changeset="176189703" timestamp="2025-12-20T17:15:07Z" user="Vonter" uid="3926189" lat="12.9769879" lon="77.6085853"/>
 <node id="13391153093" visible="true" version="1" changeset="176189703" timestamp="2025-12-20T17:15:07Z" user="Vonter" uid="3926189" lat="12.9768736" lon="77.6085484"/>
 <node id="13391153094" visible="true" version="1" changeset="176189703" timestamp="2025-12-20T17:15:07Z" user="Vonter" uid="3926189" lat="12.9767281" lon="77.6084372"/>
 <node id="13391153095" visible="true" version="1" changeset="176189703" timestamp="2025-12-20T17:15:07Z" user="Vonter" uid="3926189" lat="12.9762489" lon="77.6082680"/>
 <node id="13391153096" visible="true" version="1" changeset="176189703" timestamp="2025-12-20T17:15:07Z" user="Vonter" uid="3926189" lat="12.9757450" lon="77.6080814"/>
 <node id="13391153097" visible="true" version="1" changeset="176189703" timestamp="2025-12-20T17:15:07Z" user="Vonter" uid="3926189" lat="12.9769821" lon="77.6086376"/>
 <node id="13391153098" visible="true" version="1" changeset="176189703" timestamp="2025-12-20T17:15:07Z" user="Vonter" uid="3926189" lat="12.9768546" lon="77.6085980"/>
 <node id="13391153099" visible="true" version="1" changeset="176189703" timestamp="2025-12-20T17:15:07Z" user="Vonter" uid="3926189" lat="12.9767046" lon="77.6084952"/>
 <node id="13449397261" visible="true" version="1" changeset="177122227" timestamp="2026-01-12T05:30:39Z" user="uknown-gryphus" uid="2425805" lat="12.9747739" lon="77.6075447"/>
 <node id="13449397262" visible="true" version="1" changeset="177122227" timestamp="2026-01-12T05:30:39Z" user="uknown-gryphus" uid="2425805" lat="12.9747854" lon="77.6074984"/>
 <node id="13449397263" visible="true" version="1" changeset="177122227" timestamp="2026-01-12T05:30:39Z" user="uknown-gryphus" uid="2425805" lat="12.9747981" lon="77.6075510"/>
 <node id="13449397264" visible="true" version="1" changeset="177122227" timestamp="2026-01-12T05:30:39Z" user="uknown-gryphus" uid="2425805" lat="12.9748097" lon="77.6075046"/>
 <node id="13449397265" visible="true" version="1" changeset="177122227" timestamp="2026-01-12T05:30:39Z" user="uknown-gryphus" uid="2425805" lat="12.9749960" lon="77.6075795"/>
 <node id="13449397266" visible="true" version="1" changeset="177122227" timestamp="2026-01-12T05:30:39Z" user="uknown-gryphus" uid="2425805" lat="12.9751058" lon="77.6074446"/>
 <node id="13449397267" visible="true" version="1" changeset="177122227" timestamp="2026-01-12T05:30:39Z" user="uknown-gryphus" uid="2425805" lat="12.9749262" lon="77.6076945"/>
 <node id="13449397268" visible="true" version="1" changeset="177122227" timestamp="2026-01-12T05:30:39Z" user="uknown-gryphus" uid="2425805" lat="12.9749288" lon="77.6076840"/>
 <node id="13449397269" visible="true" version="1" changeset="177122227" timestamp="2026-01-12T05:30:39Z" user="uknown-gryphus" uid="2425805" lat="12.9750513" lon="77.6075936"/>
 <node id="13449397272" visible="true" version="2" changeset="177205425" timestamp="2026-01-14T05:35:05Z" user="uknown-gryphus" uid="2425805" lat="12.9747035" lon="77.6079097"/>
 <node id="13449397273" visible="true" version="1" changeset="177122227" timestamp="2026-01-12T05:30:39Z" user="uknown-gryphus" uid="2425805" lat="12.9749290" lon="77.6079985"/>
 <node id="13449397274" visible="true" version="1" changeset="177122227" timestamp="2026-01-12T05:30:39Z" user="uknown-gryphus" uid="2425805" lat="12.9747761" lon="77.6079503"/>
 <node id="13449397275" visible="true" version="1" changeset="177122227" timestamp="2026-01-12T05:30:39Z" user="uknown-gryphus" uid="2425805" lat="12.9749525" lon="77.6079838"/>
 <node id="13449397276" visible="true" version="1" changeset="177122227" timestamp="2026-01-12T05:30:39Z" user="uknown-gryphus" uid="2425805" lat="12.9749626" lon="77.6080059"/>
 <node id="13449397278" visible="true" version="1" changeset="177122227" timestamp="2026-01-12T05:30:39Z" user="uknown-gryphus" uid="2425805" lat="12.9746970" lon="77.6077794"/>
 <node id="13449397279" visible="true" version="1" changeset="177122227" timestamp="2026-01-12T05:30:39Z" user="uknown-gryphus" uid="2425805" lat="12.9749819" lon="77.6078713"/>
 <node id="13449397280" visible="true" version="1" changeset="177122227" timestamp="2026-01-12T05:30:39Z" user="uknown-gryphus" uid="2425805" lat="12.9750358" lon="77.6077883"/>
 <node id="13449397281" visible="true" version="1" changeset="177122227" timestamp="2026-01-12T05:30:39Z" user="uknown-gryphus" uid="2425805" lat="12.9752457" lon="77.6071095"/>
 <node id="13449397282" visible="true" version="1" changeset="177122227" timestamp="2026-01-12T05:30:39Z" user="uknown-gryphus" uid="2425805" lat="12.9752349" lon="77.6071547"/>
 <node id="13449397283" visible="true" version="1" changeset="177122227" timestamp="2026-01-12T05:30:39Z" user="uknown-gryphus" uid="2425805" lat="12.9752506" lon="77.6071586"/>
 <node id="13449397284" visible="true" version="1" changeset="177122227" timestamp="2026-01-12T05:30:39Z" user="uknown-gryphus" uid="2425805" lat="12.9752613" lon="77.6071134"/>
 <node id="13449397285" visible="true" version="1" changeset="177122227" timestamp="2026-01-12T05:30:39Z" user="uknown-gryphus" uid="2425805" lat="12.9752336" lon="77.6071625"/>
 <node id="13449397286" visible="true" version="1" changeset="177122227" timestamp="2026-01-12T05:30:39Z" user="uknown-gryphus" uid="2425805" lat="12.9752228" lon="77.6072076"/>
 <node id="13449397287" visible="true" version="1" changeset="177122227" timestamp="2026-01-12T05:30:39Z" user="uknown-gryphus" uid="2425805" lat="12.9752385" lon="77.6072115"/>
 <node id="13449397288" visible="true" version="1" changeset="177122227" timestamp="2026-01-12T05:30:39Z" user="uknown-gryphus" uid="2425805" lat="12.9752492" lon="77.6071664"/>
 <node id="13449397289" visible="true" version="1" changeset="177122227" timestamp="2026-01-12T05:30:39Z" user="uknown-gryphus" uid="2425805" lat="12.9752212" lon="77.6072134"/>
 <node id="13449397290" visible="true" version="1" changeset="177122227" timestamp="2026-01-12T05:30:39Z" user="uknown-gryphus" uid="2425805" lat="12.9752104" lon="77.6072586"/>
 <node id="13449397291" visible="true" version="1" changeset="177122227" timestamp="2026-01-12T05:30:39Z" user="uknown-gryphus" uid="2425805" lat="12.9752260" lon="77.6072625"/>
 <node id="13449397292" visible="true" version="1" changeset="177122227" timestamp="2026-01-12T05:30:39Z" user="uknown-gryphus" uid="2425805" lat="12.9752368" lon="77.6072174"/>
 <node id="13449397293" visible="true" version="1" changeset="177122227" timestamp="2026-01-12T05:30:39Z" user="uknown-gryphus" uid="2425805" lat="12.9752079" lon="77.6072654"/>
 <node id="13449397294" visible="true" version="1" changeset="177122227" timestamp="2026-01-12T05:30:39Z" user="uknown-gryphus" uid="2425805" lat="12.9751972" lon="77.6073106"/>
 <node id="13449397295" visible="true" version="1" changeset="177122227" timestamp="2026-01-12T05:30:39Z" user="uknown-gryphus" uid="2425805" lat="12.9752128" lon="77.6073145"/>
 <node id="13449397296" visible="true" version="1" changeset="177122227" timestamp="2026-01-12T05:30:39Z" user="uknown-gryphus" uid="2425805" lat="12.9752235" lon="77.6072693"/>
 <node id="13449411753" visible="true" version="1" changeset="177122227" timestamp="2026-01-12T05:30:39Z" user="uknown-gryphus" uid="2425805" lat="12.9759013" lon="77.6043092"/>
 <node id="13449411754" visible="true" version="1" changeset="177122227" timestamp="2026-01-12T05:30:39Z" user="uknown-gryphus" uid="2425805" lat="12.9759029" lon="77.6043134"/>
 <node id="13449411755" visible="true" version="1" changeset="177122227" timestamp="2026-01-12T05:30:39Z" user="uknown-gryphus" uid="2425805" lat="12.9759029" lon="77.6043182"/>
 <node id="13449411756" visible="true" version="1" changeset="177122227" timestamp="2026-01-12T05:30:39Z" user="uknown-gryphus" uid="2425805" lat="12.9757753" lon="77.6048620"/>
 <node id="13449411757" visible="true" version="1" changeset="177122227" timestamp="2026-01-12T05:30:39Z" user="uknown-gryphus" uid="2425805" lat="12.9756654" lon="77.6053210"/>
 <node id="13449411758" visible="true" version="1" changeset="177122227" timestamp="2026-01-12T05:30:39Z" user="uknown-gryphus" uid="2425805" lat="12.9755965" lon="77.6056110"/>
 <node id="13449411759" visible="true" version="1" changeset="177122227" timestamp="2026-01-12T05:30:39Z" user="uknown-gryphus" uid="2425805" lat="12.9753599" lon="77.6066078"/>
 <node id="13449411760" visible="true" version="1" changeset="177122227" timestamp="2026-01-12T05:30:39Z" user="uknown-gryphus" uid="2425805" lat="12.9752616" lon="77.6070343"/>
 <node id="13449411761" visible="true" version="1" changeset="177122227" timestamp="2026-01-12T05:30:39Z" user="uknown-gryphus" uid="2425805" lat="12.9751561" lon="77.6074648"/>
 <node id="13449411762" visible="true" version="1" changeset="177122227" timestamp="2026-01-12T05:30:39Z" user="uknown-gryphus" uid="2425805" lat="12.9750894" lon="77.6077464"/>
 <node id="13449411763" visible="true" version="1" changeset="177122227" timestamp="2026-01-12T05:30:39Z" user="uknown-gryphus" uid="2425805" lat="12.9750641" lon="77.6078031"/>
 <node id="13449411764" visible="true" version="1" changeset="177122227" timestamp="2026-01-12T05:30:39Z" user="uknown-gryphus" uid="2425805" lat="12.9750276" lon="77.6078715"/>
 <node id="13449411765" visible="true" version="1" changeset="177122227" timestamp="2026-01-12T05:30:39Z" user="uknown-gryphus" uid="2425805" lat="12.9749764" lon="77.6078879"/>
 <node id="13449411766" visible="true" version="1" changeset="177122227" timestamp="2026-01-12T05:30:39Z" user="uknown-gryphus" uid="2425805" lat="12.9751359" lon="77.6073598"/>
 <node id="13449411767" visible="true" version="1" changeset="177122227" timestamp="2026-01-12T05:30:39Z" user="uknown-gryphus" uid="2425805" lat="12.9755520" lon="77.6056774"/>
 <node id="13449411768" visible="true" version="1" changeset="177122227" timestamp="2026-01-12T05:30:39Z" user="uknown-gryphus" uid="2425805" lat="12.9758820" lon="77.6043043"/>
 <node id="13449411807" visible="true" version="1" changeset="177122227" timestamp="2026-01-12T05:30:39Z" user="uknown-gryphus" uid="2425805" lat="12.9745696" lon="77.6071010"/>
 <node id="13449411808" visible="true" version="1" changeset="177122227" timestamp="2026-01-12T05:30:39Z" user="uknown-gryphus" uid="2425805" lat="12.9745771" lon="77.6070564"/>
 <node id="13449411809" visible="true" version="1" changeset="177122227" timestamp="2026-01-12T05:30:39Z" user="uknown-gryphus" uid="2425805" lat="12.9745699" lon="77.6071195"/>
 <node id="13449411810" visible="true" version="1" changeset="177122227" timestamp="2026-01-12T05:30:39Z" user="uknown-gryphus" uid="2425805" lat="12.9745717" lon="77.6070809"/>
 <node id="13449411811" visible="true" version="1" changeset="177122227" timestamp="2026-01-12T05:30:39Z" user="uknown-gryphus" uid="2425805" lat="12.9745836" lon="77.6070348"/>
 <node id="13449411812" visible="true" version="1" changeset="177122227" timestamp="2026-01-12T05:30:39Z" user="uknown-gryphus" uid="2425805" lat="12.9745882" lon="77.6070209"/>
 <node id="13449411813" visible="true" version="1" changeset="177122227" timestamp="2026-01-12T05:30:39Z" user="uknown-gryphus" uid="2425805" lat="12.9745987" lon="77.6069989"/>
 <node id="13449411814" visible="true" version="1" changeset="177122227" timestamp="2026-01-12T05:30:39Z" user="uknown-gryphus" uid="2425805" lat="12.9745695" lon="77.6071379"/>
 <node id="13449411815" visible="true" version="1" changeset="177122227" timestamp="2026-01-12T05:30:39Z" user="uknown-gryphus" uid="2425805" lat="12.9746047" lon="77.6069882"/>
 <node id="13449411816" visible="true" version="1" changeset="177122227" timestamp="2026-01-12T05:30:39Z" user="uknown-gryphus" uid="2425805" lat="12.9747855" lon="77.6072876"/>
 <node id="13449411817" visible="true" version="1" changeset="177122227" timestamp="2026-01-12T05:30:39Z" user="uknown-gryphus" uid="2425805" lat="12.9748021" lon="77.6072917"/>
 <node id="13449411818" visible="true" version="1" changeset="177122227" timestamp="2026-01-12T05:30:39Z" user="uknown-gryphus" uid="2425805" lat="12.9748241" lon="77.6071602"/>
 <node id="13449411819" visible="true" version="1" changeset="177122227" timestamp="2026-01-12T05:30:39Z" user="uknown-gryphus" uid="2425805" lat="12.9748427" lon="77.6070812"/>
 <node id="13449411820" visible="true" version="1" changeset="177122227" timestamp="2026-01-12T05:30:39Z" user="uknown-gryphus" uid="2425805" lat="12.9748326" lon="77.6071623"/>
 <node id="13449411821" visible="true" version="1" changeset="177122227" timestamp="2026-01-12T05:30:39Z" user="uknown-gryphus" uid="2425805" lat="12.9748511" lon="77.6070833"/>
 <node id="13449411822" visible="true" version="1" changeset="177122227" timestamp="2026-01-12T05:30:39Z" user="uknown-gryphus" uid="2425805" lat="12.9748685" lon="77.6069526"/>
 <node id="13449411823" visible="true" version="1" changeset="177122227" timestamp="2026-01-12T05:30:39Z" user="uknown-gryphus" uid="2425805" lat="12.9748811" lon="77.6069557"/>
 <node id="13449411824" visible="true" version="1" changeset="177122227" timestamp="2026-01-12T05:30:39Z" user="uknown-gryphus" uid="2425805" lat="12.9747888" lon="77.6074095">
  <tag k="generator:method" v="combustion"/>
  <tag k="generator:source" v="diesel"/>
  <tag k="power" v="generator"/>
 </node>
 <node id="13449411825" visible="true" version="1" changeset="177122227" timestamp="2026-01-12T05:30:39Z" user="uknown-gryphus" uid="2425805" lat="12.9748307" lon="77.6073695"/>
 <node id="13449411826" visible="true" version="1" changeset="177122227" timestamp="2026-01-12T05:30:39Z" user="uknown-gryphus" uid="2425805" lat="12.9750379" lon="77.6078633"/>
 <node id="13449411827" visible="true" version="1" changeset="177122227" timestamp="2026-01-12T05:30:39Z" user="uknown-gryphus" uid="2425805" lat="12.9750116" lon="77.6078842"/>
 <node id="13449411828" visible="true" version="1" changeset="177122227" timestamp="2026-01-12T05:30:39Z" user="uknown-gryphus" uid="2425805" lat="12.9749811" lon="77.6078894"/>
 <node id="13449411829" visible="true" version="1" changeset="177122227" timestamp="2026-01-12T05:30:39Z" user="uknown-gryphus" uid="2425805" lat="12.9749545" lon="77.6079675"/>
 <node id="13449411830" visible="true" version="2" changeset="177205425" timestamp="2026-01-14T05:35:05Z" user="uknown-gryphus" uid="2425805" lat="12.9749716" lon="77.6080048"/>
 <node id="13449411831" visible="true" version="1" changeset="177122227" timestamp="2026-01-12T05:30:39Z" user="uknown-gryphus" uid="2425805" lat="12.9750107" lon="77.6078655"/>
 <node id="13449411832" visible="true" version="1" changeset="177122227" timestamp="2026-01-12T05:30:39Z" user="uknown-gryphus" uid="2425805" lat="12.9750136" lon="77.6078632"/>
 <node id="13449411833" visible="true" version="1" changeset="177122227" timestamp="2026-01-12T05:30:39Z" user="uknown-gryphus" uid="2425805" lat="12.9750172" lon="77.6078624"/>
 <node id="13449411834" visible="true" version="1" changeset="177122227" timestamp="2026-01-12T05:30:39Z" user="uknown-gryphus" uid="2425805" lat="12.9750207" lon="77.6078633"/>
 <node id="13449411835" visible="true" version="1" changeset="177122227" timestamp="2026-01-12T05:30:39Z" user="uknown-gryphus" uid="2425805" lat="12.9750236" lon="77.6078657"/>
 <node id="13449411836" visible="true" version="1" changeset="177122227" timestamp="2026-01-12T05:30:39Z" user="uknown-gryphus" uid="2425805" lat="12.9750251" lon="77.6078691"/>
 <node id="13449411837" visible="true" version="1" changeset="177122227" timestamp="2026-01-12T05:30:39Z" user="uknown-gryphus" uid="2425805" lat="12.9750251" lon="77.6078729"/>
 <node id="13449411838" visible="true" version="1" changeset="177122227" timestamp="2026-01-12T05:30:39Z" user="uknown-gryphus" uid="2425805" lat="12.9750234" lon="77.6078762"/>
 <node id="13449411839" visible="true" version="1" changeset="177122227" timestamp="2026-01-12T05:30:39Z" user="uknown-gryphus" uid="2425805" lat="12.9750205" lon="77.6078785"/>
 <node id="13449411840" visible="true" version="1" changeset="177122227" timestamp="2026-01-12T05:30:39Z" user="uknown-gryphus" uid="2425805" lat="12.9750170" lon="77.6078793"/>
 <node id="13449411841" visible="true" version="1" changeset="177122227" timestamp="2026-01-12T05:30:39Z" user="uknown-gryphus" uid="2425805" lat="12.9750134" lon="77.6078784"/>
 <node id="13449411842" visible="true" version="1" changeset="177122227" timestamp="2026-01-12T05:30:39Z" user="uknown-gryphus" uid="2425805" lat="12.9750106" lon="77.6078761"/>
 <node id="13449411843" visible="true" version="1" changeset="177122227" timestamp="2026-01-12T05:30:39Z" user="uknown-gryphus" uid="2425805" lat="12.9750090" lon="77.6078727"/>
 <node id="13449411844" visible="true" version="1" changeset="177122227" timestamp="2026-01-12T05:30:39Z" user="uknown-gryphus" uid="2425805" lat="12.9750091" lon="77.6078689"/>
 <node id="13449411845" visible="true" version="1" changeset="177122227" timestamp="2026-01-12T05:30:39Z" user="uknown-gryphus" uid="2425805" lat="12.9749826" lon="77.6078713"/>
 <node id="13449411846" visible="true" version="1" changeset="177122227" timestamp="2026-01-12T05:30:39Z" user="uknown-gryphus" uid="2425805" lat="12.9750121" lon="77.6078557"/>
 <node id="13449411940" visible="true" version="1" changeset="177122227" timestamp="2026-01-12T05:30:39Z" user="uknown-gryphus" uid="2425805" lat="12.9743788" lon="77.6076854"/>
 <node id="13449411941" visible="true" version="1" changeset="177122227" timestamp="2026-01-12T05:30:39Z" user="uknown-gryphus" uid="2425805" lat="12.9743729" lon="77.6077146"/>
 <node id="13449411947" visible="true" version="1" changeset="177122227" timestamp="2026-01-12T05:30:39Z" user="uknown-gryphus" uid="2425805" lat="12.9745691" lon="77.6068193"/>
 <node id="13451926948" visible="true" version="1" changeset="177164620" timestamp="2026-01-13T06:19:08Z" user="uknown-gryphus" uid="2425805" lat="12.9738749" lon="77.6137993"/>
 <node id="13451926963" visible="true" version="1" changeset="177164620" timestamp="2026-01-13T06:19:08Z" user="uknown-gryphus" uid="2425805" lat="12.9755297" lon="77.6133380"/>
 <node id="13451926966" visible="true" version="1" changeset="177164620" timestamp="2026-01-13T06:19:08Z" user="uknown-gryphus" uid="2425805" lat="12.9752511" lon="77.6081100">
  <tag k="crossing" v="traffic_signals"/>
  <tag k="crossing:markings" v="no"/>
  <tag k="highway" v="crossing"/>
 </node>
 <node id="13451936305" visible="true" version="1" changeset="177164620" timestamp="2026-01-13T06:19:08Z" user="uknown-gryphus" uid="2425805" lat="12.9752240" lon="77.6082251"/>
 <node id="13451936306" visible="true" version="1" changeset="177164620" timestamp="2026-01-13T06:19:08Z" user="uknown-gryphus" uid="2425805" lat="12.9770278" lon="77.6088394"/>
 <node id="13451936313" visible="true" version="1" changeset="177164620" timestamp="2026-01-13T06:19:08Z" user="uknown-gryphus" uid="2425805" lat="12.9760420" lon="77.6117665"/>
 <node id="13451936318" visible="true" version="1" changeset="177164620" timestamp="2026-01-13T06:19:08Z" user="uknown-gryphus" uid="2425805" lat="12.9762084" lon="77.6112797"/>
 <node id="13455267149" visible="true" version="1" changeset="177205425" timestamp="2026-01-14T05:35:05Z" user="uknown-gryphus" uid="2425805" lat="12.9747893" lon="77.6089118"/>
 <node id="13455267150" visible="true" version="1" changeset="177205425" timestamp="2026-01-14T05:35:05Z" user="uknown-gryphus" uid="2425805" lat="12.9746924" lon="77.6093343"/>
 <node id="13455267151" visible="true" version="1" changeset="177205425" timestamp="2026-01-14T05:35:05Z" user="uknown-gryphus" uid="2425805" lat="12.9749163" lon="77.6079945"/>
 <node id="13455267152" visible="true" version="1" changeset="177205425" timestamp="2026-01-14T05:35:05Z" user="uknown-gryphus" uid="2425805" lat="12.9749197" lon="77.6079822"/>
 <node id="13455267153" visible="true" version="1" changeset="177205425" timestamp="2026-01-14T05:35:05Z" user="uknown-gryphus" uid="2425805" lat="12.9749241" lon="77.6079660"/>
 <node id="13455267154" visible="true" version="1" changeset="177205425" timestamp="2026-01-14T05:35:05Z" user="uknown-gryphus" uid="2425805" lat="12.9748015" lon="77.6085655"/>
 <node id="13455267155" visible="true" version="1" changeset="177205425" timestamp="2026-01-14T05:35:05Z" user="uknown-gryphus" uid="2425805" lat="12.9748257" lon="77.6085709"/>
 <node id="13455267156" visible="true" version="1" changeset="177205425" timestamp="2026-01-14T05:35:05Z" user="uknown-gryphus" uid="2425805" lat="12.9748935" lon="77.6082513"/>
 <node id="13455343661" visible="true" version="1" changeset="177205425" timestamp="2026-01-14T05:35:05Z" user="uknown-gryphus" uid="2425805" lat="12.9749773" lon="77.6080351"/>
 <node id="13455343662" visible="true" version="1" changeset="177205425" timestamp="2026-01-14T05:35:05Z" user="uknown-gryphus" uid="2425805" lat="12.9749780" lon="77.6081115"/>
 <node id="13455343694" visible="true" version="1" changeset="177205425" timestamp="2026-01-14T05:35:05Z" user="uknown-gryphus" uid="2425805" lat="12.9746985" lon="77.6079090"/>
 <node id="13455343699" visible="true" version="1" changeset="177205425" timestamp="2026-01-14T05:35:05Z" user="uknown-gryphus" uid="2425805" lat="12.9746044" lon="77.6080894"/>
 <node id="13455343700" visible="true" version="1" changeset="177205425" timestamp="2026-01-14T05:35:05Z" user="uknown-gryphus" uid="2425805" lat="12.9746241" lon="77.6080935"/>
 <node id="13455343701" visible="true" version="1" changeset="177205425" timestamp="2026-01-14T05:35:05Z" user="uknown-gryphus" uid="2425805" lat="12.9746319" lon="77.6080541"/>
 <node id="13455343702" visible="true" version="1" changeset="177205425" timestamp="2026-01-14T05:35:05Z" user="uknown-gryphus" uid="2425805" lat="12.9746684" lon="77.6080618"/>
 <node id="13465379760" visible="true" version="1" changeset="177403058" timestamp="2026-01-19T03:46:46Z" user="uknown-gryphus" uid="2425805" lat="12.9722430" lon="77.6071902"/>
 <node id="13465379761" visible="true" version="1" changeset="177403058" timestamp="2026-01-19T03:46:46Z" user="uknown-gryphus" uid="2425805" lat="12.9723453" lon="77.6071751"/>
 <node id="13465379771" visible="true" version="1" changeset="177403058" timestamp="2026-01-19T03:46:46Z" user="uknown-gryphus" uid="2425805" lat="12.9735607" lon="77.6075669"/>
 <node id="13514710521" visible="true" version="1" changeset="177933213" timestamp="2026-01-31T16:43:43Z" user="uknown-gryphus" uid="2425805" lat="12.9349697" lon="77.6012863"/>
 <node id="13514710574" visible="true" version="1" changeset="177933213" timestamp="2026-01-31T16:43:43Z" user="uknown-gryphus" uid="2425805" lat="12.9373207" lon="77.6016277">
  <tag k="crossing" v="traffic_signals"/>
  <tag k="crossing:markings" v="zebra"/>
  <tag k="highway" v="crossing"/>
  <tag k="traffic_signals:sound" v="walk"/>
 </node>
 <way id="37763915" visible="true" version="11" changeset="177164620" timestamp="2026-01-13T06:19:08Z" user="uknown-gryphus" uid="2425805">
  <nd ref="12981639492"/>
  <nd ref="12981639491"/>
  <nd ref="12981639490"/>
  <nd ref="12981639489"/>
  <nd ref="442972766"/>
  <nd ref="13451936318"/>
  <nd ref="13451936313"/>
  <nd ref="442972763"/>
  <nd ref="442972764"/>
  <nd ref="442972765"/>
  <nd ref="12084294678"/>
  <nd ref="12981639492"/>
  <tag k="addr:city" v="Bengaluru"/>
  <tag k="addr:housenumber" v="50"/>
  <tag k="addr:postcode" v="560001"/>
  <tag k="addr:street" v="Mahatma Gandhi Road"/>
  <tag k="alt_name" v="Rajendra Sinhji Club"/>
  <tag k="club" v="yes"/>
  <tag k="name" v="Rajendra Sinhji Army Officers' Institute"/>
  <tag k="short_name" v="RSI Club"/>
  <tag k="website" v="https://rsaoibangalore.in/"/>
 </way>
 <way id="103639924" visible="true" version="20" changeset="154514218" timestamp="2024-07-28T10:32:27Z" user="uknown-gryphus" uid="2425805">
  <nd ref="10123752378"/>
  <nd ref="10123752379"/>
  <tag k="auto_rickshaw" v="no"/>
  <tag k="hgv" v="no"/>
  <tag k="highway" v="secondary"/>
  <tag k="name" v="Brigade Road"/>
  <tag k="name:kn" v="ಬ್ರಿಗೇಡ್ ರಸ್ತೆ"/>
  <tag k="oneway" v="yes"/>
  <tag k="smoothness" v="excellent"/>
  <tag k="surface" v="asphalt"/>
 </way>
 <way id="147859357" visible="true" version="27" changeset="163679594" timestamp="2025-03-16T09:21:45Z" user="uknown-gryphus" uid="2425805">
  <nd ref="11464483505"/>
  <nd ref="7702031457"/>
  <tag k="alt_name" v="M G Road"/>
  <tag k="highway" v="secondary"/>
  <tag k="lane_markings" v="no"/>
  <tag k="lit" v="yes"/>
  <tag k="maxheight" v="default"/>
  <tag k="maxspeed" v="30"/>
  <tag k="name" v="Mahatma Gandhi Road"/>
  <tag k="name:etymology:wikidata" v="Q1001"/>
  <tag k="name:kn" v="ಮಹಾತ್ಮ ಗಾಂಧಿ ರಸ್ತೆ"/>
  <tag k="note" v="Whitetopping work planned based on tenders issued in 2024"/>
  <tag k="old_name" v="South Parade"/>
  <tag k="oneway" v="yes"/>
  <tag k="short_name" v="MG Road"/>
  <tag k="smoothness" v="excellent"/>
  <tag k="surface" v="asphalt"/>
 </way>
 <way id="172903805" visible="true" version="6" changeset="154629568" timestamp="2024-07-31T03:49:35Z" user="uknown-gryphus" uid="2425805">
  <nd ref="4318640428"/>
  <nd ref="4318640429"/>
  <nd ref="4318640431"/>
  <nd ref="4318640430"/>
  <nd ref="4318640428"/>
  <tag k="barrier" v="jersey_barrier"/>
  <tag k="material" v="concrete"/>
 </way>
 <way id="208701356" visible="true" version="6" changeset="154244544" timestamp="2024-07-22T05:14:27Z" user="Vonter" uid="3926189">
  <nd ref="2189718350"/>
  <nd ref="2189718336"/>
  <nd ref="2189718331"/>
  <nd ref="2189718328"/>
  <nd ref="2650558282"/>
  <tag k="barrier" v="median"/>
 </way>
 <way id="287428893" visible="true" version="6" changeset="177122227" timestamp="2026-01-12T05:30:39Z" user="uknown-gryphus" uid="2425805">
  <nd ref="2910303733"/>
  <nd ref="2910303734"/>
  <nd ref="2910303735"/>
  <nd ref="2910303731"/>
  <nd ref="2910303733"/>
  <tag k="building" v="retail"/>
  <tag k="building:levels" v="1"/>
  <tag k="wheelchair" v="no"/>
 </way>
 <way id="325781803" visible="true" version="4" changeset="158113377" timestamp="2024-10-20T04:27:42Z" user="Vonter" uid="3926189">
  <nd ref="3323896708"/>
  <nd ref="3323896758"/>
  <nd ref="3323896735"/>
  <nd ref="3323896861"/>
  <nd ref="3323896708"/>
  <tag k="addr:housenumber" v="39"/>
  <tag k="addr:street" v="Mahatma Gandhi Road"/>
  <tag k="building" v="commercial"/>
  <tag k="building:levels" v="4"/>
  <tag k="building:levels:underground" v="1"/>
  <tag k="name" v="United Mansions"/>
 </way>
 <way id="327534045" visible="true" version="4" changeset="155430145" timestamp="2024-08-18T18:54:12Z" user="Vonter" uid="3926189">
  <nd ref="3343241401"/>
  <nd ref="3343241192"/>
  <nd ref="3343241436"/>
  <nd ref="3343241441"/>
  <nd ref="11917941754"/>
  <nd ref="3343241401"/>
  <tag k="building" v="commercial"/>
  <tag k="building:levels" v="5"/>
 </way>
 <way id="327534056" visible="true" version="6" changeset="177122227" timestamp="2026-01-12T05:30:39Z" user="uknown-gryphus" uid="2425805">
  <nd ref="3343241174"/>
  <nd ref="3343241399"/>
  <nd ref="13449411822"/>
  <nd ref="13449411823"/>
  <nd ref="13449411821"/>
  <nd ref="13449411819"/>
  <nd ref="13449411818"/>
  <nd ref="13449411820"/>
  <nd ref="13449411817"/>
  <nd ref="13449411816"/>
  <nd ref="3343241188"/>
  <nd ref="3343241168"/>
  <nd ref="13449411814"/>
  <nd ref="13449411809"/>
  <nd ref="13449411807"/>
  <nd ref="13449411810"/>
  <nd ref="13449411808"/>
  <nd ref="13449411811"/>
  <nd ref="13449411812"/>
  <nd ref="13449411813"/>
  <nd ref="13449411815"/>
  <nd ref="3343241174"/>
  <tag k="addr:city" v="Bangalore"/>
  <tag k="addr:housenumber" v="62/63"/>
  <tag k="addr:street" v="Church Street"/>
  <tag k="building" v="commercial"/>
  <tag k="building:levels" v="6"/>
  <tag k="name" v="The Pavilion"/>
 </way>
 <way id="327534066" visible="true" version="5" changeset="177122227" timestamp="2026-01-12T05:30:39Z" user="uknown-gryphus" uid="2425805">
  <nd ref="3343241407"/>
  <nd ref="3343241403"/>
  <nd ref="3343241411"/>
  <nd ref="3343241419"/>
  <nd ref="3343241424"/>
  <nd ref="3343241422"/>
  <nd ref="3343241407"/>
  <tag k="building" v="commercial"/>
  <tag k="building:levels" v="2"/>
  <tag k="name" v="Yusuf Sait's Corner"/>
 </way>
 <way id="327534068" visible="true" version="5" changeset="177122227" timestamp="2026-01-12T05:30:39Z" user="uknown-gryphus" uid="2425805">
  <nd ref="3343241191"/>
  <nd ref="13449397264"/>
  <nd ref="13449397262"/>
  <nd ref="13449397261"/>
  <nd ref="13449397263"/>
  <nd ref="3343241186"/>
  <nd ref="13449397268"/>
  <nd ref="13449397267"/>
  <nd ref="3343241423"/>
  <nd ref="13449397269"/>
  <nd ref="13449397265"/>
  <nd ref="3343241426"/>
  <nd ref="3343241191"/>
  <tag k="building" v="commercial"/>
  <tag k="building:levels" v="4"/>
 </way>
 <way id="327534070" visible="true" version="28" changeset="177122227" timestamp="2026-01-12T05:30:39Z" user="uknown-gryphus" uid="2425805">
  <nd ref="11283488149"/>
  <nd ref="9981998131"/>
  <nd ref="6797112088"/>
  <nd ref="6797112091"/>
  <nd ref="3257973903"/>
  <nd ref="6584009930"/>
  <nd ref="12425958281"/>
  <nd ref="7132452571"/>
  <nd ref="3343241429"/>
  <nd ref="13449411846"/>
  <nd ref="13449411845"/>
  <nd ref="13449397279"/>
  <nd ref="3343241418"/>
  <nd ref="13449411940"/>
  <nd ref="9835980914"/>
  <tag k="footway" v="sidewalk"/>
  <tag k="highway" v="footway"/>
  <tag k="lit" v="yes"/>
  <tag k="smoothness" v="excellent"/>
  <tag k="surface" v="paving_stones"/>
 </way>
 <way id="327534073" visible="true" version="8" changeset="156298330" timestamp="2024-09-07T05:08:08Z" user="olaag" uid="21150819">
  <nd ref="3343241409"/>
  <nd ref="9160955557"/>
  <nd ref="11464483506"/>
  <nd ref="12121491019"/>
  <nd ref="12161265036"/>
  <nd ref="9160955556"/>
  <nd ref="9160955555"/>
  <tag k="footway" v="sidewalk"/>
  <tag k="highway" v="footway"/>
  <tag k="kerb" v="raised"/>
  <tag k="smoothness" v="good"/>
  <tag k="surface" v="paving_stones"/>
 </way>
 <way id="327534078" visible="true" version="4" changeset="177122227" timestamp="2026-01-12T05:30:39Z" user="uknown-gryphus" uid="2425805">
  <nd ref="3343241038"/>
  <nd ref="11983446049"/>
  <nd ref="11983446048"/>
  <nd ref="1698093078"/>
  <nd ref="3343241173"/>
  <nd ref="12146209009"/>
  <nd ref="3343241163"/>
  <nd ref="3343241184"/>
  <nd ref="13449411825"/>
  <nd ref="3343241406"/>
  <nd ref="3343241031"/>
  <nd ref="3343241038"/>
  <tag k="landuse" v="commercial"/>
 </way>
 <way id="327534079" visible="true" version="2" changeset="177122227" timestamp="2026-01-12T05:30:39Z" user="uknown-gryphus" uid="2425805">
  <nd ref="3343241031"/>
  <nd ref="13449411766"/>
  <nd ref="13449397280"/>
  <nd ref="3343241421"/>
  <nd ref="3343241413"/>
  <nd ref="13449397278"/>
  <nd ref="3343241161"/>
  <nd ref="3343241163"/>
  <nd ref="3343241184"/>
  <nd ref="13449411825"/>
  <nd ref="3343241406"/>
  <nd ref="3343241031"/>
  <tag k="landuse" v="retail"/>
 </way>
 <way id="327552372" visible="true" version="9" changeset="176189703" timestamp="2025-12-20T17:15:07Z" user="Vonter" uid="3926189">
  <nd ref="248459805"/>
  <nd ref="1837445441"/>
  <nd ref="1837445445"/>
  <nd ref="1837445443"/>
  <nd ref="2189718338"/>
  <nd ref="248459806"/>
  <nd ref="3343265829"/>
  <nd ref="3343559950"/>
  <nd ref="3343559951"/>
  <nd ref="3343266001"/>
  <nd ref="248459807"/>
  <nd ref="11566356794"/>
  <nd ref="11819371693"/>
  <nd ref="13391153066"/>
  <nd ref="13391153065"/>
  <nd ref="11819371692"/>
  <nd ref="11819371691"/>
  <nd ref="248459805"/>
  <tag k="access" v="private"/>
  <tag k="landuse" v="recreation_ground"/>
  <tag k="name" v="Field Marshal Manekshaw Parade Grounds"/>
  <tag k="name:kn" v="ಮನೇಕ್ಷಾ ಮೈದಾನ"/>
  <tag k="sport" v="multi"/>
 </way>
 <way id="327552789" visible="true" version="7" changeset="177164620" timestamp="2026-01-13T06:19:08Z" user="uknown-gryphus" uid="2425805">
  <nd ref="12981639489"/>
  <nd ref="442972766"/>
  <nd ref="13451936318"/>
  <nd ref="13451936313"/>
  <nd ref="442972763"/>
  <nd ref="13451926963"/>
  <nd ref="1837445417"/>
  <nd ref="3730964435"/>
  <nd ref="1837445410"/>
  <nd ref="3730964427"/>
  <nd ref="442972764"/>
  <nd ref="442972765"/>
  <nd ref="12084294678"/>
  <nd ref="12981639492"/>
  <nd ref="12981639491"/>
  <nd ref="12981639490"/>
  <nd ref="12981639489"/>
  <tag k="landuse" v="military"/>
 </way>
 <way id="328747375" visible="true" version="2" changeset="155425673" timestamp="2024-08-18T17:08:10Z" user="Vonter" uid="3926189">
  <nd ref="3355739834"/>
  <nd ref="3355741078"/>
  <nd ref="3355741065"/>
  <nd ref="3355741070"/>
  <nd ref="3355739834"/>
  <tag k="building" v="commercial"/>
 </way>
 <way id="328763637" visible="true" version="4" changeset="154245338" timestamp="2024-07-22T05:50:35Z" user="uknown-gryphus" uid="2425805">
  <nd ref="3355894513"/>
  <nd ref="12067499931"/>
  <nd ref="12067499933"/>
  <nd ref="3355894510"/>
  <nd ref="11168894059"/>
  <nd ref="11283488008"/>
  <nd ref="3355894503"/>
  <tag k="access" v="private"/>
  <tag k="highway" v="service"/>
 </way>
 <way id="330933969" visible="true" version="5" changeset="161589575" timestamp="2025-01-21T08:01:52Z" user="nagz02" uid="22306380">
  <nd ref="3379680276"/>
  <nd ref="3379680215"/>
  <nd ref="3379680261"/>
  <nd ref="3379680285"/>
  <nd ref="3379680254"/>
  <nd ref="12078191068"/>
  <nd ref="12078191067"/>
  <nd ref="3379680269"/>
  <nd ref="3379680276"/>
  <tag k="addr:city" v="Bengaluru"/>
  <tag k="addr:housenumber" v="46"/>
  <tag k="addr:postcode" v="560001"/>
  <tag k="addr:street" v="Mahatma Gandhi Road"/>
  <tag k="building" v="retail"/>
  <tag k="building:levels" v="3"/>
  <tag k="building:levels:underground" v="1"/>
  <tag k="name" v="The Emporium Dhavanam"/>
  <tag k="wheelchair" v="limited"/>
 </way>
 <way id="330933970" visible="true" version="3" changeset="177205425" timestamp="2026-01-14T05:35:05Z" user="uknown-gryphus" uid="2425805">
  <nd ref="3379680212"/>
  <nd ref="3379680209"/>
  <nd ref="13455343702"/>
  <nd ref="13455343701"/>
  <nd ref="13455343700"/>
  <nd ref="13455343699"/>
  <nd ref="3379680221"/>
  <nd ref="3379680230"/>
  <nd ref="3379680212"/>
  <tag k="building" v="commercial"/>
 </way>
 <way id="348533748" visible="true" version="1" changeset="31466344" timestamp="2015-05-26T09:02:26Z" user="subhashini" uid="2901517">
  <nd ref="3546557528"/>
  <nd ref="3546557517"/>
  <nd ref="3546557392"/>
  <nd ref="3546557499"/>
  <nd ref="3546557528"/>
  <tag k="building" v="yes"/>
 </way>
 <way id="348854341" visible="true" version="12" changeset="176189703" timestamp="2025-12-20T17:15:07Z" user="Vonter" uid="3926189">
  <nd ref="2189718310"/>
  <nd ref="3164545465"/>
  <nd ref="3164545467"/>
  <nd ref="2189718325"/>
  <nd ref="2189718326"/>
  <nd ref="1837445443"/>
  <nd ref="1837445445"/>
  <nd ref="1837445441"/>
  <nd ref="2189718310"/>
  <tag k="building" v="train_station"/>
  <tag k="layer" v="0;1;2"/>
  <tag k="lit" v="yes"/>
  <tag k="operator" v="BMRCL"/>
 </way>
 <way id="374306678" visible="true" version="1" changeset="34492453" timestamp="2015-10-07T14:44:58Z" user="Nagesh_Blr" uid="1765920">
  <nd ref="3776717257"/>
  <nd ref="3776717258"/>
  <nd ref="3776717259"/>
  <nd ref="3776717260"/>
  <nd ref="3776717261"/>
  <nd ref="3776717262"/>
  <nd ref="3776717257"/>
  <tag k="building" v="yes"/>
 </way>
 <way id="401998710" visible="true" version="9" changeset="177205425" timestamp="2026-01-14T05:35:05Z" user="uknown-gryphus" uid="2425805">
  <nd ref="4044210532"/>
  <nd ref="4044210527"/>
  <nd ref="4044210530"/>
  <nd ref="11464483514"/>
  <nd ref="13455343694"/>
  <nd ref="11464483512"/>
  <nd ref="13449397274"/>
  <nd ref="13455267151"/>
  <nd ref="13449397273"/>
  <nd ref="1837445415"/>
  <nd ref="4044210538"/>
  <nd ref="10887289992"/>
  <nd ref="10887289985"/>
  <nd ref="12077213917"/>
  <nd ref="4044210532"/>
  <tag k="landuse" v="retail"/>
 </way>
 <way id="435249314" visible="true" version="30" changeset="176769258" timestamp="2026-01-03T04:44:12Z" user="uknown-gryphus" uid="2425805">
  <nd ref="11383482024"/>
  <nd ref="12146209002"/>
  <nd ref="7132452574"/>
  <nd ref="12078221470"/>
  <nd ref="6797112090"/>
  <nd ref="9981998132"/>
  <nd ref="10005889018"/>
  <nd ref="423784680"/>
  <tag k="alt_name" v="M G Road"/>
  <tag k="highway" v="secondary"/>
  <tag k="lanes" v="2"/>
  <tag k="lit" v="yes"/>
  <tag k="maxheight" v="5.5"/>
  <tag k="maxspeed" v="30"/>
  <tag k="name" v="Mahatma Gandhi Road"/>
  <tag k="name:etymology:wikidata" v="Q1001"/>
  <tag k="name:kn" v="ಮಹಾತ್ಮ ಗಾಂಧಿ ರಸ್ತೆ"/>
  <tag k="note" v="Whitetopping work planned based on tenders issued in 2024"/>
  <tag k="old_name" v="South Parade"/>
  <tag k="oneway" v="yes"/>
  <tag k="parking:left" v="lane"/>
  <tag k="parking:left:fee" v="yes"/>
  <tag k="parking:left:orientation" v="parallel"/>
  <tag k="parking:right" v="no"/>
  <tag k="short_name" v="MG Road"/>
  <tag k="sidewalk" v="separate"/>
  <tag k="smoothness" v="excellent"/>
  <tag k="surface" v="asphalt"/>
 </way>
 <way id="544759838" visible="true" version="18" changeset="163679594" timestamp="2025-03-16T09:21:45Z" user="uknown-gryphus" uid="2425805">
  <nd ref="334473795"/>
  <nd ref="3355741071"/>
  <nd ref="12161265034"/>
  <nd ref="12121491017"/>
  <nd ref="11383482022"/>
  <tag k="alt_name" v="M G Road"/>
  <tag k="hgv" v="no"/>
  <tag k="highway" v="secondary"/>
  <tag k="lanes" v="3"/>
  <tag k="maxspeed" v="30"/>
  <tag k="name" v="Mahatma Gandhi Road"/>
  <tag k="name:etymology:wikidata" v="Q1001"/>
  <tag k="name:kn" v="ಮಹಾತ್ಮ ಗಾಂಧಿ ರಸ್ತೆ"/>
  <tag k="note" v="Whitetopping work planned based on tenders issued in 2024"/>
  <tag k="old_name" v="South Parade"/>
  <tag k="oneway" v="yes"/>
  <tag k="psv" v="yes"/>
  <tag k="restriction" v="no_parking"/>
  <tag k="short_name" v="MG Road"/>
  <tag k="sidewalk" v="separate"/>
  <tag k="smoothness" v="excellent"/>
  <tag k="surface" v="asphalt"/>
  <tag k="turn:lanes" v="left|through|through"/>
 </way>
 <way id="549187831" visible="true" version="13" changeset="175034390" timestamp="2025-11-23T17:02:02Z" user="Vonter" uid="3926189">
  <nd ref="428847118"/>
  <nd ref="2189648924"/>
  <nd ref="2189648937"/>
  <nd ref="2189648949"/>
  <nd ref="2189648956"/>
  <nd ref="2189648957"/>
  <nd ref="1232963675"/>
  <nd ref="1232963679"/>
  <nd ref="1232963661"/>
  <nd ref="1631461356"/>
  <nd ref="1631461306"/>
  <nd ref="850782876"/>
  <tag k="bridge" v="viaduct"/>
  <tag k="designation" v="Namma Metro - Reach 1"/>
  <tag k="electrified" v="rail"/>
  <tag k="frequency" v="0"/>
  <tag k="gauge" v="1435"/>
  <tag k="layer" v="2"/>
  <tag k="maxspeed" v="80"/>
  <tag k="name" v="Namma Metro - Reach 1"/>
  <tag k="name:kn" v="ನಮ್ಮ ಮೆಟ್ರೋ"/>
  <tag k="network" v="Namma Metro"/>
  <tag k="note" v="Contributors are requested to not edit the &quot;network&quot; and the &quot;operator&quot; tags. (2023/11/08)"/>
  <tag k="operator" v="Bangalore Metro Rail Corporation Limited"/>
  <tag k="railway" v="subway"/>
  <tag k="subway" v="yes"/>
  <tag k="voltage" v="750"/>
 </way>
 <way id="607901265" visible="true" version="12" changeset="175034390" timestamp="2025-11-23T17:02:02Z" user="Vonter" uid="3926189">
  <nd ref="5760197794"/>
  <nd ref="5760197588"/>
  <nd ref="5760197587"/>
  <nd ref="5760197586"/>
  <nd ref="5760197585"/>
  <nd ref="5760197584"/>
  <nd ref="5760197583"/>
  <nd ref="5760197582"/>
  <nd ref="5760197581"/>
  <nd ref="5760197580"/>
  <nd ref="5760197579"/>
  <nd ref="5760197795"/>
  <tag k="bridge" v="viaduct"/>
  <tag k="designation" v="Namma Metro - Reach 1"/>
  <tag k="electrified" v="rail"/>
  <tag k="frequency" v="0"/>
  <tag k="gauge" v="1435"/>
  <tag k="layer" v="2"/>
  <tag k="maxspeed" v="80"/>
  <tag k="name" v="Namma Metro - Reach 1"/>
  <tag k="name:kn" v="ನಮ್ಮ ಮೆಟ್ರೋ"/>
  <tag k="network" v="Namma Metro"/>
  <tag k="note" v="Contributors are requested to not edit the &quot;network&quot; and the &quot;operator&quot; tags. (2023/11/08)"/>
  <tag k="operator" v="Bangalore Metro Rail Corporation Limited"/>
  <tag k="railway" v="subway"/>
  <tag k="subway" v="yes"/>
  <tag k="voltage" v="750"/>
 </way>
 <way id="607901266" visible="true" version="10" changeset="175034390" timestamp="2025-11-23T17:02:02Z" user="Vonter" uid="3926189">
  <nd ref="5760197795"/>
  <nd ref="5760197595"/>
  <nd ref="5760197594"/>
  <nd ref="5760197593"/>
  <nd ref="5760197592"/>
  <nd ref="5760197591"/>
  <nd ref="5760197590"/>
  <nd ref="5760197589"/>
  <nd ref="5760197796"/>
  <tag k="bridge" v="viaduct"/>
  <tag k="designation" v="Namma Metro - Reach 1"/>
  <tag k="electrified" v="rail"/>
  <tag k="frequency" v="0"/>
  <tag k="gauge" v="1435"/>
  <tag k="layer" v="2"/>
  <tag k="maxspeed" v="80"/>
  <tag k="name" v="Namma Metro - Reach 1"/>
  <tag k="name:kn" v="ನಮ್ಮ ಮೆಟ್ರೋ"/>
  <tag k="network" v="Namma Metro"/>
  <tag k="note" v="Contributors are requested to not edit the &quot;network&quot; and the &quot;operator&quot; tags. (2023/11/08)"/>
  <tag k="operator" v="Bangalore Metro Rail Corporation Limited"/>
  <tag k="railway" v="subway"/>
  <tag k="subway" v="yes"/>
  <tag k="voltage" v="750"/>
 </way>
 <way id="705023782" visible="true" version="12" changeset="177164620" timestamp="2026-01-13T06:19:08Z" user="uknown-gryphus" uid="2425805">
  <nd ref="10075533187"/>
  <nd ref="10123663838"/>
  <nd ref="1837445421"/>
  <nd ref="13451926966"/>
  <nd ref="7702031457"/>
  <tag k="dual_carriageway" v="yes"/>
  <tag k="highway" v="secondary"/>
  <tag k="lanes" v="3"/>
  <tag k="lit" v="yes"/>
  <tag k="name" v="Kamaraj Road"/>
  <tag k="name:etymology:wikidata" v="Q522048"/>
  <tag k="name:kn" v="ಕಾಮರಾಜ ರಸ್ತೆ"/>
  <tag k="old_name" v="Cavalry Road"/>
  <tag k="oneway" v="yes"/>
  <tag k="sidewalk" v="separate"/>
  <tag k="smoothness" v="excellent"/>
  <tag k="start_date" v="2026-01-02"/>
  <tag k="surface" v="concrete"/>
 </way>
 <way id="705023783" visible="true" version="16" changeset="177164620" timestamp="2026-01-13T06:19:08Z" user="uknown-gryphus" uid="2425805">
  <nd ref="11464483505"/>
  <nd ref="12084294683"/>
  <nd ref="13391153099"/>
  <nd ref="13391153087"/>
  <nd ref="13391153098"/>
  <nd ref="13391153097"/>
  <nd ref="10123663837"/>
  <nd ref="10075533190"/>
  <tag k="dual_carriageway" v="yes"/>
  <tag k="highway" v="secondary"/>
  <tag k="lanes" v="2"/>
  <tag k="lit" v="yes"/>
  <tag k="name" v="Kamaraj Road"/>
  <tag k="name:etymology:wikidata" v="Q522048"/>
  <tag k="name:kn" v="ಕಾಮರಾಜ ರಸ್ತೆ"/>
  <tag k="old_name" v="Cavalry Road"/>
  <tag k="oneway" v="yes"/>
  <tag k="sidewalk" v="separate"/>
  <tag k="smoothness" v="excellent"/>
  <tag k="surface" v="concrete"/>
 </way>
 <way id="763290545" visible="true" version="5" changeset="145644049" timestamp="2023-12-29T03:07:29Z" user="uknown-gryphus" uid="2425805">
  <nd ref="11283488024"/>
  <nd ref="10123752380"/>
  <nd ref="4318640432"/>
  <nd ref="11283488023"/>
  <tag k="button_operated" v="no"/>
  <tag k="crossing" v="traffic_signals"/>
  <tag k="crossing:island" v="no"/>
  <tag k="crossing:markings" v="zebra"/>
  <tag k="footway" v="crossing"/>
  <tag k="highway" v="footway"/>
  <tag k="surface" v="asphalt"/>
  <tag k="tactile_paving" v="no"/>
  <tag k="traffic_signals:sound" v="walk"/>
  <tag k="traffic_signals:vibration" v="no"/>
 </way>
 <way id="1064418711" visible="true" version="12" changeset="160593570" timestamp="2024-12-25T06:20:24Z" user="NaanAvanIllai" uid="14062769">
  <nd ref="10123752378"/>
  <nd ref="11464483505"/>
  <tag k="hgv" v="no"/>
  <tag k="highway" v="secondary"/>
  <tag k="lane_markings" v="no"/>
  <tag k="name" v="Kamaraj Road"/>
  <tag k="name:etymology:wikidata" v="Q522048"/>
  <tag k="name:kn" v="ಕಾಮರಾಜ ರಸ್ತೆ"/>
  <tag k="oneway" v="yes"/>
  <tag k="smoothness" v="excellent"/>
  <tag k="surface" v="asphalt"/>
 </way>
 <way id="1064418712" visible="true" version="3" changeset="177122227" timestamp="2026-01-12T05:30:39Z" user="uknown-gryphus" uid="2425805">
  <nd ref="12119471440"/>
  <nd ref="3997461614"/>
  <nd ref="12119471433"/>
  <nd ref="12119471473"/>
  <nd ref="12119471434"/>
  <nd ref="12119471435"/>
  <nd ref="3997461616"/>
  <nd ref="12084294684"/>
  <tag k="footway" v="sidewalk"/>
  <tag k="highway" v="footway"/>
  <tag k="kerb" v="raised"/>
  <tag k="smoothness" v="excellent"/>
  <tag k="surface" v="paving_stones"/>
 </way>
 <way id="1074075690" visible="true" version="6" changeset="154514218" timestamp="2024-07-28T10:32:27Z" user="uknown-gryphus" uid="2425805">
  <nd ref="11283488026"/>
  <nd ref="10123752379"/>
  <nd ref="11283488025"/>
  <tag k="button_operated" v="no"/>
  <tag k="crossing" v="traffic_signals"/>
  <tag k="crossing:island" v="no"/>
  <tag k="crossing:markings" v="zebra"/>
  <tag k="footway" v="crossing"/>
  <tag k="highway" v="footway"/>
  <tag k="surface" v="asphalt"/>
  <tag k="tactile_paving" v="no"/>
  <tag k="traffic_signals:sound" v="no"/>
  <tag k="traffic_signals:vibration" v="no"/>
 </way>
 <way id="1075317012" visible="true" version="7" changeset="147483099" timestamp="2024-02-15T09:51:22Z" user="Vonter" uid="3926189">
  <nd ref="7702031457"/>
  <nd ref="11464483504"/>
  <tag k="hgv" v="no"/>
  <tag k="highway" v="secondary"/>
  <tag k="name" v="Brigade Road"/>
  <tag k="name:kn" v="ಬ್ರಿಗೇಡ್ ರಸ್ತೆ"/>
  <tag k="oneway" v="yes"/>
  <tag k="smoothness" v="excellent"/>
  <tag k="surface" v="asphalt"/>
 </way>
 <way id="1080802067" visible="true" version="19" changeset="177933213" timestamp="2026-01-31T16:43:43Z" user="uknown-gryphus" uid="2425805">
  <nd ref="11043395653"/>
  <nd ref="13514710521"/>
  <nd ref="9906332336"/>
  <nd ref="9906332335"/>
  <nd ref="13088766703"/>
  <nd ref="13514710574"/>
  <nd ref="9906332334"/>
  <nd ref="9906332333"/>
  <nd ref="9906332332"/>
  <nd ref="9906332330"/>
  <nd ref="9906332329"/>
  <nd ref="9906332328"/>
  <nd ref="9906332327"/>
  <nd ref="9906332326"/>
  <nd ref="9906332325"/>
  <nd ref="9906332324"/>
  <nd ref="9906332323"/>
  <nd ref="9906332322"/>
  <nd ref="9906332321"/>
  <nd ref="9906332320"/>
  <nd ref="9906332319"/>
  <nd ref="9906332318"/>
  <nd ref="9906332317"/>
  <nd ref="9906325615"/>
  <nd ref="9906325614"/>
  <nd ref="10113312450"/>
  <nd ref="9906325613"/>
  <nd ref="9906325612"/>
  <nd ref="9906325611"/>
  <nd ref="9906325610"/>
  <nd ref="9906325609"/>
  <nd ref="9906325608"/>
  <nd ref="9906325607"/>
  <nd ref="9906325606"/>
  <nd ref="9906325605"/>
  <nd ref="9906325604"/>
  <nd ref="9906325603"/>
  <nd ref="9906325602"/>
  <nd ref="9906325601"/>
  <nd ref="9906325600"/>
  <nd ref="9906325599"/>
  <nd ref="9906325598"/>
  <nd ref="9906325597"/>
  <nd ref="9906325596"/>
  <nd ref="9906325595"/>
  <nd ref="9906325594"/>
  <nd ref="9906325593"/>
  <nd ref="9906325592"/>
  <nd ref="9906325591"/>
  <nd ref="9906325590"/>
  <nd ref="9906325589"/>
  <nd ref="9906325588"/>
  <nd ref="9906325587"/>
  <nd ref="9906325586"/>
  <nd ref="9906325585"/>
  <nd ref="9906325584"/>
  <nd ref="9906325583"/>
  <nd ref="9906325582"/>
  <nd ref="9906325581"/>
  <nd ref="9906325580"/>
  <nd ref="1837445428"/>
  <nd ref="9906325578"/>
  <nd ref="9906325577"/>
  <nd ref="9906325576"/>
  <nd ref="9906325575"/>
  <nd ref="9906325574"/>
  <nd ref="9906325573"/>
  <nd ref="9906325572"/>
  <nd ref="9906325571"/>
  <nd ref="9906325570"/>
  <nd ref="9906325569"/>
  <nd ref="9906325568"/>
  <nd ref="9906325567"/>
  <nd ref="9906325566"/>
  <nd ref="9906325565"/>
  <nd ref="9906325564"/>
  <nd ref="9906325563"/>
  <nd ref="9906325562"/>
  <nd ref="9906325561"/>
  <nd ref="9906325560"/>
  <nd ref="9906325559"/>
  <nd ref="9906325558"/>
  <nd ref="9906325557"/>
  <nd ref="9906325556"/>
  <nd ref="9906325555"/>
  <nd ref="9906325554"/>
  <nd ref="9906325553"/>
  <nd ref="9906325552"/>
  <nd ref="9906332375"/>
  <tag k="colour" v="pink"/>
  <tag k="construction" v="subway"/>
  <tag k="frequency" v="0"/>
  <tag k="layer" v="-2"/>
  <tag k="name" v="Pink Line (Kalena Agrahara - Nagawara)"/>
  <tag k="network" v="Namma Metro"/>
  <tag k="railway" v="construction"/>
  <tag k="tunnel" v="yes"/>
  <tag k="voltage" v="750"/>
 </way>
 <way id="1087940509" visible="true" version="8" changeset="177403058" timestamp="2026-01-19T03:46:46Z" user="uknown-gryphus" uid="2425805">
  <nd ref="9968069334"/>
  <nd ref="9968069346"/>
  <nd ref="11283443565"/>
  <nd ref="9968069347"/>
  <nd ref="9968069348"/>
  <nd ref="13465379760"/>
  <nd ref="9968069349"/>
  <nd ref="13465379761"/>
  <nd ref="12087194115"/>
  <nd ref="9968069350"/>
  <nd ref="9968069351"/>
  <nd ref="13465379771"/>
  <nd ref="9968069352"/>
  <nd ref="9968069354"/>
  <nd ref="9968069353"/>
  <nd ref="13449397272"/>
  <nd ref="13455267152"/>
  <nd ref="3343241409"/>
  <tag k="footway" v="sidewalk"/>
  <tag k="highway" v="footway"/>
  <tag k="lit" v="yes"/>
  <tag k="smoothness" v="excellent"/>
  <tag k="surface" v="paving_stones"/>
 </way>
 <way id="1125542416" visible="true" version="8" changeset="163679594" timestamp="2025-03-16T09:21:45Z" user="uknown-gryphus" uid="2425805">
  <nd ref="11383482023"/>
  <nd ref="3355894503"/>
  <nd ref="4044263598"/>
  <nd ref="11286429140"/>
  <nd ref="11854316019"/>
  <tag k="alt_name" v="M G Road"/>
  <tag k="highway" v="secondary"/>
  <tag k="lanes" v="3"/>
  <tag k="maxheight" v="default"/>
  <tag k="maxspeed" v="30"/>
  <tag k="name" v="Mahatma Gandhi Road"/>
  <tag k="name:etymology:wikidata" v="Q1001"/>
  <tag k="name:kn" v="ಮಹಾತ್ಮ ಗಾಂಧಿ ರಸ್ತೆ"/>
  <tag k="note" v="Whitetopping work planned based on tenders issued in 2024"/>
  <tag k="old_name" v="South Parade"/>
  <tag k="oneway" v="yes"/>
  <tag k="parking:left" v="lane"/>
  <tag k="short_name" v="MG Road"/>
  <tag k="smoothness" v="excellent"/>
  <tag k="surface" v="asphalt"/>
 </way>
 <way id="1125542417" visible="true" version="7" changeset="163679594" timestamp="2025-03-16T09:21:45Z" user="uknown-gryphus" uid="2425805">
  <nd ref="11464483504"/>
  <nd ref="10123752378"/>
  <tag k="alt_name" v="M G Road"/>
  <tag k="highway" v="secondary"/>
  <tag k="lanes" v="2"/>
  <tag k="maxspeed" v="30"/>
  <tag k="name" v="Mahatma Gandhi Road"/>
  <tag k="name:etymology:wikidata" v="Q1001"/>
  <tag k="name:kn" v="ಮಹಾತ್ಮ ಗಾಂಧಿ ರಸ್ತೆ"/>
  <tag k="note" v="Whitetopping work planned based on tenders issued in 2024"/>
  <tag k="old_name" v="South Parade"/>
  <tag k="oneway" v="yes"/>
  <tag k="restriction" v="no_parking"/>
  <tag k="short_name" v="MG Road"/>
  <tag k="sidewalk" v="separate"/>
  <tag k="smoothness" v="excellent"/>
  <tag k="surface" v="asphalt"/>
 </way>
 <way id="1125542418" visible="true" version="5" changeset="154611535" timestamp="2024-07-30T15:27:10Z" user="mueschel" uid="616774">
  <nd ref="11464483504"/>
  <nd ref="10123752379"/>
  <tag k="auto_rickshaw" v="no"/>
  <tag k="hgv" v="no"/>
  <tag k="highway" v="secondary"/>
  <tag k="name" v="Brigade Road"/>
  <tag k="name:kn" v="ಬ್ರಿಗೇಡ್ ರಸ್ತೆ"/>
  <tag k="oneway" v="yes"/>
  <tag k="smoothness" v="excellent"/>
  <tag k="surface" v="asphalt"/>
 </way>
 <way id="1125542419" visible="true" version="6" changeset="177122227" timestamp="2026-01-12T05:30:39Z" user="uknown-gryphus" uid="2425805">
  <nd ref="10123752379"/>
  <nd ref="248459794"/>
  <nd ref="9968069355"/>
  <nd ref="12051454913"/>
  <nd ref="423784668"/>
  <nd ref="10017310826"/>
  <nd ref="248459795"/>
  <nd ref="3355740084"/>
  <nd ref="3355740080"/>
  <tag k="auto_rickshaw" v="no"/>
  <tag k="hgv" v="no"/>
  <tag k="highway" v="secondary"/>
  <tag k="lanes" v="2"/>
  <tag k="maxspeed" v="30"/>
  <tag k="maxspeed:type" v="sign"/>
  <tag k="name" v="Brigade Road"/>
  <tag k="name:kn" v="ಬ್ರಿಗೇಡ್ ರಸ್ತೆ"/>
  <tag k="oneway" v="yes"/>
  <tag k="sidewalk" v="separate"/>
  <tag k="smoothness" v="excellent"/>
  <tag k="source:auto_rikshaw" v="sign"/>
  <tag k="surface" v="asphalt"/>
 </way>
 <way id="1151679464" visible="true" version="6" changeset="163679594" timestamp="2025-03-16T09:21:45Z" user="uknown-gryphus" uid="2425805">
  <nd ref="10713549349"/>
  <nd ref="11464483508"/>
  <nd ref="4318640432"/>
  <nd ref="11464483505"/>
  <tag k="alt_name" v="M G Road"/>
  <tag k="highway" v="secondary"/>
  <tag k="lanes" v="2"/>
  <tag k="maxheight" v="5.5"/>
  <tag k="maxspeed" v="30"/>
  <tag k="name" v="Mahatma Gandhi Road"/>
  <tag k="name:etymology:wikidata" v="Q1001"/>
  <tag k="name:kn" v="ಮಹಾತ್ಮ ಗಾಂಧಿ ರಸ್ತೆ"/>
  <tag k="note" v="Whitetopping work planned based on tenders issued in 2024"/>
  <tag k="old_name" v="South Parade"/>
  <tag k="oneway" v="yes"/>
  <tag k="short_name" v="MG Road"/>
  <tag k="sidewalk" v="separate"/>
  <tag k="smoothness" v="excellent"/>
  <tag k="surface" v="asphalt"/>
 </way>
 <way id="1196514128" visible="true" version="10" changeset="163757431" timestamp="2025-03-18T04:03:23Z" user="uknown-gryphus" uid="2425805">
  <nd ref="7676373070"/>
  <nd ref="4562270106"/>
  <nd ref="8505642726"/>
  <nd ref="8505642728"/>
  <nd ref="8505642729"/>
  <nd ref="8505642730"/>
  <nd ref="10713549349"/>
  <tag k="alt_name" v="M G Road"/>
  <tag k="dual_carriageway" v="yes"/>
  <tag k="highway" v="secondary"/>
  <tag k="lanes" v="2"/>
  <tag k="lit" v="yes"/>
  <tag k="maxheight" v="5.5"/>
  <tag k="maxspeed" v="30"/>
  <tag k="name" v="Mahatma Gandhi Road"/>
  <tag k="name:etymology:wikidata" v="Q1001"/>
  <tag k="name:kn" v="ಮಹಾತ್ಮ ಗಾಂಧಿ ರಸ್ತೆ"/>
  <tag k="note" v="Whitetopping work planned based on tenders issued in 2024"/>
  <tag k="old_name" v="South Parade"/>
  <tag k="oneway" v="yes"/>
  <tag k="parking:both" v="no"/>
  <tag k="short_name" v="MG Road"/>
  <tag k="sidewalk" v="separate"/>
  <tag k="smoothness" v="excellent"/>
  <tag k="surface" v="asphalt"/>
 </way>
 <way id="1217769112" visible="true" version="4" changeset="177164620" timestamp="2026-01-13T06:19:08Z" user="uknown-gryphus" uid="2425805">
  <nd ref="11283488009"/>
  <nd ref="11283488008"/>
  <nd ref="11283488007"/>
  <nd ref="11283488006"/>
  <nd ref="11283488005"/>
  <nd ref="11283488000"/>
  <nd ref="11286429146"/>
  <nd ref="12679813751"/>
  <nd ref="13451926948"/>
  <nd ref="10123614593"/>
  <tag k="footway" v="sidewalk"/>
  <tag k="highway" v="footway"/>
  <tag k="kerb" v="raised"/>
 </way>
 <way id="1217769116" visible="true" version="1" changeset="143016331" timestamp="2023-10-23T12:27:17Z" user="uknown-gryphus" uid="2425805">
  <nd ref="11283488023"/>
  <nd ref="3997461616"/>
  <tag k="footway" v="sidewalk"/>
  <tag k="highway" v="footway"/>
  <tag k="kerb" v="raised"/>
 </way>
 <way id="1217769117" visible="true" version="1" changeset="143016331" timestamp="2023-10-23T12:27:17Z" user="uknown-gryphus" uid="2425805">
  <nd ref="7132452571"/>
  <nd ref="11283488024"/>
  <tag k="footway" v="sidewalk"/>
  <tag k="highway" v="footway"/>
  <tag k="kerb" v="raised"/>
 </way>
 <way id="1217769118" visible="true" version="1" changeset="143016331" timestamp="2023-10-23T12:27:17Z" user="uknown-gryphus" uid="2425805">
  <nd ref="11283488025"/>
  <nd ref="3343241409"/>
  <tag k="footway" v="sidewalk"/>
  <tag k="highway" v="footway"/>
  <tag k="kerb" v="raised"/>
 </way>
 <way id="1217769119" visible="true" version="1" changeset="143016331" timestamp="2023-10-23T12:27:17Z" user="uknown-gryphus" uid="2425805">
  <nd ref="3343241418"/>
  <nd ref="11283488026"/>
  <tag k="footway" v="sidewalk"/>
  <tag k="highway" v="footway"/>
  <tag k="kerb" v="raised"/>
 </way>
 <way id="1227562842" visible="true" version="6" changeset="163679594" timestamp="2025-03-16T09:21:45Z" user="uknown-gryphus" uid="2425805">
  <nd ref="11383482022"/>
  <nd ref="334482516"/>
  <nd ref="11464483510"/>
  <nd ref="11464483504"/>
  <tag k="alt_name" v="M G Road"/>
  <tag k="highway" v="secondary"/>
  <tag k="lanes" v="3"/>
  <tag k="maxspeed" v="30"/>
  <tag k="name" v="Mahatma Gandhi Road"/>
  <tag k="name:etymology:wikidata" v="Q1001"/>
  <tag k="name:kn" v="ಮಹಾತ್ಮ ಗಾಂಧಿ ರಸ್ತೆ"/>
  <tag k="note" v="Whitetopping work planned based on tenders issued in 2024"/>
  <tag k="old_name" v="South Parade"/>
  <tag k="oneway" v="yes"/>
  <tag k="restriction" v="no_parking"/>
  <tag k="short_name" v="MG Road"/>
  <tag k="sidewalk" v="separate"/>
  <tag k="smoothness" v="excellent"/>
  <tag k="surface" v="asphalt"/>
  <tag k="turn:lanes" v="left|through|through"/>
 </way>
 <way id="1227562843" visible="true" version="5" changeset="163679594" timestamp="2025-03-16T09:21:45Z" user="uknown-gryphus" uid="2425805">
  <nd ref="7702031457"/>
  <nd ref="11464483511"/>
  <nd ref="11383482023"/>
  <tag k="alt_name" v="M G Road"/>
  <tag k="highway" v="secondary"/>
  <tag k="lanes" v="3"/>
  <tag k="maxheight" v="default"/>
  <tag k="maxspeed" v="30"/>
  <tag k="name" v="Mahatma Gandhi Road"/>
  <tag k="name:etymology:wikidata" v="Q1001"/>
  <tag k="name:kn" v="ಮಹಾತ್ಮ ಗಾಂಧಿ ರಸ್ತೆ"/>
  <tag k="note" v="Whitetopping work planned based on tenders issued in 2024"/>
  <tag k="old_name" v="South Parade"/>
  <tag k="oneway" v="yes"/>
  <tag k="parking:left" v="lane"/>
  <tag k="short_name" v="MG Road"/>
  <tag k="smoothness" v="excellent"/>
  <tag k="surface" v="asphalt"/>
 </way>
 <way id="1227562844" visible="true" version="5" changeset="163679594" timestamp="2025-03-16T09:21:45Z" user="uknown-gryphus" uid="2425805">
  <nd ref="10123752378"/>
  <nd ref="10123752380"/>
  <nd ref="11383482024"/>
  <tag k="alt_name" v="M G Road"/>
  <tag k="highway" v="secondary"/>
  <tag k="lanes" v="2"/>
  <tag k="lit" v="yes"/>
  <tag k="maxheight" v="5.5"/>
  <tag k="maxspeed" v="30"/>
  <tag k="name" v="Mahatma Gandhi Road"/>
  <tag k="name:etymology:wikidata" v="Q1001"/>
  <tag k="name:kn" v="ಮಹಾತ್ಮ ಗಾಂಧಿ ರಸ್ತೆ"/>
  <tag k="note" v="Whitetopping work planned based on tenders issued in 2024"/>
  <tag k="old_name" v="South Parade"/>
  <tag k="oneway" v="yes"/>
  <tag k="restriction" v="no_parking"/>
  <tag k="short_name" v="MG Road"/>
  <tag k="sidewalk" v="separate"/>
  <tag k="smoothness" v="excellent"/>
  <tag k="surface" v="asphalt"/>
 </way>
 <way id="1235086771" visible="true" version="1" changeset="145644049" timestamp="2023-12-29T03:07:29Z" user="uknown-gryphus" uid="2425805">
  <nd ref="11464483506"/>
  <nd ref="11464483507"/>
  <tag k="footway" v="sidewalk"/>
  <tag k="highway" v="footway"/>
 </way>
 <way id="1235086772" visible="true" version="1" changeset="145644049" timestamp="2023-12-29T03:07:29Z" user="uknown-gryphus" uid="2425805">
  <nd ref="11464483507"/>
  <nd ref="11464483510"/>
  <nd ref="11464483511"/>
  <nd ref="11464483509"/>
  <tag k="crossing" v="uncontrolled"/>
  <tag k="crossing:markings" v="zebra"/>
  <tag k="footway" v="crossing"/>
  <tag k="highway" v="footway"/>
  <tag k="surface" v="asphalt"/>
 </way>
 <way id="1235086773" visible="true" version="1" changeset="145644049" timestamp="2023-12-29T03:07:29Z" user="uknown-gryphus" uid="2425805">
  <nd ref="11464483509"/>
  <nd ref="11283488009"/>
  <tag k="footway" v="sidewalk"/>
  <tag k="highway" v="footway"/>
 </way>
 <way id="1235836659" visible="true" version="1" changeset="145736966" timestamp="2023-12-31T15:07:44Z" user="reueld" uid="11621428">
  <nd ref="11473094167"/>
  <nd ref="11473094168"/>
  <nd ref="11473125869"/>
  <nd ref="11473125870"/>
  <nd ref="11473094167"/>
  <tag k="access" v="private"/>
  <tag k="amenity" v="parking"/>
  <tag k="fee" v="yes"/>
  <tag k="parking" v="surface"/>
 </way>
 <way id="1236030998" visible="true" version="4" changeset="177205425" timestamp="2026-01-14T05:35:05Z" user="uknown-gryphus" uid="2425805">
  <nd ref="11476034381"/>
  <nd ref="11476034380"/>
  <nd ref="13449411826"/>
  <nd ref="13449411764"/>
  <nd ref="13449411827"/>
  <nd ref="13449411828"/>
  <nd ref="13449411829"/>
  <nd ref="13449411830"/>
  <nd ref="13455343661"/>
  <nd ref="13455343662"/>
  <nd ref="11476034379"/>
  <nd ref="11476034378"/>
  <nd ref="11476034381"/>
  <tag k="area" v="yes"/>
  <tag k="junction" v="yes"/>
  <tag k="name" v="Cauvery Junction"/>
  <tag k="note" v="MODERATO Traffic Control System"/>
 </way>
 <way id="1284657937" visible="true" version="4" changeset="177122227" timestamp="2026-01-12T05:30:39Z" user="uknown-gryphus" uid="2425805">
  <nd ref="12146187993"/>
  <nd ref="13449397266"/>
  <nd ref="13449411825"/>
  <nd ref="11917941753"/>
  <nd ref="12146187992"/>
  <nd ref="12146187993"/>
  <tag k="landuse" v="construction"/>
 </way>
 <way id="1284657938" visible="true" version="2" changeset="155430145" timestamp="2024-08-18T18:54:12Z" user="Vonter" uid="3926189">
  <nd ref="11917941756"/>
  <nd ref="3343241441"/>
  <nd ref="11917941754"/>
  <nd ref="11917941755"/>
  <nd ref="11917941756"/>
  <tag k="building" v="commercial"/>
 </way>
 <way id="1284657939" visible="true" version="2" changeset="161247834" timestamp="2025-01-11T17:28:34Z" user="Vonter" uid="3926189">
  <nd ref="11917941758"/>
  <nd ref="11917941756"/>
  <nd ref="11917941755"/>
  <nd ref="11917941757"/>
  <nd ref="11917941759"/>
  <nd ref="11917941758"/>
  <tag k="building" v="commercial"/>
 </way>
 <way id="1284657940" visible="true" version="2" changeset="155430145" timestamp="2024-08-18T18:54:12Z" user="Vonter" uid="3926189">
  <nd ref="11917941761"/>
  <nd ref="11917941758"/>
  <nd ref="11917941759"/>
  <nd ref="11917941760"/>
  <nd ref="11917941761"/>
  <tag k="building" v="commercial"/>
 </way>
 <way id="1300092049" visible="true" version="1" changeset="153718579" timestamp="2024-07-08T19:40:54Z" user="Vonter" uid="3926189">
  <nd ref="12042361261"/>
  <nd ref="12042361162"/>
  <nd ref="12042361161"/>
  <nd ref="12042361160"/>
  <nd ref="12042361159"/>
  <nd ref="12042361158"/>
  <nd ref="12042361157"/>
  <nd ref="12042361156"/>
  <nd ref="12042361155"/>
  <nd ref="12042361154"/>
  <nd ref="12042361153"/>
  <nd ref="12042361152"/>
  <nd ref="12042361151"/>
  <nd ref="12042361150"/>
  <nd ref="12042361149"/>
  <nd ref="12042361148"/>
  <nd ref="12042361147"/>
  <nd ref="12042361146"/>
  <nd ref="12042361145"/>
 </way>
 <way id="1303001632" visible="true" version="1" changeset="154245338" timestamp="2024-07-22T05:50:35Z" user="uknown-gryphus" uid="2425805">
  <nd ref="12067499931"/>
  <nd ref="12067499932"/>
  <tag k="highway" v="service"/>
  <tag k="service" v="parking_aisle"/>
 </way>
 <way id="1303001633" visible="true" version="1" changeset="154245338" timestamp="2024-07-22T05:50:35Z" user="uknown-gryphus" uid="2425805">
  <nd ref="12067499933"/>
  <nd ref="12067499934"/>
  <tag k="highway" v="service"/>
  <tag k="service" v="parking_aisle"/>
 </way>
 <way id="1304116277" visible="true" version="3" changeset="161247834" timestamp="2025-01-11T17:28:34Z" user="Vonter" uid="3926189">
  <nd ref="11013767556"/>
  <nd ref="12161265037"/>
  <nd ref="12121491027"/>
  <nd ref="4044210538"/>
  <nd ref="10887289992"/>
  <nd ref="10887289991"/>
  <nd ref="10887289990"/>
  <nd ref="11013767557"/>
  <nd ref="11013767556"/>
  <tag k="landuse" v="commercial"/>
 </way>
 <way id="1304264423" visible="true" version="1" changeset="154523131" timestamp="2024-07-28T14:10:29Z" user="Vonter" uid="3926189">
  <nd ref="12078498370"/>
  <nd ref="12078498369"/>
  <nd ref="12078498268"/>
  <nd ref="12078498267"/>
  <nd ref="12078498370"/>
  <tag k="access" v="permissive"/>
  <tag k="amenity" v="parking"/>
  <tag k="operator" v="BBMP"/>
  <tag k="orientation" v="parallel"/>
  <tag k="parking" v="street_side"/>
 </way>
 <way id="1304762570" visible="true" version="1" changeset="154629568" timestamp="2024-07-31T03:49:35Z" user="uknown-gryphus" uid="2425805">
  <nd ref="12084294675"/>
  <nd ref="12084294676"/>
  <nd ref="12084294677"/>
  <nd ref="12084294678"/>
  <nd ref="12084294675"/>
  <tag k="bridge:support" v="pier"/>
  <tag k="layer" v="1"/>
  <tag k="material" v="concrete"/>
 </way>
 <way id="1304762571" visible="true" version="1" changeset="154629568" timestamp="2024-07-31T03:49:35Z" user="uknown-gryphus" uid="2425805">
  <nd ref="12084294679"/>
  <nd ref="12084294680"/>
  <nd ref="12084294681"/>
  <nd ref="12084294682"/>
  <nd ref="12084294679"/>
  <tag k="bridge:support" v="pier"/>
  <tag k="layer" v="1"/>
  <tag k="material" v="concrete"/>
 </way>
 <way id="1304762572" visible="true" version="2" changeset="177164620" timestamp="2026-01-13T06:19:08Z" user="uknown-gryphus" uid="2425805">
  <nd ref="12084294684"/>
  <nd ref="12084294683"/>
  <nd ref="13451926966"/>
  <nd ref="12084294685"/>
  <tag k="crossing" v="traffic_signals"/>
  <tag k="crossing:markings" v="no"/>
  <tag k="footway" v="crossing"/>
  <tag k="highway" v="footway"/>
 </way>
 <way id="1304762573" visible="true" version="2" changeset="177164620" timestamp="2026-01-13T06:19:08Z" user="uknown-gryphus" uid="2425805">
  <nd ref="12084294685"/>
  <nd ref="13451936305"/>
  <nd ref="11283488009"/>
  <tag k="footway" v="sidewalk"/>
  <tag k="highway" v="footway"/>
 </way>
 <way id="1304762574" visible="true" version="1" changeset="154629568" timestamp="2024-07-31T03:49:35Z" user="uknown-gryphus" uid="2425805">
  <nd ref="12084294686"/>
  <nd ref="12084294687"/>
  <nd ref="12084294688"/>
  <nd ref="12084294689"/>
  <nd ref="12084294686"/>
  <tag k="bridge:support" v="pier"/>
  <tag k="layer" v="1"/>
  <tag k="material" v="concrete"/>
 </way>
 <way id="1308942090" visible="true" version="2" changeset="161247834" timestamp="2025-01-11T17:28:34Z" user="Vonter" uid="3926189">
  <nd ref="12121491017"/>
  <nd ref="12121491018"/>
  <nd ref="12121491019"/>
  <nd ref="12121491027"/>
  <tag k="highway" v="service"/>
  <tag k="service" v="driveway"/>
 </way>
 <way id="1308942091" visible="true" version="3" changeset="177205425" timestamp="2026-01-14T05:35:05Z" user="uknown-gryphus" uid="2425805">
  <nd ref="12121491024"/>
  <nd ref="12121491023"/>
  <nd ref="13455267149"/>
  <nd ref="12121491018"/>
  <nd ref="11464483507"/>
  <nd ref="12121491022"/>
  <nd ref="12121491021"/>
  <nd ref="13449397276"/>
  <nd ref="13449397275"/>
  <nd ref="11283488025"/>
  <tag k="barrier" v="kerb"/>
  <tag k="kerb" v="raised"/>
 </way>
 <way id="1313897886" visible="true" version="2" changeset="161247834" timestamp="2025-01-11T17:28:34Z" user="Vonter" uid="3926189">
  <nd ref="12161265037"/>
  <nd ref="12161265035"/>
  <tag k="access" v="private"/>
  <tag k="highway" v="service"/>
  <tag k="service" v="driveway"/>
 </way>
 <way id="1313897887" visible="true" version="3" changeset="177205425" timestamp="2026-01-14T05:35:05Z" user="uknown-gryphus" uid="2425805">
  <nd ref="12161265034"/>
  <nd ref="13455267149"/>
  <nd ref="12161265036"/>
  <nd ref="12161265037"/>
  <tag k="highway" v="service"/>
  <tag k="service" v="driveway"/>
 </way>
 <way id="1326183923" visible="true" version="1" changeset="158113377" timestamp="2024-10-20T04:27:42Z" user="Vonter" uid="3926189">
  <nd ref="12270307289"/>
  <nd ref="12270307286"/>
  <nd ref="12270307287"/>
  <nd ref="12270307288"/>
  <nd ref="12270307289"/>
  <tag k="building" v="construction"/>
  <tag k="building:levels" v="3"/>
  <tag k="construction" v="commercial"/>
 </way>
 <way id="1343003782" visible="true" version="3" changeset="177122227" timestamp="2026-01-12T05:30:39Z" user="uknown-gryphus" uid="2425805">
  <nd ref="12146187994"/>
  <nd ref="13449411947"/>
  <nd ref="12146209008"/>
  <nd ref="12146209009"/>
  <nd ref="12425958283"/>
  <nd ref="12425958282"/>
  <nd ref="13449411766"/>
  <nd ref="12425958281"/>
  <tag k="access" v="private"/>
  <tag k="highway" v="service"/>
  <tag k="service" v="driveway"/>
 </way>
 <way id="1350409196" visible="true" version="1" changeset="161247834" timestamp="2025-01-11T17:28:34Z" user="Vonter" uid="3926189">
  <nd ref="12121491027"/>
  <nd ref="12121491020"/>
  <tag k="access" v="private"/>
  <tag k="highway" v="service"/>
  <tag k="service" v="driveway"/>
 </way>
 <way id="1354573717" visible="true" version="2" changeset="161804614" timestamp="2025-01-27T06:00:11Z" user="Vonter" uid="3926189">
  <nd ref="12535626941"/>
  <nd ref="12535626940"/>
  <nd ref="12535626939"/>
  <nd ref="12535626938"/>
  <nd ref="12535626941"/>
  <tag k="alt_name" v="Platform 1"/>
  <tag k="bench" v="yes"/>
  <tag k="covered" v="yes"/>
  <tag k="departures_board" v="realtime"/>
  <tag k="departures_board:speech_output" v="yes"/>
  <tag k="layer" v="2"/>
  <tag k="level" v="2"/>
  <tag k="local_ref" v="1"/>
  <tag k="network" v="Namma Metro"/>
  <tag k="operator" v="BMRCL"/>
  <tag k="passenger_information_display" v="yes"/>
  <tag k="public_transport" v="platform"/>
  <tag k="railway" v="platform"/>
  <tag k="shelter" v="yes"/>
  <tag k="subway" v="yes"/>
  <tag k="surveillance" v="yes"/>
  <tag k="tactile_paving" v="yes"/>
  <tag k="wheelchair" v="yes"/>
 </way>
 <way id="1354573718" visible="true" version="2" changeset="161804614" timestamp="2025-01-27T06:00:11Z" user="Vonter" uid="3926189">
  <nd ref="12535626945"/>
  <nd ref="12535626942"/>
  <nd ref="12535626943"/>
  <nd ref="12535626944"/>
  <nd ref="12535626945"/>
  <tag k="alt_name" v="Platform 2"/>
  <tag k="bench" v="yes"/>
  <tag k="covered" v="yes"/>
  <tag k="departures_board" v="realtime"/>
  <tag k="departures_board:speech_output" v="yes"/>
  <tag k="layer" v="2"/>
  <tag k="level" v="2"/>
  <tag k="local_ref" v="2"/>
  <tag k="network" v="Namma Metro"/>
  <tag k="operator" v="BMRCL"/>
  <tag k="passenger_information_display" v="yes"/>
  <tag k="public_transport" v="platform"/>
  <tag k="railway" v="platform"/>
  <tag k="shelter" v="yes"/>
  <tag k="subway" v="yes"/>
  <tag k="surveillance" v="yes"/>
  <tag k="tactile_paving" v="yes"/>
  <tag k="wheelchair" v="yes"/>
 </way>
 <way id="1362481684" visible="true" version="1" changeset="162876555" timestamp="2025-02-24T05:39:33Z" user="Vonter" uid="3926189">
  <nd ref="12614947466"/>
  <nd ref="12614947465"/>
  <tag k="conveying" v="forward"/>
  <tag k="highway" v="steps"/>
  <tag k="incline" v="up"/>
  <tag k="indoor" v="yes"/>
  <tag k="level" v="1;2"/>
 </way>
 <way id="1362481685" visible="true" version="1" changeset="162876555" timestamp="2025-02-24T05:39:33Z" user="Vonter" uid="3926189">
  <nd ref="12614947468"/>
  <nd ref="12614947467"/>
  <tag k="conveying" v="forward"/>
  <tag k="highway" v="steps"/>
  <tag k="incline" v="up"/>
  <tag k="indoor" v="yes"/>
  <tag k="level" v="1;2"/>
 </way>
 <way id="1362481688" visible="true" version="1" changeset="162876555" timestamp="2025-02-24T05:39:33Z" user="Vonter" uid="3926189">
  <nd ref="12614947476"/>
  <nd ref="12614947477"/>
  <tag k="conveying" v="forward"/>
  <tag k="highway" v="steps"/>
  <tag k="incline" v="up"/>
  <tag k="indoor" v="yes"/>
  <tag k="level" v="0;1"/>
 </way>
 <way id="1362481689" visible="true" version="1" changeset="162876555" timestamp="2025-02-24T05:39:33Z" user="Vonter" uid="3926189">
  <nd ref="12614947478"/>
  <nd ref="12614947479"/>
  <tag k="conveying" v="forward"/>
  <tag k="highway" v="steps"/>
  <tag k="incline" v="up"/>
  <tag k="indoor" v="yes"/>
  <tag k="level" v="0;1"/>
 </way>
 <way id="1362481691" visible="true" version="1" changeset="162876555" timestamp="2025-02-24T05:39:33Z" user="Vonter" uid="3926189">
  <nd ref="12614947488"/>
  <nd ref="12614947489"/>
  <tag k="highway" v="steps"/>
  <tag k="incline" v="up"/>
  <tag k="level" v="0;1"/>
 </way>
 <way id="1362481694" visible="true" version="1" changeset="162876555" timestamp="2025-02-24T05:39:33Z" user="Vonter" uid="3926189">
  <nd ref="12614947486"/>
  <nd ref="12614947487"/>
  <tag k="highway" v="steps"/>
  <tag k="incline" v="up"/>
  <tag k="level" v="0;1"/>
 </way>
 <way id="1363610156" visible="true" version="1" changeset="163057402" timestamp="2025-02-28T15:30:56Z" user="Vonter" uid="3926189">
  <nd ref="11013767557"/>
  <nd ref="11013767556"/>
  <nd ref="4044210536"/>
  <nd ref="11013767558"/>
  <nd ref="10887289989"/>
  <nd ref="12625806963"/>
  <nd ref="11013767557"/>
  <tag k="natural" v="scrub"/>
 </way>
 <way id="1412649982" visible="true" version="3" changeset="177164620" timestamp="2026-01-13T06:19:08Z" user="uknown-gryphus" uid="2425805">
  <nd ref="3997461616"/>
  <nd ref="12981639468"/>
  <nd ref="12981639469"/>
  <nd ref="13391153096"/>
  <nd ref="13391153095"/>
  <nd ref="13391153094"/>
  <nd ref="13391153093"/>
  <nd ref="13391153092"/>
  <nd ref="12981639467"/>
  <nd ref="12981639466"/>
  <tag k="covered" v="no"/>
  <tag k="footway" v="sidewalk"/>
  <tag k="highway" v="footway"/>
  <tag k="smoothness" v="excellent"/>
  <tag k="surface" v="paving_stones"/>
 </way>
 <way id="1412649985" visible="true" version="1" changeset="168547144" timestamp="2025-07-06T06:11:30Z" user="Vonter" uid="3926189">
  <nd ref="12981639496"/>
  <nd ref="12981639493"/>
  <nd ref="12981639483"/>
  <nd ref="12981639494"/>
  <nd ref="12981639495"/>
  <nd ref="12981639496"/>
  <tag k="building" v="yes"/>
 </way>
 <way id="1460095246" visible="true" version="1" changeset="176189703" timestamp="2025-12-20T17:15:07Z" user="Vonter" uid="3926189">
  <nd ref="13391153091"/>
  <nd ref="13391153090"/>
  <nd ref="13391153089"/>
  <nd ref="13391153088"/>
  <nd ref="13391153091"/>
  <tag k="building" v="yes"/>
 </way>
 <way id="1466372622" visible="true" version="1" changeset="177122227" timestamp="2026-01-12T05:30:39Z" user="uknown-gryphus" uid="2425805">
  <nd ref="3343241161"/>
  <nd ref="13449411940"/>
  <nd ref="13449411941"/>
  <nd ref="11283488026"/>
  <nd ref="13449411765"/>
  <nd ref="13449397279"/>
  <nd ref="3343241413"/>
  <nd ref="13449397278"/>
  <nd ref="3343241161"/>
  <tag k="area" v="yes"/>
  <tag k="footway" v="sidewalk"/>
  <tag k="highway" v="footway"/>
  <tag k="surface" v="paving_stones"/>
 </way>
 <way id="1466372623" visible="true" version="1" changeset="177122227" timestamp="2026-01-12T05:30:39Z" user="uknown-gryphus" uid="2425805">
  <nd ref="13449397284"/>
  <nd ref="13449397283"/>
  <nd ref="13449397282"/>
  <nd ref="13449397281"/>
  <nd ref="13449397284"/>
  <tag k="amenity" v="parking_space"/>
 </way>
 <way id="1466372624" visible="true" version="1" changeset="177122227" timestamp="2026-01-12T05:30:39Z" user="uknown-gryphus" uid="2425805">
  <nd ref="13449397288"/>
  <nd ref="13449397287"/>
  <nd ref="13449397286"/>
  <nd ref="13449397285"/>
  <nd ref="13449397288"/>
  <tag k="amenity" v="parking_space"/>
 </way>
 <way id="1466372625" visible="true" version="1" changeset="177122227" timestamp="2026-01-12T05:30:39Z" user="uknown-gryphus" uid="2425805">
  <nd ref="13449397292"/>
  <nd ref="13449397291"/>
  <nd ref="13449397290"/>
  <nd ref="13449397289"/>
  <nd ref="13449397292"/>
  <tag k="amenity" v="parking_space"/>
 </way>
 <way id="1466372626" visible="true" version="1" changeset="177122227" timestamp="2026-01-12T05:30:39Z" user="uknown-gryphus" uid="2425805">
  <nd ref="13449397296"/>
  <nd ref="13449397295"/>
  <nd ref="13449397294"/>
  <nd ref="13449397293"/>
  <nd ref="13449397296"/>
  <tag k="amenity" v="parking_space"/>
 </way>
 <way id="1466372641" visible="true" version="1" changeset="177122227" timestamp="2026-01-12T05:30:39Z" user="uknown-gryphus" uid="2425805">
  <nd ref="13449411768"/>
  <nd ref="3343241602"/>
  <nd ref="10842045333"/>
  <nd ref="1928478772"/>
  <nd ref="6797112086"/>
  <nd ref="6797112085"/>
  <nd ref="1928478775"/>
  <nd ref="12077213895"/>
  <nd ref="13449411767"/>
  <nd ref="1928484337"/>
  <nd ref="3343241045"/>
  <nd ref="3343241038"/>
  <nd ref="3343241031"/>
  <nd ref="13449411766"/>
  <nd ref="13449397280"/>
  <nd ref="3343241421"/>
  <nd ref="3343241413"/>
  <nd ref="13449397279"/>
  <nd ref="13449411765"/>
  <nd ref="13449411828"/>
  <nd ref="13449411827"/>
  <nd ref="13449411840"/>
  <nd ref="13449411841"/>
  <nd ref="13449411842"/>
  <nd ref="13449411843"/>
  <nd ref="13449411844"/>
  <nd ref="13449411831"/>
  <nd ref="13449411832"/>
  <nd ref="13449411833"/>
  <nd ref="13449411834"/>
  <nd ref="13449411835"/>
  <nd ref="13449411836"/>
  <nd ref="13449411764"/>
  <nd ref="13449411763"/>
  <nd ref="11283488024"/>
  <nd ref="13449411762"/>
  <nd ref="13449411761"/>
  <nd ref="13449411760"/>
  <nd ref="13449411759"/>
  <nd ref="13449411758"/>
  <nd ref="13449411757"/>
  <nd ref="13449411756"/>
  <nd ref="13449411755"/>
  <nd ref="13449411754"/>
  <nd ref="13449411753"/>
  <nd ref="11283488149"/>
  <nd ref="13449411768"/>
  <tag k="area" v="yes"/>
  <tag k="highway" v="footway"/>
  <tag k="surface" v="paving_stones"/>
 </way>
 <way id="1466372650" visible="true" version="1" changeset="177122227" timestamp="2026-01-12T05:30:39Z" user="uknown-gryphus" uid="2425805">
  <nd ref="13449411844"/>
  <nd ref="13449411843"/>
  <nd ref="13449411842"/>
  <nd ref="13449411841"/>
  <nd ref="13449411840"/>
  <nd ref="13449411839"/>
  <nd ref="13449411838"/>
  <nd ref="13449411837"/>
  <nd ref="13449411836"/>
  <nd ref="13449411835"/>
  <nd ref="13449411834"/>
  <nd ref="13449411833"/>
  <nd ref="13449411832"/>
  <nd ref="13449411831"/>
  <nd ref="13449411844"/>
  <tag k="building" v="kiosk"/>
 </way>
 <way id="1466669638" visible="true" version="1" changeset="177164620" timestamp="2026-01-13T06:19:08Z" user="uknown-gryphus" uid="2425805">
  <nd ref="13451936306"/>
  <nd ref="13451936305"/>
  <tag k="footway" v="sidewalk"/>
  <tag k="highway" v="footway"/>
  <tag k="smoothness" v="excellent"/>
  <tag k="surface" v="paving_stones"/>
 </way>
 <way id="1466955037" visible="true" version="1" changeset="177205425" timestamp="2026-01-14T05:35:05Z" user="uknown-gryphus" uid="2425805">
  <nd ref="13455267153"/>
  <nd ref="13455267152"/>
  <nd ref="13455267151"/>
  <nd ref="13449397273"/>
  <nd ref="1837445415"/>
  <nd ref="4044210538"/>
  <nd ref="12121491027"/>
  <nd ref="12161265037"/>
  <nd ref="11013767556"/>
  <nd ref="10989264241"/>
  <nd ref="4044210536"/>
  <nd ref="9160955555"/>
  <nd ref="13455267150"/>
  <nd ref="12121491024"/>
  <nd ref="12121491023"/>
  <nd ref="13455267149"/>
  <nd ref="12121491018"/>
  <nd ref="11464483507"/>
  <nd ref="12121491022"/>
  <nd ref="12121491021"/>
  <nd ref="13449397276"/>
  <nd ref="13449397275"/>
  <nd ref="11283488025"/>
  <nd ref="13455267153"/>
  <tag k="area" v="yes"/>
  <tag k="highway" v="footway"/>
  <tag k="surface" v="paving_stones"/>
 </way>
 <way id="1466955038" visible="true" version="1" changeset="177205425" timestamp="2026-01-14T05:35:05Z" user="uknown-gryphus" uid="2425805">
  <nd ref="3379680276"/>
  <nd ref="13455267156"/>
  <nd ref="13455267155"/>
  <nd ref="13455267154"/>
  <nd ref="3379680269"/>
  <nd ref="3379680276"/>
  <tag k="building" v="roof"/>
  <tag k="layer" v="1"/>
 </way>
 <relation id="1798771" visible="true" version="71" changeset="163913648" timestamp="2025-03-21T16:16:22Z" user="Vonter" uid="3926189">
  <member type="node" ref="10761647017" role="stop"/>
  <member type="node" ref="10761647019" role="stop"/>
  <member type="node" ref="10761647021" role="stop"/>
  <member type="node" ref="10761647023" role="stop"/>
  <member type="node" ref="10761647025" role="stop"/>
  <member type="node" ref="10761647027" role="stop"/>
  <member type="node" ref="10761647029" role="stop"/>
  <member type="node" ref="1576856364" role="stop"/>
  <member type="node" ref="2643922981" role="stop"/>
  <member type="node" ref="10761647033" role="stop"/>
  <member type="node" ref="10761647035" role="stop"/>
  <member type="node" ref="4548694631" role="stop"/>
  <member type="node" ref="4548694596" role="stop"/>
  <member type="node" ref="568363732" role="stop"/>
  <member type="node" ref="850782866" role="stop"/>
  <member type="node" ref="850782880" role="stop"/>
  <member type="node" ref="431524247" role="stop"/>
  <member type="node" ref="428847118" role="stop"/>
  <member type="node" ref="850782876" role="stop"/>
  <member type="node" ref="3343297219" role="stop"/>
  <member type="node" ref="568344479" role="stop"/>
  <member type="node" ref="1087823607" role="stop"/>
  <member type="node" ref="5305932617" role="stop"/>
  <member type="node" ref="1560067666" role="stop"/>
  <member type="node" ref="1820408689" role="stop"/>
  <member type="node" ref="1565099143" role="stop"/>
  <member type="node" ref="1565099088" role="stop"/>
  <member type="node" ref="1565099087" role="stop"/>
  <member type="node" ref="568345184" role="stop"/>
  <member type="node" ref="568345526" role="stop"/>
  <member type="node" ref="1576912437" role="stop"/>
  <member type="node" ref="1576912366" role="stop"/>
  <member type="node" ref="9048813176" role="stop"/>
  <member type="node" ref="9048813174" role="stop"/>
  <member type="node" ref="9048813173" role="stop"/>
  <member type="node" ref="9048813172" role="stop"/>
  <member type="node" ref="11248381605" role="stop"/>
  <member type="way" ref="549187816" role=""/>
  <member type="way" ref="549187817" role=""/>
  <member type="way" ref="494676178" role=""/>
  <member type="way" ref="549187818" role=""/>
  <member type="way" ref="458951605" role=""/>
  <member type="way" ref="1240358637" role=""/>
  <member type="way" ref="458951602" role=""/>
  <member type="way" ref="458951609" role=""/>
  <member type="way" ref="458948592" role=""/>
  <member type="way" ref="549187823" role=""/>
  <member type="way" ref="458948600" role=""/>
  <member type="way" ref="259063035" role=""/>
  <member type="way" ref="549187824" role=""/>
  <member type="way" ref="458948598" role=""/>
  <member type="way" ref="144106294" role=""/>
  <member type="way" ref="537962221" role=""/>
  <member type="way" ref="549187827" role=""/>
  <member type="way" ref="1190020854" role=""/>
  <member type="way" ref="1190020852" role=""/>
  <member type="way" ref="408874877" role=""/>
  <member type="way" ref="141182198" role=""/>
  <member type="way" ref="133867980" role=""/>
  <member type="way" ref="141182197" role=""/>
  <member type="way" ref="575099769" role=""/>
  <member type="way" ref="133876199" role=""/>
  <member type="way" ref="549187829" role=""/>
  <member type="way" ref="549187830" role=""/>
  <member type="way" ref="549187831" role=""/>
  <member type="way" ref="549187832" role=""/>
  <member type="way" ref="508711042" role=""/>
  <member type="way" ref="549187834" role=""/>
  <member type="way" ref="44829220" role=""/>
  <member type="way" ref="549187836" role=""/>
  <member type="way" ref="549277222" role=""/>
  <member type="way" ref="133867981" role=""/>
  <member type="way" ref="549187839" role=""/>
  <member type="way" ref="549187840" role=""/>
  <member type="way" ref="170931978" role=""/>
  <member type="way" ref="549187841" role=""/>
  <member type="way" ref="549187842" role=""/>
  <member type="way" ref="172895638" role=""/>
  <member type="way" ref="549187843" role=""/>
  <member type="way" ref="549187844" role=""/>
  <member type="way" ref="260442664" role=""/>
  <member type="way" ref="549187845" role=""/>
  <member type="way" ref="549187847" role=""/>
  <member type="way" ref="549187846" role=""/>
  <member type="way" ref="328283580" role=""/>
  <member type="way" ref="408874881" role=""/>
  <member type="way" ref="549187848" role=""/>
  <member type="way" ref="977931842" role=""/>
  <tag k="colour" v="#e542de"/>
  <tag k="duration" v="01:20"/>
  <tag k="from" v="Whitefield (Kadugodi)"/>
  <tag k="interval" v="10"/>
  <tag k="interval:conditional" v="8 @ (Mo-Sa 10:57-15:21; Su 10:33-20:01; PH 07:14-20:01); 15 @ (Mo-Sa 22:01-00:00; Su,PH 22:45-00:00); 20 @ (Mo-Sa 05:00-05:20); 14 @ (Su,PH 22:31-22:45)"/>
  <tag k="name" v="Purple Line (Whitefield (Kadugodi) → Challaghatta)"/>
  <tag k="name:kn" v="ನೇರಳೆ ಪಥ (ವೈಟ್‌ಫೀಲ್ಡ್ (ಕಾಡುಗೋಡಿ) -&gt; ಚಲ್ಲಘಟ್ಟ)"/>
  <tag k="network" v="Namma Metro"/>
  <tag k="network:wikidata" v="Q279343"/>
  <tag k="opening_hours" v="Mo 04:15-00:00; Tu-Sa,PH 05:00-00:00; Su 07:00-00:00"/>
  <tag k="operator" v="BMRCL"/>
  <tag k="public_transport:version" v="2"/>
  <tag k="ref" v="Purple"/>
  <tag k="route" v="subway"/>
  <tag k="to" v="Challaghatta"/>
  <tag k="type" v="route"/>
  <tag k="wikidata" v="Q7261433"/>
  <tag k="wikipedia" v="en:Purple Line (Namma Metro)"/>
 </relation>
 <relation id="7841331" visible="true" version="28" changeset="163913648" timestamp="2025-03-21T16:16:22Z" user="Vonter" uid="3926189">
  <member type="node" ref="11248381604" role="stop"/>
  <member type="node" ref="7784456820" role="stop"/>
  <member type="node" ref="7784456818" role="stop"/>
  <member type="node" ref="9048813175" role="stop"/>
  <member type="node" ref="5760197776" role="stop"/>
  <member type="node" ref="5760197777" role="stop"/>
  <member type="node" ref="5760197778" role="stop"/>
  <member type="node" ref="5760197781" role="stop"/>
  <member type="node" ref="5760197782" role="stop"/>
  <member type="node" ref="5760197783" role="stop"/>
  <member type="node" ref="5760197784" role="stop"/>
  <member type="node" ref="5760197785" role="stop"/>
  <member type="node" ref="5760197786" role="stop"/>
  <member type="node" ref="5760197788" role="stop"/>
  <member type="node" ref="5760197800" role="stop"/>
  <member type="node" ref="5760197802" role="stop"/>
  <member type="node" ref="5760197799" role="stop"/>
  <member type="node" ref="5760197798" role="stop"/>
  <member type="node" ref="5760197795" role="stop"/>
  <member type="node" ref="5760197794" role="stop"/>
  <member type="node" ref="5760197793" role="stop"/>
  <member type="node" ref="5760197792" role="stop"/>
  <member type="node" ref="5760197790" role="stop"/>
  <member type="node" ref="5760197769" role="stop"/>
  <member type="node" ref="11248381603" role="stop"/>
  <member type="node" ref="10761647016" role="stop"/>
  <member type="node" ref="10761647036" role="stop"/>
  <member type="node" ref="10761647034" role="stop"/>
  <member type="node" ref="10761647032" role="stop"/>
  <member type="node" ref="10763340457" role="stop"/>
  <member type="node" ref="10761647030" role="stop"/>
  <member type="node" ref="10761647028" role="stop"/>
  <member type="node" ref="10761647026" role="stop"/>
  <member type="node" ref="10761647024" role="stop"/>
  <member type="node" ref="10761647022" role="stop"/>
  <member type="node" ref="10761647020" role="stop"/>
  <member type="node" ref="10761647018" role="stop"/>
  <member type="way" ref="977931841" role=""/>
  <member type="way" ref="607901244" role=""/>
  <member type="way" ref="607901245" role=""/>
  <member type="way" ref="607901246" role=""/>
  <member type="way" ref="742634556" role=""/>
  <member type="way" ref="607901247" role=""/>
  <member type="way" ref="607901248" role=""/>
  <member type="way" ref="607901249" role=""/>
  <member type="way" ref="607901250" role=""/>
  <member type="way" ref="607901251" role=""/>
  <member type="way" ref="607901252" role=""/>
  <member type="way" ref="607901253" role=""/>
  <member type="way" ref="607901254" role=""/>
  <member type="way" ref="607901255" role=""/>
  <member type="way" ref="607901256" role=""/>
  <member type="way" ref="607901257" role=""/>
  <member type="way" ref="607901258" role=""/>
  <member type="way" ref="607901259" role=""/>
  <member type="way" ref="607901271" role=""/>
  <member type="way" ref="607901270" role=""/>
  <member type="way" ref="607901269" role=""/>
  <member type="way" ref="607901268" role=""/>
  <member type="way" ref="607901267" role=""/>
  <member type="way" ref="607901266" role=""/>
  <member type="way" ref="607901265" role=""/>
  <member type="way" ref="607901264" role=""/>
  <member type="way" ref="607901263" role=""/>
  <member type="way" ref="607901262" role=""/>
  <member type="way" ref="607901260" role=""/>
  <member type="way" ref="607901242" role=""/>
  <member type="way" ref="607901240" role=""/>
  <member type="way" ref="607901239" role=""/>
  <member type="way" ref="607901238" role=""/>
  <member type="way" ref="1190020851" role=""/>
  <member type="way" ref="1190020853" role=""/>
  <member type="way" ref="607901237" role=""/>
  <member type="way" ref="607901236" role=""/>
  <member type="way" ref="607901234" role=""/>
  <member type="way" ref="607901233" role=""/>
  <member type="way" ref="607901231" role=""/>
  <member type="way" ref="607901230" role=""/>
  <member type="way" ref="607901229" role=""/>
  <member type="way" ref="607901228" role=""/>
  <member type="way" ref="607901225" role=""/>
  <member type="way" ref="607901223" role=""/>
  <member type="way" ref="607901220" role=""/>
  <member type="way" ref="607901219" role=""/>
  <member type="way" ref="1240358636" role=""/>
  <member type="way" ref="607901217" role=""/>
  <member type="way" ref="607901216" role=""/>
  <member type="way" ref="607901215" role=""/>
  <member type="way" ref="1190025013" role=""/>
  <member type="way" ref="1190024589" role=""/>
  <tag k="colour" v="#e542de"/>
  <tag k="duration" v="01:20"/>
  <tag k="from" v="Challaghatta"/>
  <tag k="interval" v="10"/>
  <tag k="interval:conditional" v="8 @ (Mo-Sa 12:20-16:36; Su 12:00-21:28; PH 08:56-21:28); 15 @ (Mo-Sa 05:20-06:00,23:05-00:00; Su 07:00-07:50,23:05-00:00; PH 23:05-00:00); 11 @ (Mo-Sa 06:00-06:54); 20 @ (Mo-Sa 05:00-05:20)"/>
  <tag k="name" v="Purple Line (Challaghatta → Whitefield (Kadugodi))"/>
  <tag k="name:kn" v="ನೇರಳೆ ಪಥ (ಚಲ್ಲಘಟ್ಟ -&gt; ವೈಟ್‌ಫೀಲ್ಡ್ (ಕಾಡುಗೋಡಿ))"/>
  <tag k="network" v="Namma Metro"/>
  <tag k="network:wikidata" v="Q279343"/>
  <tag k="opening_hours" v="Mo 04:15-00:00; Tu-Sa,PH 05:00-00:00; Su 07:00-00:00"/>
  <tag k="operator" v="BMRCL"/>
  <tag k="public_transport:version" v="2"/>
  <tag k="ref" v="Purple"/>
  <tag k="route" v="subway"/>
  <tag k="to" v="Whitefield (Kadugodi)"/>
  <tag k="type" v="route"/>
  <tag k="wikidata" v="Q7261433"/>
  <tag k="wikipedia" v="en:Purple Line (Namma Metro)"/>
 </relation>
 <relation id="7841332" visible="true" version="14" changeset="151345669" timestamp="2024-05-15T08:01:05Z" user="NaanAvanIllai" uid="14062769">
  <member type="relation" ref="1798771" role=""/>
  <member type="relation" ref="7841331" role=""/>
  <member type="relation" ref="17038841" role=""/>
  <member type="relation" ref="17038842" role=""/>
  <tag k="colour" v="#e542de"/>
  <tag k="name" v="Purple Line (Whitefield (Kadugodi) ⇔ Challaghatta)"/>
  <tag k="name:kn" v="ನೇರಳೆ ಪಥ (ವೈಟ್‌ಫೀಲ್ಡ್ (ಕಾಡುಗೋಡಿ) ⇔ ಚಲ್ಲಘಟ್ಟ)"/>
  <tag k="network" v="Namma Metro"/>
  <tag k="network:wikidata" v="Q279343"/>
  <tag k="operator" v="BMRCL"/>
  <tag k="ref" v="Purple"/>
  <tag k="route_master" v="subway"/>
  <tag k="type" v="route_master"/>
  <tag k="wikidata" v="Q7261433"/>
  <tag k="wikipedia" v="en:Purple Line (Namma Metro)"/>
 </relation>
 <relation id="8591663" visible="true" version="154" changeset="173345658" timestamp="2025-10-16T04:13:29Z" user="Vonter" uid="3926189">
  <member type="relation" ref="6693760" role=""/>
  <member type="relation" ref="7322352" role=""/>
  <member type="relation" ref="8446422" role=""/>
  <member type="relation" ref="8446688" role=""/>
  <member type="relation" ref="8446758" role=""/>
  <member type="relation" ref="8447720" role=""/>
  <member type="relation" ref="8447715" role=""/>
  <member type="relation" ref="10601097" role=""/>
  <member type="relation" ref="9740192" role=""/>
  <member type="relation" ref="9740171" role=""/>
  <member type="relation" ref="9740170" role=""/>
  <member type="relation" ref="9740169" role=""/>
  <member type="relation" ref="9740168" role=""/>
  <member type="relation" ref="9740032" role=""/>
  <member type="relation" ref="9740191" role=""/>
  <member type="relation" ref="9740190" role=""/>
  <member type="relation" ref="9740166" role=""/>
  <member type="relation" ref="9740167" role=""/>
  <member type="relation" ref="9740165" role=""/>
  <member type="relation" ref="9740189" role=""/>
  <member type="relation" ref="9740164" role=""/>
  <member type="relation" ref="9740163" role=""/>
  <member type="relation" ref="9740162" role=""/>
  <member type="relation" ref="9740188" role=""/>
  <member type="relation" ref="9740161" role=""/>
  <member type="relation" ref="9740160" role=""/>
  <member type="relation" ref="9740159" role=""/>
  <member type="relation" ref="9740158" role=""/>
  <member type="relation" ref="10587666" role=""/>
  <member type="relation" ref="9740187" role=""/>
  <member type="relation" ref="17802249" role=""/>
  <member type="relation" ref="17802248" role=""/>
  <member type="relation" ref="9740157" role=""/>
  <member type="relation" ref="9740156" role=""/>
  <member type="relation" ref="9740155" role=""/>
  <member type="relation" ref="10601120" role=""/>
  <member type="relation" ref="9740154" role=""/>
  <member type="relation" ref="9740153" role=""/>
  <member type="relation" ref="9740152" role=""/>
  <member type="relation" ref="9740151" role=""/>
  <member type="relation" ref="9740150" role=""/>
  <member type="relation" ref="9740149" role=""/>
  <member type="relation" ref="9740148" role=""/>
  <member type="relation" ref="18570460" role=""/>
  <member type="relation" ref="18570445" role=""/>
  <member type="relation" ref="9385446" role=""/>
  <member type="relation" ref="17802874" role=""/>
  <member type="relation" ref="17802882" role=""/>
  <member type="relation" ref="8591662" role=""/>
  <member type="relation" ref="9385456" role=""/>
  <member type="relation" ref="8591661" role=""/>
  <member type="relation" ref="7354819" role=""/>
  <member type="relation" ref="9385437" role=""/>
  <member type="relation" ref="9407362" role=""/>
  <member type="relation" ref="9385463" role=""/>
  <member type="relation" ref="9385442" role=""/>
  <member type="relation" ref="8591660" role=""/>
  <member type="relation" ref="9385482" role=""/>
  <member type="relation" ref="19292703" role=""/>
  <member type="relation" ref="9740147" role=""/>
  <member type="relation" ref="10625116" role=""/>
  <member type="relation" ref="9416616" role=""/>
  <member type="relation" ref="9740146" role=""/>
  <member type="relation" ref="8591659" role=""/>
  <member type="relation" ref="9744384" role=""/>
  <member type="relation" ref="9744383" role=""/>
  <member type="relation" ref="9228270" role=""/>
  <member type="relation" ref="9744382" role=""/>
  <member type="relation" ref="9417034" role=""/>
  <member type="relation" ref="9740145" role=""/>
  <member type="relation" ref="9740186" role=""/>
  <member type="relation" ref="9740144" role=""/>
  <member type="relation" ref="9740185" role=""/>
  <member type="relation" ref="9740184" role=""/>
  <member type="relation" ref="9417033" role=""/>
  <member type="relation" ref="18481315" role=""/>
  <member type="relation" ref="9412884" role=""/>
  <member type="relation" ref="9740143" role=""/>
  <member type="relation" ref="8447777" role=""/>
  <member type="relation" ref="8447764" role=""/>
  <member type="relation" ref="8593147" role=""/>
  <member type="relation" ref="8593148" role=""/>
  <member type="relation" ref="8593146" role=""/>
  <member type="relation" ref="9225303" role=""/>
  <member type="relation" ref="8593144" role=""/>
  <member type="relation" ref="8593133" role=""/>
  <member type="relation" ref="8593143" role=""/>
  <member type="relation" ref="8593142" role=""/>
  <member type="relation" ref="8593141" role=""/>
  <member type="relation" ref="8593140" role=""/>
  <member type="relation" ref="8593139" role=""/>
  <member type="relation" ref="8593138" role=""/>
  <member type="relation" ref="8593137" role=""/>
  <member type="relation" ref="8593136" role=""/>
  <member type="relation" ref="8593135" role=""/>
  <member type="relation" ref="8593134" role=""/>
  <member type="relation" ref="19336805" role=""/>
  <member type="relation" ref="8593127" role=""/>
  <member type="relation" ref="8593132" role=""/>
  <member type="relation" ref="8593131" role=""/>
  <member type="relation" ref="8593130" role=""/>
  <member type="relation" ref="8593129" role=""/>
  <member type="relation" ref="9740142" role=""/>
  <member type="relation" ref="9228168" role=""/>
  <member type="relation" ref="9740141" role=""/>
  <member type="relation" ref="9234820" role=""/>
  <member type="relation" ref="9231890" role=""/>
  <member type="relation" ref="9416615" role=""/>
  <member type="relation" ref="8593121" role=""/>
  <member type="relation" ref="8593126" role=""/>
  <member type="relation" ref="8593125" role=""/>
  <member type="relation" ref="8593123" role=""/>
  <member type="relation" ref="8593124" role=""/>
  <member type="relation" ref="8593122" role=""/>
  <member type="relation" ref="19719315" role=""/>
  <member type="relation" ref="9234769" role=""/>
  <member type="relation" ref="8593100" role=""/>
  <member type="relation" ref="8593120" role=""/>
  <member type="relation" ref="8593119" role=""/>
  <member type="relation" ref="8593118" role=""/>
  <member type="relation" ref="8593117" role=""/>
  <member type="relation" ref="8593116" role=""/>
  <member type="relation" ref="8593115" role=""/>
  <member type="relation" ref="8593114" role=""/>
  <member type="relation" ref="9740140" role=""/>
  <member type="relation" ref="9417032" role=""/>
  <member type="relation" ref="7784213" role=""/>
  <member type="relation" ref="8593112" role=""/>
  <member type="relation" ref="8593113" role=""/>
  <member type="relation" ref="8593111" role=""/>
  <member type="relation" ref="7586676" role=""/>
  <member type="relation" ref="8593110" role=""/>
  <member type="relation" ref="9417031" role=""/>
  <member type="relation" ref="8593109" role=""/>
  <member type="relation" ref="8593108" role=""/>
  <member type="relation" ref="8593106" role=""/>
  <member type="relation" ref="8593105" role=""/>
  <member type="relation" ref="8593104" role=""/>
  <member type="relation" ref="8593102" role=""/>
  <member type="relation" ref="8593103" role=""/>
  <member type="relation" ref="8593101" role=""/>
  <member type="relation" ref="9417030" role=""/>
  <member type="relation" ref="9417029" role=""/>
  <member type="relation" ref="9417028" role=""/>
  <member type="relation" ref="9417027" role=""/>
  <member type="relation" ref="9417026" role=""/>
  <member type="relation" ref="9242269" role=""/>
  <member type="relation" ref="9417025" role=""/>
  <member type="relation" ref="9417024" role=""/>
  <member type="relation" ref="9234795" role=""/>
  <member type="relation" ref="9417023" role=""/>
  <member type="relation" ref="9417022" role=""/>
  <member type="relation" ref="9417021" role=""/>
  <member type="relation" ref="9417020" role=""/>
  <member type="relation" ref="9417019" role=""/>
  <member type="relation" ref="9417018" role=""/>
  <member type="relation" ref="9417017" role=""/>
  <member type="relation" ref="9417016" role=""/>
  <member type="relation" ref="9417015" role=""/>
  <member type="relation" ref="9242339" role=""/>
  <member type="relation" ref="9417014" role=""/>
  <member type="relation" ref="9417013" role=""/>
  <member type="relation" ref="9417012" role=""/>
  <member type="relation" ref="9417011" role=""/>
  <member type="relation" ref="9417010" role=""/>
  <member type="relation" ref="9417009" role=""/>
  <member type="relation" ref="9417008" role=""/>
  <member type="relation" ref="9417007" role=""/>
  <member type="relation" ref="9417006" role=""/>
  <member type="relation" ref="9417005" role=""/>
  <member type="relation" ref="9417004" role=""/>
  <member type="relation" ref="9417003" role=""/>
  <member type="relation" ref="9417002" role=""/>
  <member type="relation" ref="9417001" role=""/>
  <member type="relation" ref="9417000" role=""/>
  <member type="relation" ref="9416999" role=""/>
  <member type="relation" ref="9416998" role=""/>
  <member type="relation" ref="9416997" role=""/>
  <member type="relation" ref="9416996" role=""/>
  <member type="relation" ref="9416995" role=""/>
  <member type="relation" ref="9416994" role=""/>
  <member type="relation" ref="9416993" role=""/>
  <member type="relation" ref="9416992" role=""/>
  <member type="relation" ref="9416991" role=""/>
  <member type="relation" ref="9416990" role=""/>
  <member type="relation" ref="9416989" role=""/>
  <member type="relation" ref="9416988" role=""/>
  <member type="relation" ref="9416987" role=""/>
  <member type="relation" ref="9416986" role=""/>
  <member type="relation" ref="9416985" role=""/>
  <member type="relation" ref="9416984" role=""/>
  <member type="relation" ref="9416983" role=""/>
  <member type="relation" ref="9416982" role=""/>
  <member type="relation" ref="9416981" role=""/>
  <member type="relation" ref="9416980" role=""/>
  <member type="relation" ref="9416979" role=""/>
  <member type="relation" ref="9416978" role=""/>
  <member type="relation" ref="9416977" role=""/>
  <member type="relation" ref="9416976" role=""/>
  <member type="relation" ref="9416975" role=""/>
  <member type="relation" ref="9234758" role=""/>
  <member type="relation" ref="9740139" role=""/>
  <member type="relation" ref="9416647" role=""/>
  <member type="relation" ref="9416646" role=""/>
  <member type="relation" ref="9416645" role=""/>
  <member type="relation" ref="9416644" role=""/>
  <member type="relation" ref="9416643" role=""/>
  <member type="relation" ref="9740183" role=""/>
  <member type="relation" ref="8591658" role=""/>
  <member type="relation" ref="9416642" role=""/>
  <member type="relation" ref="9416614" role=""/>
  <member type="relation" ref="9416613" role=""/>
  <member type="relation" ref="7359152" role=""/>
  <member type="relation" ref="9416641" role=""/>
  <member type="relation" ref="9416640" role=""/>
  <member type="relation" ref="9416612" role=""/>
  <member type="relation" ref="9416611" role=""/>
  <member type="relation" ref="9416610" role=""/>
  <member type="relation" ref="9416609" role=""/>
  <member type="relation" ref="9416608" role=""/>
  <member type="relation" ref="9740138" role=""/>
  <member type="relation" ref="9740137" role=""/>
  <member type="relation" ref="8591657" role=""/>
  <member type="relation" ref="9740182" role=""/>
  <member type="relation" ref="9385460" role=""/>
  <member type="relation" ref="9740136" role=""/>
  <member type="relation" ref="9740135" role=""/>
  <member type="relation" ref="9416639" role=""/>
  <member type="relation" ref="9416638" role=""/>
  <member type="relation" ref="9416637" role=""/>
  <member type="relation" ref="9416636" role=""/>
  <member type="relation" ref="9416635" role=""/>
  <member type="relation" ref="9416634" role=""/>
  <member type="relation" ref="9416633" role=""/>
  <member type="relation" ref="9416632" role=""/>
  <member type="relation" ref="9416631" role=""/>
  <member type="relation" ref="9416630" role=""/>
  <member type="relation" ref="9416629" role=""/>
  <member type="relation" ref="9416628" role=""/>
  <member type="relation" ref="9416627" role=""/>
  <member type="relation" ref="9416626" role=""/>
  <member type="relation" ref="9416625" role=""/>
  <member type="relation" ref="18481391" role=""/>
  <member type="relation" ref="9412883" role=""/>
  <member type="relation" ref="9412882" role=""/>
  <member type="relation" ref="9412881" role=""/>
  <member type="relation" ref="9412880" role=""/>
  <member type="relation" ref="9412877" role=""/>
  <member type="relation" ref="9412875" role=""/>
  <member type="relation" ref="9412874" role=""/>
  <member type="relation" ref="9412873" role=""/>
  <member type="relation" ref="9412872" role=""/>
  <member type="relation" ref="9412871" role=""/>
  <member type="relation" ref="9412870" role=""/>
  <member type="relation" ref="9412869" role=""/>
  <member type="relation" ref="9412868" role=""/>
  <member type="relation" ref="9385434" role=""/>
  <member type="relation" ref="9412867" role=""/>
  <member type="relation" ref="9412866" role=""/>
  <member type="relation" ref="9412865" role=""/>
  <member type="relation" ref="9412864" role=""/>
  <member type="relation" ref="9412863" role=""/>
  <member type="relation" ref="9412862" role=""/>
  <member type="relation" ref="9412861" role=""/>
  <member type="relation" ref="9385453" role=""/>
  <member type="relation" ref="9412860" role=""/>
  <member type="relation" ref="9412859" role=""/>
  <member type="relation" ref="9412858" role=""/>
  <member type="relation" ref="9412857" role=""/>
  <member type="relation" ref="9412856" role=""/>
  <member type="relation" ref="9412855" role=""/>
  <member type="relation" ref="9412854" role=""/>
  <member type="relation" ref="6856311" role=""/>
  <member type="relation" ref="9412853" role=""/>
  <member type="relation" ref="9385450" role=""/>
  <member type="relation" ref="9412852" role=""/>
  <member type="relation" ref="9412851" role=""/>
  <member type="relation" ref="9412850" role=""/>
  <member type="relation" ref="9412849" role=""/>
  <member type="relation" ref="9412848" role=""/>
  <member type="relation" ref="9412847" role=""/>
  <member type="relation" ref="9412846" role=""/>
  <member type="relation" ref="9412845" role=""/>
  <member type="relation" ref="9412844" role=""/>
  <member type="relation" ref="9412843" role=""/>
  <member type="relation" ref="9412842" role=""/>
  <member type="relation" ref="9412841" role=""/>
  <member type="relation" ref="9412840" role=""/>
  <member type="relation" ref="9412839" role=""/>
  <member type="relation" ref="9412838" role=""/>
  <member type="relation" ref="9412837" role=""/>
  <member type="relation" ref="9412836" role=""/>
  <member type="relation" ref="9412835" role=""/>
  <member type="relation" ref="9412834" role=""/>
  <member type="relation" ref="9412833" role=""/>
  <member type="relation" ref="9412832" role=""/>
  <member type="relation" ref="9412831" role=""/>
  <member type="relation" ref="9412830" role=""/>
  <member type="relation" ref="9412829" role=""/>
  <member type="relation" ref="9412828" role=""/>
  <member type="relation" ref="9412827" role=""/>
  <member type="relation" ref="9412826" role=""/>
  <member type="relation" ref="9412825" role=""/>
  <member type="relation" ref="9412824" role=""/>
  <member type="relation" ref="9412768" role=""/>
  <member type="relation" ref="18550302" role=""/>
  <member type="relation" ref="9412823" role=""/>
  <member type="relation" ref="9412822" role=""/>
  <member type="relation" ref="9412821" role=""/>
  <member type="relation" ref="9412820" role=""/>
  <member type="relation" ref="9412819" role=""/>
  <member type="relation" ref="9412818" role=""/>
  <member type="relation" ref="9412817" role=""/>
  <member type="relation" ref="9412816" role=""/>
  <member type="relation" ref="9385448" role=""/>
  <member type="relation" ref="9385445" role=""/>
  <member type="relation" ref="9412815" role=""/>
  <member type="relation" ref="9412814" role=""/>
  <member type="relation" ref="9385474" role=""/>
  <member type="relation" ref="9412813" role=""/>
  <member type="relation" ref="9412812" role=""/>
  <member type="relation" ref="9412811" role=""/>
  <member type="relation" ref="9412810" role=""/>
  <member type="relation" ref="9412809" role=""/>
  <member type="relation" ref="9412808" role=""/>
  <member type="relation" ref="9412767" role=""/>
  <member type="relation" ref="9412807" role=""/>
  <member type="relation" ref="9412806" role=""/>
  <member type="relation" ref="9412805" role=""/>
  <member type="relation" ref="9412804" role=""/>
  <member type="relation" ref="9412803" role=""/>
  <member type="relation" ref="9412802" role=""/>
  <member type="relation" ref="9412801" role=""/>
  <member type="relation" ref="9412800" role=""/>
  <member type="relation" ref="9412799" role=""/>
  <member type="relation" ref="9412798" role=""/>
  <member type="relation" ref="9412797" role=""/>
  <member type="relation" ref="9412796" role=""/>
  <member type="relation" ref="9412795" role=""/>
  <member type="relation" ref="9412794" role=""/>
  <member type="relation" ref="9412793" role=""/>
  <member type="relation" ref="8591656" role=""/>
  <member type="relation" ref="9412792" role=""/>
  <member type="relation" ref="9412791" role=""/>
  <member type="relation" ref="9412790" role=""/>
  <member type="relation" ref="9412789" role=""/>
  <member type="relation" ref="9412788" role=""/>
  <member type="relation" ref="9412787" role=""/>
  <member type="relation" ref="9412786" role=""/>
  <member type="relation" ref="9412785" role=""/>
  <member type="relation" ref="9385462" role=""/>
  <member type="relation" ref="9403670" role=""/>
  <member type="relation" ref="9412766" role=""/>
  <member type="relation" ref="9412784" role=""/>
  <member type="relation" ref="8591639" role=""/>
  <member type="relation" ref="8591653" role=""/>
  <member type="relation" ref="8591652" role=""/>
  <member type="relation" ref="8591651" role=""/>
  <member type="relation" ref="8591650" role=""/>
  <member type="relation" ref="8591649" role=""/>
  <member type="relation" ref="8591648" role=""/>
  <member type="relation" ref="9672910" role=""/>
  <member type="relation" ref="8591647" role=""/>
  <member type="relation" ref="8591646" role=""/>
  <member type="relation" ref="8591645" role=""/>
  <member type="relation" ref="8591644" role=""/>
  <member type="relation" ref="8591643" role=""/>
  <member type="relation" ref="8591642" role=""/>
  <member type="relation" ref="8591641" role=""/>
  <member type="relation" ref="8591640" role=""/>
  <member type="relation" ref="9672909" role=""/>
  <member type="relation" ref="9672908" role=""/>
  <member type="relation" ref="9672907" role=""/>
  <member type="relation" ref="9672906" role=""/>
  <member type="relation" ref="9672905" role=""/>
  <member type="relation" ref="5463276" role=""/>
  <member type="relation" ref="9672904" role=""/>
  <member type="relation" ref="9672903" role=""/>
  <member type="relation" ref="9672902" role=""/>
  <member type="relation" ref="9672901" role=""/>
  <member type="relation" ref="9672900" role=""/>
  <member type="relation" ref="9672899" role=""/>
  <member type="relation" ref="9672898" role=""/>
  <member type="relation" ref="9672897" role=""/>
  <member type="relation" ref="9672896" role=""/>
  <member type="relation" ref="9672895" role=""/>
  <member type="relation" ref="9412765" role=""/>
  <member type="relation" ref="9412764" role=""/>
  <member type="relation" ref="9672894" role=""/>
  <member type="relation" ref="9672893" role=""/>
  <member type="relation" ref="9672892" role=""/>
  <member type="relation" ref="9672891" role=""/>
  <member type="relation" ref="9672890" role=""/>
  <member type="relation" ref="9672889" role=""/>
  <member type="relation" ref="9672888" role=""/>
  <member type="relation" ref="9672887" role=""/>
  <member type="relation" ref="9672886" role=""/>
  <member type="relation" ref="9672885" role=""/>
  <member type="relation" ref="9672884" role=""/>
  <member type="relation" ref="9672883" role=""/>
  <member type="relation" ref="1798858" role=""/>
  <member type="relation" ref="9740133" role=""/>
  <member type="relation" ref="9672875" role=""/>
  <member type="relation" ref="9672874" role=""/>
  <member type="relation" ref="9672873" role=""/>
  <member type="relation" ref="9672872" role=""/>
  <member type="relation" ref="9672871" role=""/>
  <member type="relation" ref="9672870" role=""/>
  <member type="relation" ref="9740181" role=""/>
  <member type="relation" ref="10535874" role=""/>
  <member type="relation" ref="9740132" role=""/>
  <member type="relation" ref="9740131" role=""/>
  <member type="relation" ref="9672869" role=""/>
  <member type="relation" ref="9740134" role=""/>
  <member type="relation" ref="9740130" role=""/>
  <member type="relation" ref="9740129" role=""/>
  <member type="relation" ref="9740128" role=""/>
  <member type="relation" ref="10816378" role=""/>
  <member type="relation" ref="10816377" role=""/>
  <member type="relation" ref="10816376" role=""/>
  <member type="relation" ref="10816375" role=""/>
  <member type="relation" ref="9740127" role=""/>
  <member type="relation" ref="10816374" role=""/>
  <member type="relation" ref="10533449" role=""/>
  <member type="relation" ref="9740126" role=""/>
  <member type="relation" ref="9740125" role=""/>
  <member type="relation" ref="9740124" role=""/>
  <member type="relation" ref="9740123" role=""/>
  <member type="relation" ref="9740122" role=""/>
  <member type="relation" ref="9740121" role=""/>
  <member type="relation" ref="9740120" role=""/>
  <member type="relation" ref="17541973" role=""/>
  <member type="relation" ref="9740119" role=""/>
  <member type="relation" ref="9740118" role=""/>
  <member type="relation" ref="9740117" role=""/>
  <member type="relation" ref="9740116" role=""/>
  <member type="relation" ref="9740180" role=""/>
  <member type="relation" ref="9740115" role=""/>
  <member type="relation" ref="19325719" role=""/>
  <member type="relation" ref="9740031" role=""/>
  <member type="relation" ref="9740030" role=""/>
  <member type="relation" ref="9740179" role=""/>
  <member type="relation" ref="9412763" role=""/>
  <member type="relation" ref="9740114" role=""/>
  <member type="relation" ref="9740113" role=""/>
  <member type="relation" ref="9740178" role=""/>
  <member type="relation" ref="9740112" role=""/>
  <member type="relation" ref="9740177" role=""/>
  <member type="relation" ref="9740111" role=""/>
  <member type="relation" ref="10601162" role=""/>
  <member type="relation" ref="10601161" role=""/>
  <member type="relation" ref="19325727" role=""/>
  <member type="relation" ref="10601158" role=""/>
  <member type="relation" ref="10104371" role=""/>
  <member type="relation" ref="9740110" role=""/>
  <member type="relation" ref="9740109" role=""/>
  <member type="relation" ref="9740108" role=""/>
  <member type="relation" ref="9740107" role=""/>
  <member type="relation" ref="9740106" role=""/>
  <member type="relation" ref="9740105" role=""/>
  <member type="relation" ref="9740104" role=""/>
  <member type="relation" ref="9740103" role=""/>
  <member type="relation" ref="9740102" role=""/>
  <member type="relation" ref="9740101" role=""/>
  <member type="relation" ref="17545851" role=""/>
  <member type="relation" ref="9740100" role=""/>
  <member type="relation" ref="9740099" role=""/>
  <member type="relation" ref="9385483" role=""/>
  <member type="relation" ref="19336714" role=""/>
  <member type="relation" ref="19336715" role=""/>
  <member type="relation" ref="19336725" role=""/>
  <member type="relation" ref="19336724" role=""/>
  <member type="relation" ref="9740098" role=""/>
  <member type="relation" ref="9740097" role=""/>
  <member type="relation" ref="9740096" role=""/>
  <member type="relation" ref="9740094" role=""/>
  <member type="relation" ref="9740093" role=""/>
  <member type="relation" ref="9740095" role=""/>
  <member type="relation" ref="17750687" role=""/>
  <member type="relation" ref="17750713" role=""/>
  <member type="relation" ref="9740092" role=""/>
  <member type="relation" ref="1946515" role=""/>
  <member type="relation" ref="9740091" role=""/>
  <member type="relation" ref="1946516" role=""/>
  <member type="relation" ref="9740090" role=""/>
  <member type="relation" ref="1946517" role=""/>
  <member type="relation" ref="1946463" role=""/>
  <member type="relation" ref="9740089" role=""/>
  <member type="relation" ref="1946518" role=""/>
  <member type="relation" ref="9740088" role=""/>
  <member type="relation" ref="9740087" role=""/>
  <member type="relation" ref="9740086" role=""/>
  <member type="relation" ref="9740085" role=""/>
  <member type="relation" ref="9740084" role=""/>
  <member type="relation" ref="9740083" role=""/>
  <member type="relation" ref="9740082" role=""/>
  <member type="relation" ref="9740081" role=""/>
  <member type="relation" ref="9740080" role=""/>
  <member type="relation" ref="9740079" role=""/>
  <member type="relation" ref="9740078" role=""/>
  <member type="relation" ref="19377062" role=""/>
  <member type="relation" ref="9740077" role=""/>
  <member type="relation" ref="18271213" role=""/>
  <member type="relation" ref="9740076" role=""/>
  <member type="relation" ref="1941954" role=""/>
  <member type="relation" ref="1941955" role=""/>
  <member type="relation" ref="1941956" role=""/>
  <member type="relation" ref="1941957" role=""/>
  <member type="relation" ref="1941963" role=""/>
  <member type="relation" ref="1941964" role=""/>
  <member type="relation" ref="9740176" role=""/>
  <member type="relation" ref="1940207" role=""/>
  <member type="relation" ref="9740075" role=""/>
  <member type="relation" ref="9740029" role=""/>
  <member type="relation" ref="9740074" role=""/>
  <member type="relation" ref="9740073" role=""/>
  <member type="relation" ref="9740072" role=""/>
  <member type="relation" ref="9740071" role=""/>
  <member type="relation" ref="9740070" role=""/>
  <member type="relation" ref="9740069" role=""/>
  <member type="relation" ref="1946514" role=""/>
  <member type="relation" ref="19336774" role=""/>
  <member type="relation" ref="9740068" role=""/>
  <member type="relation" ref="9740067" role=""/>
  <member type="relation" ref="9740066" role=""/>
  <member type="relation" ref="9740065" role=""/>
  <member type="relation" ref="9740064" role=""/>
  <member type="relation" ref="9740063" role=""/>
  <member type="relation" ref="9740062" role=""/>
  <member type="relation" ref="9740061" role=""/>
  <member type="relation" ref="9740060" role=""/>
  <member type="relation" ref="10591795" role=""/>
  <member type="relation" ref="9416624" role=""/>
  <member type="relation" ref="1673105" role=""/>
  <member type="relation" ref="8218280" role=""/>
  <member type="relation" ref="1940186" role=""/>
  <member type="relation" ref="1938848" role=""/>
  <member type="relation" ref="9836740" role=""/>
  <member type="relation" ref="2096817" role=""/>
  <member type="relation" ref="9740058" role=""/>
  <member type="relation" ref="15782784" role=""/>
  <member type="relation" ref="8858789" role=""/>
  <member type="relation" ref="8861172" role=""/>
  <member type="relation" ref="9740057" role=""/>
  <member type="relation" ref="9740056" role=""/>
  <member type="relation" ref="9740055" role=""/>
  <member type="relation" ref="9740059" role=""/>
  <member type="relation" ref="9740054" role=""/>
  <member type="relation" ref="9740175" role=""/>
  <member type="relation" ref="9740053" role=""/>
  <member type="relation" ref="9740052" role=""/>
  <member type="relation" ref="9740051" role=""/>
  <member type="relation" ref="9740050" role=""/>
  <member type="relation" ref="9740049" role=""/>
  <member type="relation" ref="9740048" role=""/>
  <member type="relation" ref="9740047" role=""/>
  <member type="relation" ref="9416974" role=""/>
  <member type="relation" ref="9416973" role=""/>
  <member type="relation" ref="19383261" role=""/>
  <member type="relation" ref="9383245" role=""/>
  <member type="relation" ref="9416972" role=""/>
  <member type="relation" ref="9416971" role=""/>
  <member type="relation" ref="9416970" role=""/>
  <member type="relation" ref="9416969" role=""/>
  <member type="relation" ref="9416968" role=""/>
  <member type="relation" ref="9416967" role=""/>
  <member type="relation" ref="9416966" role=""/>
  <member type="relation" ref="9416965" role=""/>
  <member type="relation" ref="9740046" role=""/>
  <member type="relation" ref="9740045" role=""/>
  <member type="relation" ref="9740044" role=""/>
  <member type="relation" ref="9740174" role=""/>
  <member type="relation" ref="9412783" role=""/>
  <member type="relation" ref="9242375" role=""/>
  <member type="relation" ref="9403669" role=""/>
  <member type="relation" ref="9385459" role=""/>
  <member type="relation" ref="9412762" role=""/>
  <member type="relation" ref="9403668" role=""/>
  <member type="relation" ref="9243765" role=""/>
  <member type="relation" ref="9412782" role=""/>
  <member type="relation" ref="6868249" role=""/>
  <member type="relation" ref="9403667" role=""/>
  <member type="relation" ref="9243702" role=""/>
  <member type="relation" ref="9385471" role=""/>
  <member type="relation" ref="9412781" role=""/>
  <member type="relation" ref="9412780" role=""/>
  <member type="relation" ref="9412779" role=""/>
  <member type="relation" ref="9412778" role=""/>
  <member type="relation" ref="9412761" role=""/>
  <member type="relation" ref="17738717" role=""/>
  <member type="relation" ref="17738937" role=""/>
  <member type="relation" ref="9220171" role=""/>
  <member type="relation" ref="9403666" role=""/>
  <member type="relation" ref="9385444" role=""/>
  <member type="relation" ref="9403665" role=""/>
  <member type="relation" ref="9385438" role=""/>
  <member type="relation" ref="10599818" role=""/>
  <member type="relation" ref="9836744" role=""/>
  <member type="relation" ref="9412777" role=""/>
  <member type="relation" ref="9412760" role=""/>
  <member type="relation" ref="9416607" role=""/>
  <member type="relation" ref="9740043" role=""/>
  <member type="relation" ref="9740028" role=""/>
  <member type="relation" ref="10816381" role=""/>
  <member type="relation" ref="10816379" role=""/>
  <member type="relation" ref="10816380" role=""/>
  <member type="relation" ref="9416623" role=""/>
  <member type="relation" ref="9416606" role=""/>
  <member type="relation" ref="9416605" role=""/>
  <member type="relation" ref="9412759" role=""/>
  <member type="relation" ref="18549398" role=""/>
  <member type="relation" ref="9412776" role=""/>
  <member type="relation" ref="9740042" role=""/>
  <member type="relation" ref="9740041" role=""/>
  <member type="relation" ref="9220653" role=""/>
  <member type="relation" ref="9412758" role=""/>
  <member type="relation" ref="9412757" role=""/>
  <member type="relation" ref="1940187" role=""/>
  <member type="relation" ref="1940188" role=""/>
  <member type="relation" ref="9416964" role=""/>
  <member type="relation" ref="9416952" role=""/>
  <member type="relation" ref="9416963" role=""/>
  <member type="relation" ref="9416951" role=""/>
  <member type="relation" ref="9416962" role=""/>
  <member type="relation" ref="9416950" role=""/>
  <member type="relation" ref="9416961" role=""/>
  <member type="relation" ref="9416960" role=""/>
  <member type="relation" ref="9416949" role=""/>
  <member type="relation" ref="9416959" role=""/>
  <member type="relation" ref="9416958" role=""/>
  <member type="relation" ref="9416957" role=""/>
  <member type="relation" ref="9416956" role=""/>
  <member type="relation" ref="9416955" role=""/>
  <member type="relation" ref="18589485" role=""/>
  <member type="relation" ref="9416954" role=""/>
  <member type="relation" ref="1946519" role=""/>
  <member type="relation" ref="9740173" role=""/>
  <member type="relation" ref="9416953" role=""/>
  <member type="relation" ref="19325834" role=""/>
  <member type="relation" ref="19383696" role=""/>
  <member type="relation" ref="9412774" role=""/>
  <member type="relation" ref="10641899" role=""/>
  <member type="relation" ref="9416622" role=""/>
  <member type="relation" ref="9416948" role=""/>
  <member type="relation" ref="19425464" role=""/>
  <member type="relation" ref="1946520" role=""/>
  <member type="relation" ref="9416621" role=""/>
  <member type="relation" ref="9416620" role=""/>
  <member type="relation" ref="9416619" role=""/>
  <member type="relation" ref="9416604" role=""/>
  <member type="relation" ref="9416603" role=""/>
  <member type="relation" ref="9416602" role=""/>
  <member type="relation" ref="9416618" role=""/>
  <member type="relation" ref="9416598" role=""/>
  <member type="relation" ref="9416601" role=""/>
  <member type="relation" ref="9416600" role=""/>
  <member type="relation" ref="9416599" role=""/>
  <member type="relation" ref="9403748" role=""/>
  <member type="relation" ref="9385433" role=""/>
  <member type="relation" ref="9385487" role=""/>
  <member type="relation" ref="9385478" role=""/>
  <member type="relation" ref="6776481" role=""/>
  <member type="relation" ref="9403664" role=""/>
  <member type="relation" ref="9385451" role=""/>
  <member type="relation" ref="9403663" role=""/>
  <member type="relation" ref="9403662" role=""/>
  <member type="relation" ref="9385488" role=""/>
  <member type="relation" ref="9385473" role=""/>
  <member type="relation" ref="9385457" role=""/>
  <member type="relation" ref="9236687" role=""/>
  <member type="relation" ref="9385469" role=""/>
  <member type="relation" ref="9385467" role=""/>
  <member type="relation" ref="6776395" role=""/>
  <member type="relation" ref="9412773" role=""/>
  <member type="relation" ref="9740040" role=""/>
  <member type="relation" ref="9385492" role=""/>
  <member type="relation" ref="9385436" role=""/>
  <member type="relation" ref="9385468" role=""/>
  <member type="relation" ref="7358284" role=""/>
  <member type="relation" ref="9385466" role=""/>
  <member type="relation" ref="9385485" role=""/>
  <member type="relation" ref="9385493" role=""/>
  <member type="relation" ref="9385439" role=""/>
  <member type="relation" ref="9407361" role=""/>
  <member type="relation" ref="9385475" role=""/>
  <member type="relation" ref="9385486" role=""/>
  <member type="relation" ref="9385452" role=""/>
  <member type="relation" ref="9385441" role=""/>
  <member type="relation" ref="9385491" role=""/>
  <member type="relation" ref="9385449" role=""/>
  <member type="relation" ref="9412756" role=""/>
  <member type="relation" ref="9412772" role=""/>
  <member type="relation" ref="9412755" role=""/>
  <member type="relation" ref="9740039" role=""/>
  <member type="relation" ref="17548379" role=""/>
  <member type="relation" ref="9385479" role=""/>
  <member type="relation" ref="9385461" role=""/>
  <member type="relation" ref="9385454" role=""/>
  <member type="relation" ref="9236684" role=""/>
  <member type="relation" ref="9385443" role=""/>
  <member type="relation" ref="9385480" role=""/>
  <member type="relation" ref="9385490" role=""/>
  <member type="relation" ref="9416617" role=""/>
  <member type="relation" ref="5598563" role=""/>
  <member type="relation" ref="9672882" role=""/>
  <member type="relation" ref="9672881" role=""/>
  <member type="relation" ref="9672880" role=""/>
  <member type="relation" ref="9672879" role=""/>
  <member type="relation" ref="9385470" role=""/>
  <member type="relation" ref="9385440" role=""/>
  <member type="relation" ref="9385464" role=""/>
  <member type="relation" ref="9740038" role=""/>
  <member type="relation" ref="9385489" role=""/>
  <member type="relation" ref="9385455" role=""/>
  <member type="relation" ref="9385472" role=""/>
  <member type="relation" ref="9236689" role=""/>
  <member type="relation" ref="9672868" role=""/>
  <member type="relation" ref="9412771" role=""/>
  <member type="relation" ref="9672878" role=""/>
  <member type="relation" ref="9672877" role=""/>
  <member type="relation" ref="6781293" role=""/>
  <member type="relation" ref="9617652" role=""/>
  <member type="relation" ref="9617110" role=""/>
  <member type="relation" ref="19377075" role=""/>
  <member type="relation" ref="19377084" role=""/>
  <member type="relation" ref="19382084" role=""/>
  <member type="relation" ref="19382090" role=""/>
  <member type="relation" ref="19382118" role=""/>
  <member type="relation" ref="19378869" role=""/>
  <member type="relation" ref="19378888" role=""/>
  <member type="relation" ref="19382064" role=""/>
  <member type="relation" ref="19381990" role=""/>
  <member type="relation" ref="19381951" role=""/>
  <member type="relation" ref="19381970" role=""/>
  <member type="relation" ref="8825067" role=""/>
  <member type="relation" ref="8855841" role=""/>
  <member type="relation" ref="9744381" role=""/>
  <member type="relation" ref="9219524" role=""/>
  <member type="relation" ref="9412770" role=""/>
  <member type="relation" ref="9740172" role=""/>
  <member type="relation" ref="17542070" role=""/>
  <member type="relation" ref="17545737" role=""/>
  <member type="relation" ref="9740037" role=""/>
  <member type="relation" ref="16176555" role=""/>
  <member type="relation" ref="6858376" role=""/>
  <member type="relation" ref="6779593" role=""/>
  <member type="relation" ref="17357705" role=""/>
  <member type="relation" ref="19325724" role=""/>
  <member type="relation" ref="6817995" role=""/>
  <member type="relation" ref="9740036" role=""/>
  <member type="relation" ref="5598668" role=""/>
  <member type="relation" ref="17327787" role=""/>
  <member type="relation" ref="17327845" role=""/>
  <member type="relation" ref="17327848" role=""/>
  <member type="relation" ref="18130190" role=""/>
  <member type="relation" ref="17327870" role=""/>
  <member type="relation" ref="17327910" role=""/>
  <member type="relation" ref="17328510" role=""/>
  <member type="relation" ref="17328535" role=""/>
  <member type="relation" ref="17328563" role=""/>
  <member type="relation" ref="3440524" role=""/>
  <member type="relation" ref="19157846" role=""/>
  <member type="relation" ref="9243786" role=""/>
  <member type="relation" ref="17330100" role=""/>
  <member type="relation" ref="17330129" role=""/>
  <member type="relation" ref="17330140" role=""/>
  <member type="relation" ref="19455656" role=""/>
  <member type="relation" ref="17330189" role=""/>
  <member type="relation" ref="17330247" role=""/>
  <member type="relation" ref="17325672" role=""/>
  <member type="relation" ref="9740035" role=""/>
  <member type="relation" ref="9412769" role=""/>
  <member type="relation" ref="9740027" role=""/>
  <member type="relation" ref="9672867" role=""/>
  <member type="relation" ref="18271124" role=""/>
  <member type="relation" ref="17802193" role=""/>
  <member type="relation" ref="17802189" role=""/>
  <member type="relation" ref="18395030" role=""/>
  <member type="relation" ref="9228189" role=""/>
  <member type="relation" ref="19719516" role=""/>
  <member type="relation" ref="19719518" role=""/>
  <member type="relation" ref="17325339" role=""/>
  <member type="relation" ref="17325340" role=""/>
  <member type="relation" ref="17325396" role=""/>
  <member type="relation" ref="17325395" role=""/>
  <member type="relation" ref="18481418" role=""/>
  <member type="relation" ref="19446546" role=""/>
  <member type="relation" ref="19446643" role=""/>
  <member type="relation" ref="19446685" role=""/>
  <member type="relation" ref="19446693" role=""/>
  <member type="relation" ref="17843808" role=""/>
  <member type="relation" ref="17843744" role=""/>
  <member type="relation" ref="17173197" role=""/>
  <member type="relation" ref="17173297" role=""/>
  <member type="relation" ref="17174457" role=""/>
  <member type="relation" ref="17178293" role=""/>
  <member type="relation" ref="17188364" role=""/>
  <member type="relation" ref="17179158" role=""/>
  <member type="relation" ref="17187380" role=""/>
  <member type="relation" ref="17292940" role=""/>
  <member type="relation" ref="18481476" role=""/>
  <member type="relation" ref="18481516" role=""/>
  <member type="relation" ref="16172270" role=""/>
  <member type="relation" ref="18558253" role=""/>
  <member type="relation" ref="18570489" role=""/>
  <member type="relation" ref="19157860" role=""/>
  <member type="relation" ref="18589661" role=""/>
  <member type="relation" ref="18589590" role=""/>
  <member type="relation" ref="18589589" role=""/>
  <member type="relation" ref="18575412" role=""/>
  <member type="relation" ref="18575416" role=""/>
  <member type="relation" ref="9385476" role=""/>
  <member type="relation" ref="9385458" role=""/>
  <member type="relation" ref="9740034" role=""/>
  <member type="relation" ref="9740033" role=""/>
  <member type="relation" ref="9740026" role=""/>
  <member type="relation" ref="15628096" role=""/>
  <member type="relation" ref="15628097" role=""/>
  <member type="relation" ref="19455641" role=""/>
  <member type="relation" ref="19383430" role=""/>
  <member type="relation" ref="17798476" role=""/>
  <member type="relation" ref="17802162" role=""/>
  <member type="relation" ref="19378860" role=""/>
  <member type="relation" ref="19378822" role=""/>
  <member type="relation" ref="19383465" role=""/>
  <tag k="name" v="BMTC"/>
  <tag k="name:kn" v="ಬಿಎಂಟಿಸಿ"/>
  <tag k="network" v="BMTC"/>
  <tag k="operator" v="BMTC"/>
  <tag k="type" v="network"/>
 </relation>
 <relation id="9479563" visible="true" version="7" changeset="145684611" timestamp="2023-12-30T05:25:37Z" user="contrapunctus" uid="4685130">
  <member type="node" ref="6400857553" role=""/>
  <member type="node" ref="428847118" role="stop"/>
  <member type="node" ref="5760197794" role="stop"/>
  <member type="way" ref="348599921" role=""/>
  <member type="way" ref="370301099" role=""/>
  <member type="node" ref="3329651041" role=""/>
  <member type="node" ref="10162602109" role=""/>
  <member type="node" ref="3329651042" role=""/>
  <tag k="code" v="TTY"/>
  <tag k="colour" v="#e542de"/>
  <tag k="name" v="Trinity"/>
  <tag k="name:hi" v="ट्रिनिटी"/>
  <tag k="name:kn" v="ಟ್ರಿನಿಟಿ"/>
  <tag k="network" v="Namma Metro"/>
  <tag k="operator" v="BMRCL"/>
  <tag k="public_transport" v="stop_area"/>
  <tag k="type" v="public_transport"/>
 </relation>
 <relation id="9479564" visible="true" version="9" changeset="162876555" timestamp="2025-02-24T05:39:33Z" user="Vonter" uid="3926189">
  <member type="node" ref="6400857554" role=""/>
  <member type="node" ref="5760197795" role="stop"/>
  <member type="node" ref="3164545466" role=""/>
  <member type="node" ref="6584009929" role=""/>
  <member type="node" ref="11214889012" role=""/>
  <member type="node" ref="11215576585" role=""/>
  <member type="way" ref="327534061" role=""/>
  <member type="way" ref="348854341" role=""/>
  <member type="way" ref="1354573716" role=""/>
  <member type="node" ref="850782876" role="stop"/>
  <tag k="alt_name" v="Plaza Theatre Metro Station"/>
  <tag k="code" v="MAGR"/>
  <tag k="colour" v="#e542de"/>
  <tag k="name" v="Mahatma Gandhi Road"/>
  <tag k="name:etymology:wikidata" v="Q1001"/>
  <tag k="name:kn" v="ಮಹಾತ್ಮ ಗಾಂಧಿ ರಸ್ತೆ"/>
  <tag k="network" v="Namma Metro"/>
  <tag k="operator" v="BMRCL"/>
  <tag k="public_transport" v="stop_area"/>
  <tag k="short_name" v="MG Road"/>
  <tag k="start_date" v="20-10-2011"/>
  <tag k="type" v="public_transport"/>
 </relation>
 <relation id="9740037" visible="true" version="30" changeset="171722282" timestamp="2025-09-10T08:17:45Z" user="olaag" uid="21150819">
  <member type="node" ref="7132452575" role="platform"/>
  <member type="node" ref="2397087882" role="platform"/>
  <member type="node" ref="596446558" role="platform"/>
  <member type="node" ref="7108477361" role="platform"/>
  <member type="node" ref="469614003" role="platform"/>
  <member type="way" ref="1254353743" role="platform"/>
  <member type="node" ref="249082830" role="platform"/>
  <member type="node" ref="5174903786" role="platform"/>
  <member type="node" ref="2468837734" role="platform"/>
  <member type="node" ref="7106320864" role="platform"/>
  <member type="node" ref="296030032" role="platform"/>
  <member type="node" ref="2468839205" role="platform"/>
  <member type="node" ref="2468841879" role="platform"/>
  <member type="node" ref="7106320869" role="platform"/>
  <member type="node" ref="296029985" role="platform"/>
  <member type="node" ref="353187806" role="platform"/>
  <member type="node" ref="7106320873" role="platform"/>
  <member type="node" ref="7106320875" role="platform"/>
  <member type="node" ref="7106320876" role="platform"/>
  <member type="node" ref="2125913472" role="platform"/>
  <member type="node" ref="11872033080" role="platform"/>
  <member type="node" ref="2125916063" role="platform"/>
  <member type="node" ref="7140581377" role="platform"/>
  <member type="node" ref="7106320878" role="platform"/>
  <member type="node" ref="5966255508" role="platform"/>
  <member type="node" ref="5966255506" role="platform"/>
  <member type="node" ref="5966255505" role="platform"/>
  <member type="node" ref="6535450011" role="platform"/>
  <member type="node" ref="6535450003" role="platform"/>
  <member type="node" ref="6842561218" role="platform"/>
  <member type="node" ref="6842561216" role="platform"/>
  <member type="node" ref="2451415320" role="platform"/>
  <member type="node" ref="6842561214" role="platform"/>
  <member type="node" ref="6842561210" role="platform"/>
  <member type="node" ref="11872033078" role="platform"/>
  <member type="node" ref="2451403806" role="platform"/>
  <member type="node" ref="6842561207" role="platform"/>
  <member type="node" ref="2451701582" role="platform"/>
  <member type="node" ref="6842561204" role="platform"/>
  <member type="node" ref="2463073990" role="platform"/>
  <member type="node" ref="11872033076" role="platform"/>
  <member type="node" ref="308219388" role="platform"/>
  <member type="way" ref="435249314" role=""/>
  <member type="way" ref="1308654713" role=""/>
  <member type="way" ref="1308654687" role=""/>
  <member type="way" ref="323813903" role=""/>
  <member type="way" ref="1148395507" role=""/>
  <member type="way" ref="464712045" role=""/>
  <member type="way" ref="763290544" role=""/>
  <member type="way" ref="1108447557" role=""/>
  <member type="way" ref="138980167" role=""/>
  <member type="way" ref="391160963" role=""/>
  <member type="way" ref="391160966" role=""/>
  <member type="way" ref="1101271050" role=""/>
  <member type="way" ref="760884581" role=""/>
  <member type="way" ref="503401208" role=""/>
  <member type="way" ref="464711168" role=""/>
  <member type="way" ref="238459130" role=""/>
  <member type="way" ref="23076279" role=""/>
  <member type="way" ref="1382921528" role=""/>
  <member type="way" ref="760700370" role=""/>
  <member type="way" ref="45444030" role=""/>
  <member type="way" ref="1158656976" role=""/>
  <member type="way" ref="1158656975" role=""/>
  <member type="way" ref="1158656974" role=""/>
  <member type="way" ref="1255318803" role=""/>
  <member type="way" ref="38684972" role=""/>
  <member type="way" ref="464711172" role=""/>
  <member type="way" ref="700787647" role=""/>
  <member type="way" ref="499294485" role=""/>
  <member type="way" ref="1292994277" role=""/>
  <member type="way" ref="1150074360" role=""/>
  <member type="way" ref="458439813" role=""/>
  <member type="way" ref="735064668" role=""/>
  <member type="way" ref="31565098" role=""/>
  <member type="way" ref="1312156096" role=""/>
  <member type="way" ref="764500259" role=""/>
  <member type="way" ref="238460348" role=""/>
  <member type="way" ref="42756974" role=""/>
  <member type="way" ref="760886640" role=""/>
  <member type="way" ref="42756975" role=""/>
  <member type="way" ref="1412642796" role=""/>
  <member type="way" ref="1111976178" role=""/>
  <member type="way" ref="1111976177" role=""/>
  <member type="way" ref="760700369" role=""/>
  <member type="way" ref="172952774" role=""/>
  <member type="way" ref="172952775" role=""/>
  <member type="way" ref="1378825421" role=""/>
  <member type="way" ref="1233960352" role=""/>
  <member type="way" ref="172952777" role=""/>
  <member type="way" ref="1378825423" role=""/>
  <member type="way" ref="172952767" role=""/>
  <member type="way" ref="865967018" role=""/>
  <member type="way" ref="1357773704" role=""/>
  <member type="way" ref="262225968" role=""/>
  <member type="way" ref="30810597" role=""/>
  <member type="way" ref="1246310096" role=""/>
  <member type="way" ref="1374011190" role=""/>
  <member type="way" ref="172952772" role=""/>
  <member type="way" ref="1314303853" role=""/>
  <member type="way" ref="239069588" role=""/>
  <member type="way" ref="239069784" role=""/>
  <member type="way" ref="1314303855" role=""/>
  <member type="way" ref="1109199534" role=""/>
  <member type="way" ref="1109199533" role=""/>
  <member type="way" ref="1116747158" role=""/>
  <member type="way" ref="687216870" role=""/>
  <member type="way" ref="778762238" role=""/>
  <member type="way" ref="778762237" role=""/>
  <member type="way" ref="1034351805" role=""/>
  <member type="way" ref="31564399" role=""/>
  <member type="way" ref="1369844943" role=""/>
  <member type="way" ref="1034351807" role=""/>
  <member type="way" ref="1369844942" role=""/>
  <member type="way" ref="1311200429" role=""/>
  <member type="way" ref="687216869" role=""/>
  <member type="way" ref="1055338308" role=""/>
  <member type="way" ref="1012669429" role=""/>
  <member type="way" ref="1301972669" role=""/>
  <member type="way" ref="1280784408" role=""/>
  <member type="way" ref="191175067" role=""/>
  <member type="way" ref="1390450016" role=""/>
  <member type="way" ref="1390450015" role=""/>
  <member type="way" ref="1390437388" role=""/>
  <member type="way" ref="1302651648" role=""/>
  <member type="way" ref="1390441663" role=""/>
  <member type="way" ref="764411243" role=""/>
  <member type="way" ref="239070965" role=""/>
  <member type="way" ref="1191850186" role=""/>
  <member type="way" ref="1196268674" role=""/>
  <member type="way" ref="537741942" role=""/>
  <member type="way" ref="1214520327" role=""/>
  <member type="way" ref="1111935800" role=""/>
  <member type="way" ref="1111935801" role=""/>
  <member type="way" ref="764332435" role=""/>
  <member type="way" ref="1428504493" role=""/>
  <member type="way" ref="1155857688" role=""/>
  <member type="way" ref="1155857689" role=""/>
  <member type="way" ref="35912611" role=""/>
  <member type="way" ref="764378377" role=""/>
  <member type="way" ref="202624707" role=""/>
  <member type="way" ref="1246767473" role=""/>
  <member type="way" ref="359510792" role=""/>
  <member type="way" ref="778827197" role=""/>
  <member type="way" ref="1105131085" role=""/>
  <member type="way" ref="1105131084" role=""/>
  <member type="way" ref="779539524" role=""/>
  <member type="way" ref="32130712" role=""/>
  <member type="way" ref="1375618090" role=""/>
  <member type="way" ref="780136961" role=""/>
  <member type="way" ref="779539580" role=""/>
  <member type="way" ref="1278820664" role=""/>
  <tag k="from" v="MG Road Metro Station"/>
  <tag k="name" v="G11: MG Road Metro Station =&gt; Bagalur Village"/>
  <tag k="name:kn" v="ಜಿ ೧೧"/>
  <tag k="network" v="BMTC"/>
  <tag k="network:wikidata" v="Q3345039"/>
  <tag k="operator" v="BMTC"/>
  <tag k="public_transport:version" v="2"/>
  <tag k="ref" v="G11"/>
  <tag k="route" v="bus"/>
  <tag k="to" v="Bagalur Village"/>
  <tag k="type" v="route"/>
 </relation>
 <relation id="9740051" visible="true" version="23" changeset="167385281" timestamp="2025-06-09T08:58:56Z" user="alivapanda" uid="19505674">
  <member type="node" ref="12507237905" role="stop_entry_only"/>
  <member type="way" ref="1351849574" role="platform_entry_only"/>
  <member type="node" ref="663596610" role="stop"/>
  <member type="node" ref="5631070493" role="platform"/>
  <member type="node" ref="5727066678" role="platform"/>
  <member type="node" ref="7132495631" role="stop"/>
  <member type="node" ref="7132495632" role="platform"/>
  <member type="node" ref="7132495630" role="stop"/>
  <member type="node" ref="2396896553" role="platform"/>
  <member type="node" ref="7141213463" role="stop"/>
  <member type="node" ref="3406880176" role="platform"/>
  <member type="node" ref="7141213461" role="stop"/>
  <member type="node" ref="7141213462" role="platform"/>
  <member type="node" ref="7141213459" role="stop"/>
  <member type="node" ref="7141213460" role="platform"/>
  <member type="node" ref="2396417962" role="platform"/>
  <member type="way" ref="1247641628" role="platform"/>
  <member type="node" ref="7293817154" role="stop"/>
  <member type="node" ref="10043935987" role="platform"/>
  <member type="node" ref="7293817083" role="stop"/>
  <member type="node" ref="7293817084" role="platform"/>
  <member type="node" ref="7277381435" role="stop"/>
  <member type="node" ref="6140712974" role="platform"/>
  <member type="node" ref="7277381428" role="stop"/>
  <member type="node" ref="6019408126" role="platform"/>
  <member type="node" ref="10855370148" role="platform"/>
  <member type="node" ref="2402577150" role="platform"/>
  <member type="node" ref="1473298101" role="platform"/>
  <member type="node" ref="1723780077" role="platform_exit_only"/>
  <member type="way" ref="760884582" role=""/>
  <member type="way" ref="391160970" role=""/>
  <member type="way" ref="760884581" role=""/>
  <member type="way" ref="503401208" role=""/>
  <member type="way" ref="464711168" role=""/>
  <member type="way" ref="238459130" role=""/>
  <member type="way" ref="52063533" role=""/>
  <member type="way" ref="503401206" role=""/>
  <member type="way" ref="503401205" role=""/>
  <member type="way" ref="589685544" role=""/>
  <member type="way" ref="52063523" role=""/>
  <member type="way" ref="554901329" role=""/>
  <member type="way" ref="1106310175" role=""/>
  <member type="way" ref="362900185" role=""/>
  <member type="way" ref="760889232" role=""/>
  <member type="way" ref="1148395510" role=""/>
  <member type="way" ref="1148395511" role=""/>
  <member type="way" ref="359476590" role=""/>
  <member type="way" ref="1196514126" role=""/>
  <member type="way" ref="1196514128" role=""/>
  <member type="way" ref="1151679464" role=""/>
  <member type="way" ref="147859357" role=""/>
  <member type="way" ref="1227562843" role=""/>
  <member type="way" ref="1125542416" role=""/>
  <member type="way" ref="763293422" role=""/>
  <member type="way" ref="325833345" role=""/>
  <member type="way" ref="1166571294" role=""/>
  <member type="way" ref="1148434866" role=""/>
  <member type="way" ref="638541502" role=""/>
  <member type="way" ref="325833350" role=""/>
  <member type="way" ref="1015024219" role=""/>
  <member type="way" ref="132191817" role=""/>
  <member type="way" ref="133632534" role=""/>
  <member type="way" ref="1298944073" role=""/>
  <member type="way" ref="763175330" role=""/>
  <member type="way" ref="1056563196" role=""/>
  <member type="way" ref="239441161" role=""/>
  <member type="way" ref="1386556901" role=""/>
  <member type="way" ref="1386556900" role=""/>
  <member type="way" ref="1096873562" role=""/>
  <member type="way" ref="1012975560" role=""/>
  <member type="way" ref="1096873563" role=""/>
  <member type="way" ref="764406990" role=""/>
  <member type="way" ref="430154366" role=""/>
  <member type="way" ref="430154367" role=""/>
  <member type="way" ref="1150895254" role=""/>
  <member type="way" ref="1391749538" role=""/>
  <member type="way" ref="1307247738" role=""/>
  <member type="way" ref="1307247737" role=""/>
  <member type="way" ref="558769481" role=""/>
  <member type="way" ref="558769486" role=""/>
  <member type="way" ref="1150883981" role=""/>
  <member type="way" ref="363621124" role=""/>
  <member type="way" ref="328835371" role=""/>
  <member type="way" ref="1031526547" role=""/>
  <member type="way" ref="1110164312" role=""/>
  <member type="way" ref="1290479888" role=""/>
  <member type="way" ref="1387944291" role=""/>
  <member type="way" ref="1110164314" role=""/>
  <member type="way" ref="150510724" role=""/>
  <member type="way" ref="1311812959" role=""/>
  <member type="way" ref="476886246" role=""/>
  <member type="way" ref="92196679" role=""/>
  <member type="way" ref="1362809475" role=""/>
  <member type="way" ref="1393474724" role=""/>
  <member type="way" ref="1148717038" role=""/>
  <member type="way" ref="40696223" role=""/>
  <member type="way" ref="1167293940" role=""/>
  <member type="way" ref="1208112303" role=""/>
  <member type="way" ref="40696221" role=""/>
  <member type="way" ref="237025636" role=""/>
  <member type="way" ref="243897293" role=""/>
  <member type="way" ref="1196514116" role=""/>
  <member type="way" ref="1196514117" role=""/>
  <member type="way" ref="1196514118" role=""/>
  <member type="way" ref="148211165" role=""/>
  <member type="way" ref="48691692" role=""/>
  <member type="way" ref="229965238" role=""/>
  <member type="way" ref="1281370459" role=""/>
  <member type="way" ref="1105179120" role=""/>
  <member type="way" ref="1105179121" role=""/>
  <member type="way" ref="160555546" role=""/>
  <member type="way" ref="334653045" role=""/>
  <member type="way" ref="259174991" role=""/>
  <tag k="from" v="Shivajinagara Bus Station"/>
  <tag k="name" v="362C: Shivajinagara Bus Station =&gt; Beguru"/>
  <tag k="name:kn" v="೩೬೨ ಸಿ"/>
  <tag k="network" v="BMTC"/>
  <tag k="not:network:wikidata" v="Q3345039"/>
  <tag k="operator" v="BMTC"/>
  <tag k="public_transport:version" v="2"/>
  <tag k="ref" v="362C"/>
  <tag k="route" v="bus"/>
  <tag k="to" v="Beguru"/>
  <tag k="type" v="route"/>
  <tag k="via" v="Adugodi;Madiwala;Hongasandra"/>
 </relation>
 <relation id="9740155" visible="true" version="43" changeset="174892059" timestamp="2025-11-20T06:37:46Z" user="olasakeeb" uid="19294194">
  <member type="node" ref="7132495622" role="platform"/>
  <member type="node" ref="7132495620" role="platform"/>
  <member type="node" ref="2406087672" role="platform"/>
  <member type="node" ref="2406088640" role="platform"/>
  <member type="node" ref="6584009983" role="platform"/>
  <member type="node" ref="3344494904" role="platform"/>
  <member type="node" ref="7132452575" role="platform"/>
  <member type="node" ref="2397087882" role="platform"/>
  <member type="node" ref="596446558" role="platform"/>
  <member type="node" ref="7108477361" role="platform"/>
  <member type="node" ref="469614003" role="platform"/>
  <member type="way" ref="1254353743" role="platform"/>
  <member type="node" ref="4597940321" role="platform"/>
  <member type="node" ref="4597940322" role="platform"/>
  <member type="node" ref="4597940323" role="platform"/>
  <member type="node" ref="661987319" role="platform"/>
  <member type="node" ref="430043685" role="platform"/>
  <member type="node" ref="2398512426" role="platform"/>
  <member type="node" ref="3591575624" role="platform"/>
  <member type="node" ref="3591575671" role="platform"/>
  <member type="node" ref="7132495610" role="platform"/>
  <member type="node" ref="430043750" role="platform"/>
  <member type="node" ref="1422403248" role="platform"/>
  <member type="node" ref="430043822" role="platform"/>
  <member type="node" ref="4936398410" role="platform"/>
  <member type="way" ref="28126587" role=""/>
  <member type="way" ref="401993930" role=""/>
  <member type="way" ref="763293417" role=""/>
  <member type="way" ref="763293418" role=""/>
  <member type="way" ref="401908497" role=""/>
  <member type="way" ref="401993919" role=""/>
  <member type="way" ref="1056563199" role=""/>
  <member type="way" ref="1056563200" role=""/>
  <member type="way" ref="763175330" role=""/>
  <member type="way" ref="435249770" role=""/>
  <member type="way" ref="239572010" role=""/>
  <member type="way" ref="763290548" role=""/>
  <member type="way" ref="1096797091" role=""/>
  <member type="way" ref="763290547" role=""/>
  <member type="way" ref="1246410563" role=""/>
  <member type="way" ref="124316745" role=""/>
  <member type="way" ref="763405053" role=""/>
  <member type="way" ref="691218619" role=""/>
  <member type="way" ref="498553630" role=""/>
  <member type="way" ref="544759837" role=""/>
  <member type="way" ref="1151681832" role=""/>
  <member type="way" ref="1109956874" role=""/>
  <member type="way" ref="544759838" role=""/>
  <member type="way" ref="1227562842" role=""/>
  <member type="way" ref="1125542417" role=""/>
  <member type="way" ref="1227562844" role=""/>
  <member type="way" ref="435249314" role=""/>
  <member type="way" ref="1308654713" role=""/>
  <member type="way" ref="1308654687" role=""/>
  <member type="way" ref="323813903" role=""/>
  <member type="way" ref="1148395507" role=""/>
  <member type="way" ref="464712045" role=""/>
  <member type="way" ref="763290544" role=""/>
  <member type="way" ref="1108447557" role=""/>
  <member type="way" ref="138980163" role=""/>
  <member type="way" ref="503401208" role=""/>
  <member type="way" ref="464711168" role=""/>
  <member type="way" ref="238459130" role=""/>
  <member type="way" ref="23076279" role=""/>
  <member type="way" ref="1382921528" role=""/>
  <member type="way" ref="760700370" role=""/>
  <member type="way" ref="45444030" role=""/>
  <member type="way" ref="1158656976" role=""/>
  <member type="way" ref="1158656975" role=""/>
  <member type="way" ref="1158656974" role=""/>
  <member type="way" ref="1255318803" role=""/>
  <member type="way" ref="38684972" role=""/>
  <member type="way" ref="400447560" role=""/>
  <member type="way" ref="766299887" role=""/>
  <member type="way" ref="764409834" role=""/>
  <member type="way" ref="764327045" role=""/>
  <member type="way" ref="143364234" role=""/>
  <member type="way" ref="42757224" role=""/>
  <member type="way" ref="1395724765" role=""/>
  <member type="way" ref="1324678269" role=""/>
  <member type="way" ref="1324678268" role=""/>
  <member type="way" ref="1335306757" role=""/>
  <member type="way" ref="1335306758" role=""/>
  <member type="way" ref="1083263215" role=""/>
  <member type="way" ref="742326985" role=""/>
  <member type="way" ref="36982676" role=""/>
  <member type="way" ref="269819742" role=""/>
  <member type="way" ref="1249434047" role=""/>
  <member type="way" ref="36982682" role=""/>
  <member type="way" ref="36982686" role=""/>
  <member type="way" ref="1150882995" role=""/>
  <member type="way" ref="1105197442" role=""/>
  <member type="way" ref="1108920852" role=""/>
  <member type="way" ref="1105197440" role=""/>
  <member type="way" ref="503306655" role=""/>
  <member type="way" ref="682369899" role=""/>
  <member type="way" ref="682369900" role=""/>
  <member type="way" ref="503306654" role=""/>
  <member type="way" ref="766297127" role=""/>
  <member type="way" ref="1279808382" role=""/>
  <member type="way" ref="328897384" role=""/>
  <member type="way" ref="503306652" role=""/>
  <member type="way" ref="503306651" role=""/>
  <member type="way" ref="1452266885" role=""/>
  <tag k="from" v="Neelasandra Rose Garden"/>
  <tag k="name" v="144K: Neelasandra Rose Garden =&gt; Kaval Byrasandra"/>
  <tag k="name:kn" v="೧೪೪ ಕೆ"/>
  <tag k="network" v="Suvarna"/>
  <tag k="not:network:wikidata" v="Q3345039"/>
  <tag k="operator" v="BMTC"/>
  <tag k="public_transport:version" v="2"/>
  <tag k="ref" v="144K"/>
  <tag k="route" v="bus"/>
  <tag k="to" v="Kaval Byrasandra"/>
  <tag k="type" v="route"/>
 </relation>
 <relation id="9740156" visible="true" version="17" changeset="158964581" timestamp="2024-11-10T11:55:46Z" user="Vonter" uid="3926189">
  <member type="node" ref="596446558" role="platform"/>
  <member type="node" ref="3740957800" role="platform"/>
  <member type="node" ref="4846787925" role="platform"/>
  <member type="node" ref="7132495632" role="platform"/>
  <member type="node" ref="7132495629" role="platform"/>
  <member type="node" ref="2396896553" role="platform"/>
  <member type="node" ref="4307590416" role="platform"/>
  <member type="node" ref="7132495626" role="platform"/>
  <member type="node" ref="2406538301" role="platform"/>
  <member type="node" ref="2406537990" role="platform"/>
  <member type="way" ref="760884582" role=""/>
  <member type="way" ref="391160970" role=""/>
  <member type="way" ref="1101271050" role=""/>
  <member type="way" ref="238459129" role=""/>
  <member type="way" ref="138980157" role=""/>
  <member type="way" ref="367491275" role=""/>
  <member type="way" ref="1108447556" role=""/>
  <member type="way" ref="138980161" role=""/>
  <member type="way" ref="23515741" role=""/>
  <member type="way" ref="107215079" role=""/>
  <member type="way" ref="544761377" role=""/>
  <member type="way" ref="544761379" role=""/>
  <member type="way" ref="544761381" role=""/>
  <member type="way" ref="1110192330" role=""/>
  <member type="way" ref="1205167663" role=""/>
  <member type="way" ref="1205167666" role=""/>
  <member type="way" ref="544761383" role=""/>
  <member type="way" ref="542070645" role=""/>
  <member type="way" ref="542070642" role=""/>
  <member type="way" ref="705023782" role=""/>
  <member type="way" ref="147859357" role=""/>
  <member type="way" ref="1227562843" role=""/>
  <member type="way" ref="1125542416" role=""/>
  <member type="way" ref="763293422" role=""/>
  <member type="way" ref="325833345" role=""/>
  <member type="way" ref="1166571294" role=""/>
  <member type="way" ref="1148434866" role=""/>
  <member type="way" ref="638541502" role=""/>
  <member type="way" ref="325833350" role=""/>
  <member type="way" ref="1015024219" role=""/>
  <member type="way" ref="132191817" role=""/>
  <member type="way" ref="133632534" role=""/>
  <member type="way" ref="764329018" role=""/>
  <member type="way" ref="57885669" role=""/>
  <member type="way" ref="401908497" role=""/>
  <member type="way" ref="763293418" role=""/>
  <member type="way" ref="763293417" role=""/>
  <member type="way" ref="401993930" role=""/>
  <member type="way" ref="28126587" role=""/>
  <tag k="from" v="Shivajinagara Bus Station"/>
  <tag k="name" v="144E: Shivajinagara Bus Station =&gt; Neelasandra Rose Garden"/>
  <tag k="name:kn" v="೧೪೪ ಇ"/>
  <tag k="network" v="BMTC"/>
  <tag k="network:wikidata" v="Q3345039"/>
  <tag k="operator" v="BMTC"/>
  <tag k="public_transport:version" v="2"/>
  <tag k="ref" v="144E"/>
  <tag k="route" v="bus"/>
  <tag k="to" v="Neelasandra Rose Garden"/>
  <tag k="type" v="route"/>
 </relation>
 <relation id="9740157" visible="true" version="16" changeset="147483099" timestamp="2024-02-15T09:51:22Z" user="Vonter" uid="3926189">
  <member type="node" ref="596446558" role="platform"/>
  <member type="node" ref="3740957800" role="platform"/>
  <member type="node" ref="4846787925" role="platform"/>
  <member type="node" ref="7132495632" role="platform"/>
  <member type="node" ref="7132495629" role="platform"/>
  <member type="node" ref="2396896553" role="platform"/>
  <member type="node" ref="4307590416" role="platform"/>
  <member type="node" ref="7132495626" role="platform"/>
  <member type="node" ref="2406538301" role="platform"/>
  <member type="way" ref="760884582" role=""/>
  <member type="way" ref="391160970" role=""/>
  <member type="way" ref="1101271050" role=""/>
  <member type="way" ref="238459129" role=""/>
  <member type="way" ref="1108447555" role=""/>
  <member type="way" ref="138980157" role=""/>
  <member type="way" ref="367491275" role=""/>
  <member type="way" ref="1108447556" role=""/>
  <member type="way" ref="138980161" role=""/>
  <member type="way" ref="23515741" role=""/>
  <member type="way" ref="107215079" role=""/>
  <member type="way" ref="544761377" role=""/>
  <member type="way" ref="544761379" role=""/>
  <member type="way" ref="544761381" role=""/>
  <member type="way" ref="1110192330" role=""/>
  <member type="way" ref="1205167663" role=""/>
  <member type="way" ref="1205167666" role=""/>
  <member type="way" ref="544761383" role=""/>
  <member type="way" ref="542070645" role=""/>
  <member type="way" ref="542070642" role=""/>
  <member type="way" ref="705023782" role=""/>
  <member type="way" ref="147859357" role=""/>
  <member type="way" ref="1227562843" role=""/>
  <member type="way" ref="1125542416" role=""/>
  <member type="way" ref="763293422" role=""/>
  <member type="way" ref="325833345" role=""/>
  <member type="way" ref="1166571294" role=""/>
  <member type="way" ref="1148434866" role=""/>
  <member type="way" ref="638541502" role=""/>
  <member type="way" ref="325833350" role=""/>
  <member type="way" ref="1015024219" role=""/>
  <member type="way" ref="132191817" role=""/>
  <member type="way" ref="133632534" role=""/>
  <member type="way" ref="764329018" role=""/>
  <member type="way" ref="57885669" role=""/>
  <member type="way" ref="401908497" role=""/>
  <member type="way" ref="763293418" role=""/>
  <member type="way" ref="763293417" role=""/>
  <tag k="from" v="Shivajinagara Bus Station"/>
  <tag k="name" v="Bus 144: Shivajinagara Bus Station =&gt; Neelasandra Bus Stand"/>
  <tag k="name:kn" v="೧೪೪"/>
  <tag k="network" v="BMTC"/>
  <tag k="network:wikidata" v="Q3345039"/>
  <tag k="operator" v="BMTC"/>
  <tag k="public_transport:version" v="2"/>
  <tag k="ref" v="144"/>
  <tag k="route" v="bus"/>
  <tag k="to" v="Neelasandra Bus Stand"/>
  <tag k="type" v="route"/>
 </relation>
 <relation id="9740187" visible="true" version="29" changeset="163109758" timestamp="2025-03-02T05:40:08Z" user="Vonter" uid="3926189">
  <member type="node" ref="7132486286" role="platform"/>
  <member type="node" ref="956271888" role="platform"/>
  <member type="node" ref="2406118297" role="platform"/>
  <member type="node" ref="443252765" role="platform"/>
  <member type="node" ref="7132452581" role="platform"/>
  <member type="node" ref="7132452579" role="platform"/>
  <member type="node" ref="7132452577" role="platform"/>
  <member type="node" ref="6017833822" role="platform"/>
  <member type="node" ref="6017833823" role="platform"/>
  <member type="node" ref="2406087672" role="platform"/>
  <member type="node" ref="2406088640" role="platform"/>
  <member type="node" ref="6584009983" role="platform"/>
  <member type="node" ref="3344494904" role="platform"/>
  <member type="node" ref="7132452575" role="platform"/>
  <member type="node" ref="2397087882" role="platform"/>
  <member type="node" ref="596446558" role="platform"/>
  <member type="way" ref="764329014" role=""/>
  <member type="way" ref="1228807286" role=""/>
  <member type="way" ref="52736010" role=""/>
  <member type="way" ref="764329015" role=""/>
  <member type="way" ref="462585136" role=""/>
  <member type="way" ref="38772795" role=""/>
  <member type="way" ref="1312215665" role=""/>
  <member type="way" ref="1356342406" role=""/>
  <member type="way" ref="1356342408" role=""/>
  <member type="way" ref="763175333" role=""/>
  <member type="way" ref="27946101" role=""/>
  <member type="way" ref="401993927" role=""/>
  <member type="way" ref="401993924" role=""/>
  <member type="way" ref="763293419" role=""/>
  <member type="way" ref="401908497" role=""/>
  <member type="way" ref="401993919" role=""/>
  <member type="way" ref="1056563199" role=""/>
  <member type="way" ref="1056563200" role=""/>
  <member type="way" ref="1298944073" role=""/>
  <member type="way" ref="763175330" role=""/>
  <member type="way" ref="435249770" role=""/>
  <member type="way" ref="239572010" role=""/>
  <member type="way" ref="763290548" role=""/>
  <member type="way" ref="1096797091" role=""/>
  <member type="way" ref="763290547" role=""/>
  <member type="way" ref="1246410563" role=""/>
  <member type="way" ref="124316745" role=""/>
  <member type="way" ref="763405053" role=""/>
  <member type="way" ref="691218619" role=""/>
  <member type="way" ref="498553630" role=""/>
  <member type="way" ref="544759837" role=""/>
  <member type="way" ref="1151681832" role=""/>
  <member type="way" ref="1109956874" role=""/>
  <member type="way" ref="544759838" role=""/>
  <member type="way" ref="1227562842" role=""/>
  <member type="way" ref="1125542417" role=""/>
  <member type="way" ref="1227562844" role=""/>
  <member type="way" ref="435249314" role=""/>
  <member type="way" ref="1308654713" role=""/>
  <member type="way" ref="1308654687" role=""/>
  <member type="way" ref="323813903" role=""/>
  <member type="way" ref="1148395507" role=""/>
  <member type="way" ref="464712045" role=""/>
  <member type="way" ref="763290544" role=""/>
  <member type="way" ref="1108447557" role=""/>
  <member type="way" ref="138980163" role=""/>
  <tag k="from" v="Srinivagilu Ejipura"/>
  <tag k="name" v="141E: Srinivagilu Ejipura =&gt; Shivajinagara Bus Station"/>
  <tag k="name:kn" v="೧೪೧ ಇ"/>
  <tag k="network" v="BMTC"/>
  <tag k="network:wikidata" v="Q3345039"/>
  <tag k="operator" v="BMTC"/>
  <tag k="public_transport:version" v="2"/>
  <tag k="ref" v="141E"/>
  <tag k="route" v="bus"/>
  <tag k="to" v="Shivajinagara Bus Station"/>
  <tag k="type" v="route"/>
 </relation>
 <relation id="10589951" visible="true" version="2" changeset="99576579" timestamp="2021-02-19T08:35:13Z" user="indigomc" uid="136860">
  <member type="node" ref="7132452574" role="stop"/>
  <member type="node" ref="7132452575" role="platform"/>
  <tag k="name" v="MG Road Metro Station"/>
  <tag k="name:en" v="MG Road Metro Station"/>
  <tag k="name:kn" v="ಮಹಾತ್ಮ ಗಾಂಧಿ ರಸ್ತೆ"/>
  <tag k="network" v="BMTC"/>
  <tag k="operator" v="BMTC"/>
  <tag k="public_transport" v="stop_area"/>
  <tag k="type" v="public_transport"/>
 </relation>
 <relation id="14720417" visible="true" version="16" changeset="163696889" timestamp="2025-03-16T16:32:32Z" user="uknown-gryphus" uid="2425805">
  <member type="way" ref="766406223" role="street"/>
  <member type="way" ref="1101945532" role="street"/>
  <member type="way" ref="161416663" role="street"/>
  <member type="way" ref="1308654687" role="street"/>
  <member type="way" ref="1308654713" role="street"/>
  <member type="way" ref="435249314" role="street"/>
  <member type="way" ref="1227562844" role="street"/>
  <member type="way" ref="1125542417" role="street"/>
  <member type="way" ref="1227562842" role="street"/>
  <member type="way" ref="544759838" role="street"/>
  <member type="way" ref="1109956874" role="street"/>
  <member type="way" ref="1151681832" role="street"/>
  <member type="way" ref="544759837" role="street"/>
  <member type="way" ref="1148434865" role="street"/>
  <member type="way" ref="1166571293" role="street"/>
  <member type="way" ref="638541500" role="street"/>
  <member type="way" ref="1166322823" role="street"/>
  <member type="way" ref="1166322824" role="street"/>
  <member type="way" ref="38522039" role="street"/>
  <member type="way" ref="1166322820" role="street"/>
  <member type="way" ref="1166322819" role="street"/>
  <member type="way" ref="1278555476" role="street"/>
  <member type="way" ref="638541495" role="street"/>
  <member type="way" ref="1112419801" role="street"/>
  <member type="way" ref="1112419802" role="street"/>
  <member type="way" ref="763183691" role="street"/>
  <member type="way" ref="157571651" role="street"/>
  <member type="way" ref="824818261" role="street"/>
  <member type="way" ref="1106110231" role="street"/>
  <member type="way" ref="1368125926" role="street"/>
  <member type="way" ref="915684608" role="street"/>
  <member type="way" ref="1196514128" role="street"/>
  <member type="way" ref="1151679464" role="street"/>
  <member type="way" ref="147859357" role="street"/>
  <member type="way" ref="1227562843" role="street"/>
  <member type="way" ref="1125542416" role="street"/>
  <member type="way" ref="763293422" role="street"/>
  <member type="way" ref="1101271052" role="street"/>
  <member type="way" ref="263812623" role="street"/>
  <member type="way" ref="1112419800" role="street"/>
  <member type="way" ref="1112419799" role="street"/>
  <member type="way" ref="157575514" role=""/>
  <tag k="alt_name" v="M G Road"/>
  <tag k="name" v="Mahatma Gandhi Road"/>
  <tag k="name:etymology:wikidata" v="Q1001"/>
  <tag k="name:kn" v="ಮಹಾತ್ಮ ಗಾಂಧಿ ರಸ್ತೆ"/>
  <tag k="old_name" v="South Parade"/>
  <tag k="short_name" v="MG Road"/>
  <tag k="type" v="street"/>
 </relation>
 <relation id="17038841" visible="true" version="5" changeset="158994542" timestamp="2024-11-11T06:11:42Z" user="Vonter" uid="3926189">
  <member type="node" ref="5760197781" role="stop"/>
  <member type="node" ref="5760197782" role="stop"/>
  <member type="node" ref="5760197783" role="stop"/>
  <member type="node" ref="5760197784" role="stop"/>
  <member type="node" ref="5760197785" role="stop"/>
  <member type="node" ref="5760197786" role="stop"/>
  <member type="node" ref="5760197788" role="stop"/>
  <member type="node" ref="5760197800" role="stop"/>
  <member type="node" ref="5760197802" role="stop"/>
  <member type="node" ref="5760197799" role="stop"/>
  <member type="node" ref="5760197798" role="stop"/>
  <member type="node" ref="5760197795" role="stop"/>
  <member type="node" ref="5760197794" role="stop"/>
  <member type="node" ref="5760197793" role="stop"/>
  <member type="node" ref="5760197792" role="stop"/>
  <member type="node" ref="5760197790" role="stop"/>
  <member type="node" ref="5760197769" role="stop"/>
  <member type="node" ref="11248381603" role="stop"/>
  <member type="node" ref="10761647016" role="stop"/>
  <member type="node" ref="10761647036" role="stop"/>
  <member type="node" ref="10761647034" role="stop"/>
  <member type="node" ref="10761647032" role="stop"/>
  <member type="node" ref="10763340457" role="stop"/>
  <member type="node" ref="10761647030" role="stop"/>
  <member type="node" ref="10761647028" role="stop"/>
  <member type="node" ref="10761647026" role="stop"/>
  <member type="node" ref="10761647024" role="stop"/>
  <member type="way" ref="607901251" role=""/>
  <member type="way" ref="607901252" role=""/>
  <member type="way" ref="607901253" role=""/>
  <member type="way" ref="607901254" role=""/>
  <member type="way" ref="607901255" role=""/>
  <member type="way" ref="607901256" role=""/>
  <member type="way" ref="607901257" role=""/>
  <member type="way" ref="607901258" role=""/>
  <member type="way" ref="607901259" role=""/>
  <member type="way" ref="607901271" role=""/>
  <member type="way" ref="607901270" role=""/>
  <member type="way" ref="607901269" role=""/>
  <member type="way" ref="607901268" role=""/>
  <member type="way" ref="607901267" role=""/>
  <member type="way" ref="607901266" role=""/>
  <member type="way" ref="607901265" role=""/>
  <member type="way" ref="607901264" role=""/>
  <member type="way" ref="607901263" role=""/>
  <member type="way" ref="607901262" role=""/>
  <member type="way" ref="607901260" role=""/>
  <member type="way" ref="607901242" role=""/>
  <member type="way" ref="607901240" role=""/>
  <member type="way" ref="607901239" role=""/>
  <member type="way" ref="607901238" role=""/>
  <member type="way" ref="1190020851" role=""/>
  <member type="way" ref="1190020853" role=""/>
  <member type="way" ref="607901237" role=""/>
  <member type="way" ref="607901236" role=""/>
  <member type="way" ref="607901234" role=""/>
  <member type="way" ref="607901233" role=""/>
  <member type="way" ref="607901231" role=""/>
  <member type="way" ref="607901230" role=""/>
  <member type="way" ref="607901229" role=""/>
  <member type="way" ref="607901228" role=""/>
  <member type="way" ref="607901225" role=""/>
  <member type="way" ref="607901223" role=""/>
  <member type="way" ref="607901220" role=""/>
  <member type="way" ref="607901219" role=""/>
  <tag k="colour" v="#e542de"/>
  <tag k="duration" v="00:57"/>
  <tag k="from" v="Mysuru Road"/>
  <tag k="interval" v="10"/>
  <tag k="interval:conditional" v="20 @ (Mo-Sa 05:00-05:20); 15 @ (Mo-Sa 05:20-06:17,23:22-24:00); 5 @ (Mo-Sa 07:22-11:34,17:27-21:27); 8 @ (Mo-Sa 12:37-17:22)"/>
  <tag k="name" v="Purple Line (Mysuru Road → Pattandur Agrahara)"/>
  <tag k="name:kn" v="ನೇರಳೆ ಪಥ (ಮೈಸೂರು ರಸ್ತೆ -&gt; ಪಟ್ಟಂದೂರು ಅಗ್ರಹಾರ)"/>
  <tag k="network" v="Namma Metro"/>
  <tag k="network:wikidata" v="Q279343"/>
  <tag k="opening_hours" v="Mo-Sa 05:00-24:00"/>
  <tag k="operator" v="BMRCL"/>
  <tag k="public_transport:version" v="2"/>
  <tag k="ref" v="Purple"/>
  <tag k="route" v="subway"/>
  <tag k="to" v="Pattandur Agrahara"/>
  <tag k="type" v="route"/>
  <tag k="wikidata" v="Q7261433"/>
  <tag k="wikipedia" v="en:Purple Line (Namma Metro)"/>
 </relation>
 <relation id="17038842" visible="true" version="5" changeset="158994542" timestamp="2024-11-11T06:11:42Z" user="Vonter" uid="3926189">
  <member type="node" ref="10761647023" role="stop"/>
  <member type="node" ref="10761647025" role="stop"/>
  <member type="node" ref="10761647027" role="stop"/>
  <member type="node" ref="10761647029" role="stop"/>
  <member type="node" ref="1576856364" role="stop"/>
  <member type="node" ref="2643922981" role="stop"/>
  <member type="node" ref="10761647033" role="stop"/>
  <member type="node" ref="10761647035" role="stop"/>
  <member type="node" ref="4548694631" role="stop"/>
  <member type="node" ref="4548694596" role="stop"/>
  <member type="node" ref="568363732" role="stop"/>
  <member type="node" ref="850782866" role="stop"/>
  <member type="node" ref="850782880" role="stop"/>
  <member type="node" ref="431524247" role="stop"/>
  <member type="node" ref="428847118" role="stop"/>
  <member type="node" ref="850782876" role="stop"/>
  <member type="node" ref="3343297219" role="stop"/>
  <member type="node" ref="568344479" role="stop"/>
  <member type="node" ref="1087823607" role="stop"/>
  <member type="node" ref="5305932617" role="stop"/>
  <member type="node" ref="1560067666" role="stop"/>
  <member type="node" ref="1820408689" role="stop"/>
  <member type="node" ref="1565099143" role="stop"/>
  <member type="node" ref="1565099088" role="stop"/>
  <member type="node" ref="1565099087" role="stop"/>
  <member type="node" ref="568345184" role="stop"/>
  <member type="node" ref="568345526" role="stop"/>
  <member type="way" ref="1240358637" role=""/>
  <member type="way" ref="458951602" role=""/>
  <member type="way" ref="458951609" role=""/>
  <member type="way" ref="458948592" role=""/>
  <member type="way" ref="549187823" role=""/>
  <member type="way" ref="458948600" role=""/>
  <member type="way" ref="259063035" role=""/>
  <member type="way" ref="549187824" role=""/>
  <member type="way" ref="458948598" role=""/>
  <member type="way" ref="144106294" role=""/>
  <member type="way" ref="537962221" role=""/>
  <member type="way" ref="549187827" role=""/>
  <member type="way" ref="1190020854" role=""/>
  <member type="way" ref="1190020852" role=""/>
  <member type="way" ref="408874877" role=""/>
  <member type="way" ref="141182198" role=""/>
  <member type="way" ref="133867980" role=""/>
  <member type="way" ref="141182197" role=""/>
  <member type="way" ref="575099769" role=""/>
  <member type="way" ref="133876199" role=""/>
  <member type="way" ref="549187829" role=""/>
  <member type="way" ref="549187830" role=""/>
  <member type="way" ref="549187831" role=""/>
  <member type="way" ref="549187832" role=""/>
  <member type="way" ref="508711042" role=""/>
  <member type="way" ref="549187834" role=""/>
  <member type="way" ref="44829220" role=""/>
  <member type="way" ref="549187836" role=""/>
  <member type="way" ref="549277222" role=""/>
  <member type="way" ref="133867981" role=""/>
  <member type="way" ref="549187839" role=""/>
  <member type="way" ref="549187840" role=""/>
  <member type="way" ref="170931978" role=""/>
  <member type="way" ref="549187841" role=""/>
  <member type="way" ref="549187842" role=""/>
  <member type="way" ref="172895638" role=""/>
  <member type="way" ref="549187843" role=""/>
  <member type="way" ref="549187844" role=""/>
  <tag k="colour" v="#e542de"/>
  <tag k="duration" v="00:57"/>
  <tag k="from" v="Pattandur Agrahara"/>
  <tag k="interval" v="10"/>
  <tag k="interval:conditional" v="12 @ (Mo-Sa 05:08-05:25); 5 @ (Mo-Sa 08:25-11:02,17:56-20:26); 8 @ (Mo-Sa 11:02-15:26); 15 @ (Mo-Sa 22:06-24:00)"/>
  <tag k="name" v="Purple Line (Pattandur Agrahara → Mysuru Road)"/>
  <tag k="name:kn" v="ನೇರಳೆ ಪಥ (ಪಟ್ಟಂದೂರು ಅಗ್ರಹಾರ -&gt; ಮೈಸೂರು ರಸ್ತೆ)"/>
  <tag k="network" v="Namma Metro"/>
  <tag k="network:wikidata" v="Q279343"/>
  <tag k="opening_hours" v="Mo-Sa 05:00-24:00"/>
  <tag k="operator" v="BMRCL"/>
  <tag k="public_transport:version" v="2"/>
  <tag k="ref" v="Purple"/>
  <tag k="route" v="subway"/>
  <tag k="to" v="Mysuru Road"/>
  <tag k="type" v="route"/>
  <tag k="wikidata" v="Q7261433"/>
  <tag k="wikipedia" v="en:Purple Line (Namma Metro)"/>
 </relation>
 <relation id="17217113" visible="true" version="2" changeset="154494501" timestamp="2024-07-27T17:50:41Z" user="uknown-gryphus" uid="2425805">
  <member type="way" ref="239572010" role="street"/>
  <member type="way" ref="1110166329" role="street"/>
  <member type="way" ref="239572011" role="street"/>
  <member type="way" ref="23029284" role="street"/>
  <member type="way" ref="764406991" role="street"/>
  <member type="way" ref="1304119370" role="street"/>
  <member type="way" ref="1125542419" role="street"/>
  <member type="way" ref="103639924" role="street"/>
  <member type="way" ref="1064418711" role="street"/>
  <member type="way" ref="1075317012" role="street"/>
  <member type="way" ref="1125542418" role="street"/>
  <tag k="name" v="Brigade Road"/>
  <tag k="name:kn" v="ಬ್ರಿಗೇಡ್ ರಸ್ತೆ"/>
  <tag k="type" v="street"/>
 </relation>
 <relation id="17217270" visible="true" version="1" changeset="147484666" timestamp="2024-02-15T10:31:13Z" user="Vonter" uid="3926189">
  <member type="way" ref="430156583" role=""/>
  <member type="way" ref="1126169748" role=""/>
  <member type="way" ref="1222902248" role=""/>
  <member type="way" ref="1169522534" role=""/>
  <member type="way" ref="1232466337" role=""/>
  <member type="way" ref="1232642400" role=""/>
  <member type="way" ref="1232466345" role=""/>
  <member type="way" ref="1250743378" role=""/>
  <member type="way" ref="1250741615" role=""/>
  <member type="way" ref="1106057230" role=""/>
  <member type="way" ref="1076596550" role=""/>
  <member type="way" ref="1250740476" role=""/>
  <member type="way" ref="1250740477" role=""/>
  <member type="way" ref="1246412856" role=""/>
  <member type="way" ref="1250740478" role=""/>
  <member type="way" ref="1218066280" role=""/>
  <member type="way" ref="1250740472" role=""/>
  <member type="way" ref="1250740473" role=""/>
  <member type="way" ref="1250740474" role=""/>
  <member type="way" ref="1250740475" role=""/>
  <member type="way" ref="1250741620" role=""/>
  <member type="way" ref="1250741622" role=""/>
  <member type="way" ref="1236030998" role=""/>
  <member type="way" ref="1250740471" role=""/>
  <member type="way" ref="1250741616" role=""/>
  <member type="way" ref="1250741617" role=""/>
  <member type="way" ref="1250741618" role=""/>
  <member type="way" ref="1217769130" role=""/>
  <tag k="name" v="MODERATO Traffic Control System Junctions"/>
  <tag k="type" v="group"/>
 </relation>
 <relation id="17542070" visible="true" version="18" changeset="176013104" timestamp="2025-12-16T16:11:59Z" user="notadi" uid="22337125">
  <member type="node" ref="2470768042" role="platform"/>
  <member type="node" ref="11869483368" role="platform"/>
  <member type="node" ref="2470768309" role="platform"/>
  <member type="node" ref="2448089254" role="platform"/>
  <member type="way" ref="82432698" role="platform"/>
  <member type="node" ref="11869483365" role="platform"/>
  <member type="node" ref="11445757498" role="platform"/>
  <member type="node" ref="308229558" role="platform"/>
  <member type="node" ref="11869483362" role="platform"/>
  <member type="node" ref="2451333056" role="platform"/>
  <member type="node" ref="2451332497" role="platform"/>
  <member type="node" ref="3739201968" role="platform"/>
  <member type="node" ref="3739201965" role="platform"/>
  <member type="way" ref="1253845332" role="platform"/>
  <member type="node" ref="3739173908" role="platform"/>
  <member type="node" ref="1596104432" role="platform"/>
  <member type="node" ref="7106084452" role="platform"/>
  <member type="node" ref="1299725610" role="platform"/>
  <member type="node" ref="7223109325" role="platform"/>
  <member type="node" ref="7223109302" role="platform"/>
  <member type="node" ref="5303347171" role="platform"/>
  <member type="node" ref="446941379" role="platform"/>
  <member type="node" ref="529804682" role="platform"/>
  <member type="node" ref="4371078995" role="platform"/>
  <member type="node" ref="249082830" role="platform"/>
  <member type="node" ref="573433441" role="platform"/>
  <member type="node" ref="4905837941" role="platform"/>
  <member type="node" ref="596446558" role="platform"/>
  <member type="node" ref="3740957800" role="platform"/>
  <member type="node" ref="7132452575" role="platform"/>
  <member type="way" ref="1278555487" role=""/>
  <member type="way" ref="412909366" role=""/>
  <member type="way" ref="1091217520" role=""/>
  <member type="way" ref="28085834" role=""/>
  <member type="way" ref="41206195" role=""/>
  <member type="way" ref="1259470800" role=""/>
  <member type="way" ref="1259470801" role=""/>
  <member type="way" ref="465108615" role=""/>
  <member type="way" ref="82435762" role=""/>
  <member type="way" ref="82436402" role=""/>
  <member type="way" ref="967445593" role=""/>
  <member type="way" ref="1148474237" role=""/>
  <member type="way" ref="465108614" role=""/>
  <member type="way" ref="1148474236" role=""/>
  <member type="way" ref="1148461544" role=""/>
  <member type="way" ref="237186073" role=""/>
  <member type="way" ref="1148461547" role=""/>
  <member type="way" ref="1148461546" role=""/>
  <member type="way" ref="968670548" role=""/>
  <member type="way" ref="968670547" role=""/>
  <member type="way" ref="1314336157" role=""/>
  <member type="way" ref="1203851274" role=""/>
  <member type="way" ref="970723190" role=""/>
  <member type="way" ref="736388784" role=""/>
  <member type="way" ref="1079068561" role=""/>
  <member type="way" ref="1200861125" role=""/>
  <member type="way" ref="1101484899" role=""/>
  <member type="way" ref="1210269309" role=""/>
  <member type="way" ref="1101484902" role=""/>
  <member type="way" ref="556976550" role=""/>
  <member type="way" ref="1275566806" role=""/>
  <member type="way" ref="971335101" role=""/>
  <member type="way" ref="971335100" role=""/>
  <member type="way" ref="1278555482" role=""/>
  <member type="way" ref="36987764" role=""/>
  <member type="way" ref="1453501630" role=""/>
  <member type="way" ref="1453501629" role=""/>
  <member type="way" ref="1453501631" role=""/>
  <member type="way" ref="693777342" role=""/>
  <member type="way" ref="36987760" role=""/>
  <member type="way" ref="377832182" role=""/>
  <member type="way" ref="842592053" role=""/>
  <member type="way" ref="1278555480" role=""/>
  <member type="way" ref="695554343" role=""/>
  <member type="way" ref="238204954" role=""/>
  <member type="way" ref="1158590090" role=""/>
  <member type="way" ref="377832183" role=""/>
  <member type="way" ref="238030314" role=""/>
  <member type="way" ref="238030317" role=""/>
  <member type="way" ref="130303663" role=""/>
  <member type="way" ref="45738138" role=""/>
  <member type="way" ref="549082779" role=""/>
  <member type="way" ref="377832657" role=""/>
  <member type="way" ref="1278555478" role=""/>
  <member type="way" ref="71523635" role=""/>
  <member type="way" ref="1083263216" role=""/>
  <member type="way" ref="1305184104" role=""/>
  <member type="way" ref="1305184103" role=""/>
  <member type="way" ref="1213892092" role=""/>
  <member type="way" ref="1335306759" role=""/>
  <member type="way" ref="1322898455" role=""/>
  <member type="way" ref="51772181" role=""/>
  <member type="way" ref="1324678272" role=""/>
  <member type="way" ref="1324678271" role=""/>
  <member type="way" ref="158623465" role=""/>
  <member type="way" ref="158623455" role=""/>
  <member type="way" ref="1324287893" role=""/>
  <member type="way" ref="1292994277" role=""/>
  <member type="way" ref="1150074360" role=""/>
  <member type="way" ref="26807588" role=""/>
  <member type="way" ref="1408299028" role=""/>
  <member type="way" ref="458439814" role=""/>
  <member type="way" ref="1210473310" role=""/>
  <member type="way" ref="1337983630" role=""/>
  <member type="way" ref="458439815" role=""/>
  <member type="way" ref="367491277" role=""/>
  <member type="way" ref="503401208" role=""/>
  <member type="way" ref="760884581" role=""/>
  <member type="way" ref="1101271050" role=""/>
  <member type="way" ref="238459129" role=""/>
  <member type="way" ref="138980157" role=""/>
  <member type="way" ref="367491275" role=""/>
  <member type="way" ref="1108447556" role=""/>
  <member type="way" ref="138980161" role=""/>
  <member type="way" ref="23515741" role=""/>
  <member type="way" ref="107215079" role=""/>
  <member type="way" ref="544761377" role=""/>
  <member type="way" ref="544761379" role=""/>
  <member type="way" ref="544761381" role=""/>
  <member type="way" ref="1110192330" role=""/>
  <member type="way" ref="1205167663" role=""/>
  <member type="way" ref="1205167666" role=""/>
  <member type="way" ref="544761383" role=""/>
  <member type="way" ref="542070645" role=""/>
  <member type="way" ref="1150927562" role=""/>
  <member type="way" ref="542070643" role=""/>
  <member type="way" ref="1332594978" role=""/>
  <member type="way" ref="36967442" role=""/>
  <member type="way" ref="1101271051" role=""/>
  <member type="way" ref="1278555476" role=""/>
  <member type="way" ref="1166322819" role=""/>
  <member type="way" ref="1166322820" role=""/>
  <member type="way" ref="38522039" role=""/>
  <member type="way" ref="1166322824" role=""/>
  <member type="way" ref="1166322823" role=""/>
  <member type="way" ref="638541500" role=""/>
  <member type="way" ref="1166571293" role=""/>
  <member type="way" ref="1148434865" role=""/>
  <member type="way" ref="544759837" role=""/>
  <member type="way" ref="1151681832" role=""/>
  <member type="way" ref="1109956874" role=""/>
  <member type="way" ref="544759838" role=""/>
  <member type="way" ref="1227562842" role=""/>
  <member type="way" ref="1125542417" role=""/>
  <member type="way" ref="1227562844" role=""/>
  <tag k="bicycle" v="no"/>
  <tag k="from" v="5th Phase Yalahanka New Town"/>
  <tag k="name" v="G9: 5th Phase Yalahanka New Town =&gt; MG Road Metro Station"/>
  <tag k="name:kn" v="ಜಿ ೯"/>
  <tag k="network" v="Big 10"/>
  <tag k="opening_hours" v="Mo-Su 06:00-20:45"/>
  <tag k="operator" v="Bengaluru Metro Tranport Corporation"/>
  <tag k="public_transport:version" v="2"/>
  <tag k="ref" v="G9"/>
  <tag k="route" v="bus"/>
  <tag k="to" v="MG Road Metro Station"/>
  <tag k="type" v="route"/>
 </relation>
 <relation id="17802248" visible="true" version="7" changeset="176382909" timestamp="2025-12-25T05:35:10Z" user="Vonter" uid="3926189">
  <member type="node" ref="596446558" role="platform_entry_only"/>
  <member type="node" ref="3740957800" role="platform"/>
  <member type="node" ref="4846787925" role="platform"/>
  <member type="node" ref="7132495632" role="platform"/>
  <member type="node" ref="7132495629" role="platform"/>
  <member type="node" ref="2396896553" role="platform"/>
  <member type="node" ref="4307590416" role="platform"/>
  <member type="node" ref="7132495626" role="platform"/>
  <member type="node" ref="2406087671" role="platform"/>
  <member type="node" ref="2406115674" role="platform"/>
  <member type="node" ref="5772182583" role="platform"/>
  <member type="node" ref="5803875104" role="platform"/>
  <member type="node" ref="1675238674" role="platform"/>
  <member type="node" ref="5803896296" role="platform"/>
  <member type="node" ref="5993280674" role="platform"/>
  <member type="node" ref="2406984944" role="platform"/>
  <member type="node" ref="1472871982" role="platform"/>
  <member type="node" ref="7277381416" role="platform_exit_only"/>
  <member type="way" ref="760884582" role=""/>
  <member type="way" ref="391160970" role=""/>
  <member type="way" ref="1101271050" role=""/>
  <member type="way" ref="238459129" role=""/>
  <member type="way" ref="138980157" role=""/>
  <member type="way" ref="367491275" role=""/>
  <member type="way" ref="1108447556" role=""/>
  <member type="way" ref="138980161" role=""/>
  <member type="way" ref="23515741" role=""/>
  <member type="way" ref="107215079" role=""/>
  <member type="way" ref="544761377" role=""/>
  <member type="way" ref="544761379" role=""/>
  <member type="way" ref="544761381" role=""/>
  <member type="way" ref="1110192330" role=""/>
  <member type="way" ref="1205167663" role=""/>
  <member type="way" ref="1205167666" role=""/>
  <member type="way" ref="544761383" role=""/>
  <member type="way" ref="542070645" role=""/>
  <member type="way" ref="542070642" role=""/>
  <member type="way" ref="705023782" role=""/>
  <member type="way" ref="1227562843" role=""/>
  <member type="way" ref="1125542416" role=""/>
  <member type="way" ref="763293422" role=""/>
  <member type="way" ref="325833345" role=""/>
  <member type="way" ref="1166571294" role=""/>
  <member type="way" ref="1148434866" role=""/>
  <member type="way" ref="638541502" role=""/>
  <member type="way" ref="325833350" role=""/>
  <member type="way" ref="1015024219" role=""/>
  <member type="way" ref="132191817" role=""/>
  <member type="way" ref="133632534" role=""/>
  <member type="way" ref="764329018" role=""/>
  <member type="way" ref="57885669" role=""/>
  <member type="way" ref="401908497" role=""/>
  <member type="way" ref="763293419" role=""/>
  <member type="way" ref="401993924" role=""/>
  <member type="way" ref="401993927" role=""/>
  <member type="way" ref="763175331" role=""/>
  <member type="way" ref="401908499" role=""/>
  <member type="way" ref="763175333" role=""/>
  <member type="way" ref="1356342408" role=""/>
  <member type="way" ref="1356342406" role=""/>
  <member type="way" ref="1312215665" role=""/>
  <member type="way" ref="38772795" role=""/>
  <member type="way" ref="1458674655" role=""/>
  <member type="way" ref="462585138" role=""/>
  <member type="way" ref="1461449317" role=""/>
  <member type="way" ref="764329016" role=""/>
  <member type="way" ref="462585137" role=""/>
  <member type="way" ref="8680571" role=""/>
  <member type="way" ref="1251954790" role=""/>
  <member type="way" ref="1251954786" role=""/>
  <member type="way" ref="1155064213" role=""/>
  <member type="way" ref="1132710443" role=""/>
  <member type="way" ref="1302415903" role=""/>
  <member type="way" ref="545603939" role=""/>
  <member type="way" ref="1376039861" role=""/>
  <member type="way" ref="133903616" role=""/>
  <member type="way" ref="1110190684" role=""/>
  <member type="way" ref="1110178622" role=""/>
  <member type="way" ref="1110178620" role=""/>
  <member type="way" ref="1155064214" role=""/>
  <member type="way" ref="1298944071" role=""/>
  <tag k="bicycle" v="no"/>
  <tag k="fixme" v="Ground survey; exact route on ground"/>
  <tag k="from" v="Shivajinagara Bus Station"/>
  <tag k="name" v="141K: Shivajinagara Bus Station =&gt; Koramangala 1st Block"/>
  <tag k="operator" v="Bengaluru Metro Tranport Corporation"/>
  <tag k="public_transport:version" v="2"/>
  <tag k="ref" v="141K"/>
  <tag k="route" v="bus"/>
  <tag k="to" v="Koramangala 1st Block"/>
  <tag k="type" v="route"/>
  <tag k="via" v="Mayo Hall;Austin Town;Rajendranagara;"/>
 </relation>
 <relation id="17802249" visible="true" version="9" changeset="163109758" timestamp="2025-03-02T05:40:08Z" user="Vonter" uid="3926189">
  <member type="node" ref="303933282" role="platform_entry_only"/>
  <member type="node" ref="6017833810" role="platform"/>
  <member type="node" ref="6017833811" role="platform"/>
  <member type="node" ref="6017833817" role="platform"/>
  <member type="node" ref="6017833818" role="platform"/>
  <member type="node" ref="6017833819" role="platform"/>
  <member type="node" ref="6017833820" role="platform"/>
  <member type="node" ref="6017833821" role="platform"/>
  <member type="node" ref="6017833822" role="platform"/>
  <member type="node" ref="6017833823" role="platform"/>
  <member type="node" ref="2406087672" role="platform"/>
  <member type="node" ref="2406088640" role="platform"/>
  <member type="node" ref="6584009983" role="platform"/>
  <member type="node" ref="3344494904" role="platform"/>
  <member type="node" ref="7132452575" role="platform"/>
  <member type="node" ref="2397087882" role="platform"/>
  <member type="node" ref="596446558" role="platform_exit_only"/>
  <member type="way" ref="1298944072" role=""/>
  <member type="way" ref="638541491" role=""/>
  <member type="way" ref="763183693" role=""/>
  <member type="way" ref="1110178624" role=""/>
  <member type="way" ref="1110178625" role=""/>
  <member type="way" ref="1329264860" role=""/>
  <member type="way" ref="370390351" role=""/>
  <member type="way" ref="1109191940" role=""/>
  <member type="way" ref="1124616640" role=""/>
  <member type="way" ref="1251954788" role=""/>
  <member type="way" ref="1251954789" role=""/>
  <member type="way" ref="1109191939" role=""/>
  <member type="way" ref="462585135" role=""/>
  <member type="way" ref="763290549" role=""/>
  <member type="way" ref="462585136" role=""/>
  <member type="way" ref="38772795" role=""/>
  <member type="way" ref="1312215665" role=""/>
  <member type="way" ref="1356342406" role=""/>
  <member type="way" ref="1356342408" role=""/>
  <member type="way" ref="763175333" role=""/>
  <member type="way" ref="27946101" role=""/>
  <member type="way" ref="401993927" role=""/>
  <member type="way" ref="401993924" role=""/>
  <member type="way" ref="763293419" role=""/>
  <member type="way" ref="401908497" role=""/>
  <member type="way" ref="401993919" role=""/>
  <member type="way" ref="1056563199" role=""/>
  <member type="way" ref="1056563200" role=""/>
  <member type="way" ref="763175330" role=""/>
  <member type="way" ref="435249770" role=""/>
  <member type="way" ref="239572010" role=""/>
  <member type="way" ref="763290548" role=""/>
  <member type="way" ref="1096797091" role=""/>
  <member type="way" ref="763290547" role=""/>
  <member type="way" ref="1246410563" role=""/>
  <member type="way" ref="124316745" role=""/>
  <member type="way" ref="763405053" role=""/>
  <member type="way" ref="691218619" role=""/>
  <member type="way" ref="498553630" role=""/>
  <member type="way" ref="544759837" role=""/>
  <member type="way" ref="1151681832" role=""/>
  <member type="way" ref="1109956874" role=""/>
  <member type="way" ref="544759838" role=""/>
  <member type="way" ref="1227562842" role=""/>
  <member type="way" ref="1125542417" role=""/>
  <member type="way" ref="1227562844" role=""/>
  <member type="way" ref="435249314" role=""/>
  <member type="way" ref="1308654713" role=""/>
  <member type="way" ref="1308654687" role=""/>
  <member type="way" ref="323813903" role=""/>
  <member type="way" ref="1148395507" role=""/>
  <member type="way" ref="464712045" role=""/>
  <member type="way" ref="763290544" role=""/>
  <member type="way" ref="1108447557" role=""/>
  <member type="way" ref="138980163" role=""/>
  <tag k="bicycle" v="no"/>
  <tag k="fixme" v="Ground survey; exact route on ground"/>
  <tag k="from" v="Koramangala 1st Block"/>
  <tag k="name" v="141K: Koramangala 1st Block =&gt; Shivajinagara Bus Station"/>
  <tag k="operator" v="Bengaluru Metro Tranport Corporation"/>
  <tag k="public_transport:version" v="2"/>
  <tag k="ref" v="141K"/>
  <tag k="route" v="bus"/>
  <tag k="to" v="Shivajinagara Bus Station"/>
  <tag k="type" v="route"/>
  <tag k="via" v="Rajendranagara;Austin Town;Mayo Hall"/>
 </relation>
 <relation id="17817338" visible="true" version="1" changeset="153718579" timestamp="2024-07-08T19:40:54Z" user="Vonter" uid="3926189">
  <member type="way" ref="1300092049" role="outer"/>
  <member type="way" ref="1300092056" role="outer"/>
  <member type="way" ref="1300092039" role="outer"/>
  <member type="way" ref="1300092038" role="outer"/>
  <member type="way" ref="1300092037" role="outer"/>
  <member type="way" ref="1300092043" role="outer"/>
  <tag k="boundary" v="postal_code"/>
  <tag k="name" v="Museum Road - 560025"/>
  <tag k="note" v="This postal boundary is sourced from NIC'S PostalGIS. As such, the recency of this data cannot be verified."/>
  <tag k="postal_code" v="560025"/>
  <tag k="type" v="boundary"/>
 </relation>
 <relation id="17817340" visible="true" version="2" changeset="155204187" timestamp="2024-08-13T16:33:04Z" user="Vonter" uid="3926189">
  <member type="way" ref="1300092096" role="outer"/>
  <member type="way" ref="1300092094" role="outer"/>
  <member type="way" ref="1300092050" role="outer"/>
  <member type="way" ref="1300092054" role="outer"/>
  <member type="way" ref="1300092060" role="outer"/>
  <member type="way" ref="1300092049" role="outer"/>
  <member type="way" ref="1300092048" role="outer"/>
  <member type="way" ref="1300092047" role="outer"/>
  <member type="way" ref="1300092046" role="outer"/>
  <member type="way" ref="1300092045" role="outer"/>
  <tag k="boundary" v="postal_code"/>
  <tag k="name" v="Bangalore GPO - 560001"/>
  <tag k="note" v="This postal boundary is sourced from NIC'S PostalGIS. As such, the recency of this data cannot be verified."/>
  <tag k="postal_code" v="560001"/>
  <tag k="type" v="boundary"/>
 </relation>
 <relation id="17953124" visible="true" version="1" changeset="155488918" timestamp="2024-08-20T04:13:14Z" user="uknown-gryphus" uid="2425805">
  <member type="node" ref="334482516" role="device"/>
  <member type="node" ref="11464483508" role="device"/>
  <tag k="enforcement" v="traffic_signals"/>
  <tag k="type" v="enforcement"/>
 </relation>
 <relation id="19955380" visible="true" version="2" changeset="175880801" timestamp="2025-12-13T12:08:42Z" user="Vonter" uid="3926189">
  <member type="node" ref="4975616695" role="stop"/>
  <member type="node" ref="1579059710" role="stop"/>
  <member type="node" ref="1579059713" role="stop"/>
  <member type="node" ref="1578382143" role="stop"/>
  <member type="node" ref="1578382711" role="stop"/>
  <member type="node" ref="1579059734" role="stop"/>
  <member type="node" ref="1579059716" role="stop"/>
  <member type="node" ref="4698518654" role="stop"/>
  <member type="node" ref="1578382785" role="stop"/>
  <member type="node" ref="4969391953" role="stop"/>
  <member type="node" ref="1578382496" role="stop"/>
  <member type="node" ref="4969383807" role="stop"/>
  <member type="node" ref="9906325542" role="stop"/>
  <member type="node" ref="9919576946" role="stop"/>
  <member type="node" ref="9906325547" role="stop"/>
  <member type="node" ref="9906325550" role="stop"/>
  <member type="node" ref="9906325549" role="stop"/>
  <member type="node" ref="9906325548" role="stop"/>
  <member type="way" ref="1458248172" role=""/>
  <member type="way" ref="1189299286" role=""/>
  <member type="way" ref="1458259185" role=""/>
  <member type="way" ref="1458248174" role=""/>
  <member type="way" ref="1458248176" role=""/>
  <member type="way" ref="1080802067" role=""/>
  <member type="way" ref="1458248170" role=""/>
  <member type="way" ref="1080802068" role=""/>
  <member type="way" ref="1072928584" role=""/>
  <tag k="colour" v="pink"/>
  <tag k="construction" v="subway"/>
  <tag k="name" v="Pink Line (Kalena Agrahara → Nagawara)"/>
  <tag k="network" v="Namma Metro"/>
  <tag k="railway" v="construction"/>
  <tag k="ref" v="Pink"/>
  <tag k="type" v="route"/>
  <tag k="wikidata" v="Q39071562"/>
  <tag k="wikipedia" v="en:Pink Line (Namma Metro)"/>
 </relation>
 <relation id="19955382" visible="true" version="2" changeset="175880801" timestamp="2025-12-13T12:08:42Z" user="Vonter" uid="3926189">
  <member type="relation" ref="19955380" role=""/>
  <member type="relation" ref="6119472" role=""/>
  <tag k="colour" v="pink"/>
  <tag k="construction:route_master" v="subway"/>
  <tag k="name" v="Pink Line (Kalena Agrahara ⇔ Nagawara)"/>
  <tag k="network" v="Namma Metro"/>
  <tag k="operator" v="BMRCL"/>
  <tag k="ref" v="Pink"/>
  <tag k="type" v="route_master"/>
  <tag k="wikidata" v="Q39071562"/>
  <tag k="wikipedia" v="en:Pink Line (Namma Metro)"/>
 </relation>
</osm>
