<?xml version="1.0" encoding="UTF-8"?>
<osm version="0.6" generator="openstreetmap-cgimap 2.1.0 (3720795 spike-07.openstreetmap.org)" copyright="OpenStreetMap and contributors" attribution="http://www.openstreetmap.org/copyright" license="http://opendatacommons.org/licenses/odbl/1-0/">
 <bounds minlat="12.9367760" minlon="77.6262990" maxlat="12.9377370" maxlon="77.6280700"/>
 <node id="158692660" visible="true" version="15" changeset="81764730" timestamp="2020-03-04T09:02:28Z" user="priya321" uid="10794850" lat="12.9378841" lon="77.6279541"/>
 <node id="260729385" visible="true" version="18" changeset="145952058" timestamp="2024-01-06T10:58:31Z" user="uknown-gryphus" uid="2425805" lat="12.9300545" lon="77.6331602"/>
 <node id="260729386" visible="true" version="18" changeset="81765683" timestamp="2020-03-04T09:20:37Z" user="priya321" uid="10794850" lat="12.9316769" lon="77.6325129"/>
 <node id="260729387" visible="true" version="22" changeset="145952058" timestamp="2024-01-06T10:58:31Z" user="uknown-gryphus" uid="2425805" lat="12.9317916" lon="77.6323990"/>
 <node id="260729388" visible="true" version="22" changeset="155143794" timestamp="2024-08-12T11:29:08Z" user="addyx" uid="7465570" lat="12.9331391" lon="77.6310058"/>
 <node id="260729389" visible="true" version="17" changeset="145944220" timestamp="2024-01-06T04:23:25Z" user="uknown-gryphus" uid="2425805" lat="12.9351280" lon="77.6290489"/>
 <node id="260729391" visible="true" version="39" changeset="145944220" timestamp="2024-01-06T04:23:25Z" user="uknown-gryphus" uid="2425805" lat="12.9373044" lon="77.6270752">
  <tag k="highway" v="traffic_signals"/>
  <tag k="name" v="Sony World Signal"/>
  <tag k="name:kn" v="ಸೋನಿ ವರ್ಲ್ಡ್ ಸಿಗ್ನಲ್"/>
  <tag k="traffic_signals" v="signal"/>
  <tag k="traffic_signals:direction" v="forward"/>
 </node>
 <node id="260739397" visible="true" version="14" changeset="663947" timestamp="2008-11-03T07:04:43Z" user="Praveen" uid="35811" lat="12.9337544" lon="77.6268378"/>
 <node id="260739403" visible="true" version="27" changeset="121848820" timestamp="2022-06-02T11:47:52Z" user="Vonter" uid="3926189" lat="12.9300401" lon="77.6292398"/>
 <node id="263227025" visible="true" version="17" changeset="145952058" timestamp="2024-01-06T10:58:31Z" user="uknown-gryphus" uid="2425805" lat="12.9294918" lon="77.6319140"/>
 <node id="303931703" visible="true" version="20" changeset="145944220" timestamp="2024-01-06T04:23:25Z" user="uknown-gryphus" uid="2425805" lat="12.9367994" lon="77.6274193"/>
 <node id="305091854" visible="true" version="16" changeset="63929537" timestamp="2018-10-27T14:32:23Z" user="uknown-gryphus" uid="2425805" lat="12.9368612" lon="77.6265291"/>
 <node id="305091860" visible="true" version="10" changeset="33170848" timestamp="2015-08-07T05:40:55Z" user="maheshrkm" uid="2897465" lat="12.9364379" lon="77.6269037"/>
 <node id="305091861" visible="true" version="7" changeset="663947" timestamp="2008-11-03T07:01:22Z" user="Praveen" uid="35811" lat="12.9355998" lon="77.6277040"/>
 <node id="305091899" visible="true" version="16" changeset="145944220" timestamp="2024-01-06T04:23:25Z" user="uknown-gryphus" uid="2425805" lat="12.9353985" lon="77.6287871"/>
 <node id="305091963" visible="true" version="15" changeset="81764730" timestamp="2020-03-04T09:02:28Z" user="priya321" uid="10794850" lat="12.9360846" lon="77.6255428"/>
 <node id="305092030" visible="true" version="12" changeset="145952058" timestamp="2024-01-06T10:58:31Z" user="uknown-gryphus" uid="2425805" lat="12.9304172" lon="77.6331167"/>
 <node id="305092414" visible="true" version="12" changeset="145952058" timestamp="2024-01-06T10:58:31Z" user="uknown-gryphus" uid="2425805" lat="12.9323074" lon="77.6318568"/>
 <node id="309592656" visible="true" version="3" changeset="663947" timestamp="2008-11-03T07:01:22Z" user="Praveen" uid="35811" lat="12.9361030" lon="77.6272180"/>
 <node id="309592657" visible="true" version="2" changeset="663947" timestamp="2008-11-03T07:01:22Z" user="Praveen" uid="35811" lat="12.9358786" lon="77.6274347"/>
 <node id="309592832" visible="true" version="18" changeset="149473666" timestamp="2024-04-02T10:39:25Z" user="uknown-gryphus" uid="2425805" lat="12.9361127" lon="77.6254105"/>
 <node id="309593063" visible="true" version="15" changeset="81768788" timestamp="2020-03-04T10:22:49Z" user="priya321" uid="10794850" lat="12.9364402" lon="77.6251252"/>
 <node id="363189765" visible="true" version="6" changeset="831425" timestamp="2009-03-19T05:51:46Z" user="Praveen" uid="35811" lat="12.9367372" lon="77.6254756"/>
 <node id="363189766" visible="true" version="6" changeset="33170848" timestamp="2015-08-07T05:40:57Z" user="maheshrkm" uid="2897465" lat="12.9371595" lon="77.6259883"/>
 <node id="363191422" visible="true" version="2" changeset="831425" timestamp="2009-03-19T05:51:04Z" user="Praveen" uid="35811" lat="12.9373971" lon="77.6262661"/>
 <node id="443224579" visible="true" version="4" changeset="145944220" timestamp="2024-01-06T04:23:25Z" user="uknown-gryphus" uid="2425805" lat="12.9339595" lon="77.6301918"/>
 <node id="1091310761" visible="true" version="7" changeset="77539351" timestamp="2019-11-25T18:33:13Z" user="indigomc" uid="136860" lat="12.9376227" lon="77.6269262">
  <tag k="addr:street" v="Koramangala Inner Ring Road"/>
  <tag k="amenity" v="fast_food"/>
  <tag k="brand" v="Taco Bell"/>
  <tag k="brand:wikidata" v="Q752941"/>
  <tag k="brand:wikipedia" v="en:Taco Bell"/>
  <tag k="cuisine" v="tex-mex"/>
  <tag k="name" v="Taco Bell"/>
  <tag k="name:kn" v="ಟಾಕೊ ಬೆಲ್"/>
  <tag k="takeaway" v="yes"/>
 </node>
 <node id="1274328859" visible="true" version="4" changeset="122007249" timestamp="2022-06-06T06:51:15Z" user="uknown-gryphus" uid="2425805" lat="12.9372497" lon="77.6278433"/>
 <node id="1274328860" visible="true" version="5" changeset="122007249" timestamp="2022-06-06T06:51:15Z" user="uknown-gryphus" uid="2425805" lat="12.9372439" lon="77.6277661"/>
 <node id="1274328865" visible="true" version="4" changeset="81809237" timestamp="2020-03-05T07:22:46Z" user="priya321" uid="10794850" lat="12.9376423" lon="77.6284996"/>
 <node id="1274328867" visible="true" version="5" changeset="122007249" timestamp="2022-06-06T06:51:15Z" user="uknown-gryphus" uid="2425805" lat="12.9378621" lon="77.6283320"/>
 <node id="1274328871" visible="true" version="3" changeset="17713152" timestamp="2013-09-07T06:14:01Z" user="user_634020" uid="634020" lat="12.9376258" lon="77.6286484"/>
 <node id="1274328876" visible="true" version="4" changeset="122007249" timestamp="2022-06-06T06:51:15Z" user="uknown-gryphus" uid="2425805" lat="12.9373106" lon="77.6280314"/>
 <node id="1274328885" visible="true" version="3" changeset="17713152" timestamp="2013-09-07T06:04:06Z" user="user_634020" uid="634020" lat="12.9373416" lon="77.6273793"/>
 <node id="1274328890" visible="true" version="5" changeset="122007249" timestamp="2022-06-06T06:51:15Z" user="uknown-gryphus" uid="2425805" lat="12.9374212" lon="77.6275695"/>
 <node id="1274328893" visible="true" version="5" changeset="122007249" timestamp="2022-06-06T06:51:15Z" user="uknown-gryphus" uid="2425805" lat="12.9372089" lon="77.6277061"/>
 <node id="1274328901" visible="true" version="6" changeset="81764730" timestamp="2020-03-04T09:02:28Z" user="priya321" uid="10794850" lat="12.9380641" lon="77.6283057"/>
 <node id="1274328907" visible="true" version="3" changeset="81809237" timestamp="2020-03-05T07:22:46Z" user="priya321" uid="10794850" lat="12.9372600" lon="77.6287941"/>
 <node id="1274328908" visible="true" version="5" changeset="122007249" timestamp="2022-06-06T06:51:15Z" user="uknown-gryphus" uid="2425805" lat="12.9375312" lon="77.6285859"/>
 <node id="1274328913" visible="true" version="5" changeset="122007249" timestamp="2022-06-06T06:51:15Z" user="uknown-gryphus" uid="2425805" lat="12.9375259" lon="77.6285418"/>
 <node id="1274328920" visible="true" version="4" changeset="122007249" timestamp="2022-06-06T06:51:15Z" user="uknown-gryphus" uid="2425805" lat="12.9373463" lon="77.6286539"/>
 <node id="1464782313" visible="true" version="4" changeset="144971512" timestamp="2023-12-10T17:07:40Z" user="NaanAvanIllai" uid="14062769" lat="12.9375475" lon="77.6279931">
  <tag k="addr:street" v="Near SonyWorld Signal, Koramangala, Bangalore"/>
  <tag k="brand" v="Lifestyle"/>
  <tag k="brand:wikidata" v="Q6545496"/>
  <tag k="name" v="Lifestyle"/>
  <tag k="shop" v="clothes"/>
  <tag k="wheelchair" v="yes"/>
 </node>
 <node id="1464958052" visible="true" version="4" changeset="146733638" timestamp="2024-01-27T06:56:59Z" user="NaanAvanIllai" uid="14062769" lat="12.9376456" lon="77.6263510">
  <tag k="addr:street" v="80 Feet Peripheral Rd, Koramangala 6 Block, KoramangalaBengaluru, Karnataka, India"/>
  <tag k="brand" v="Manyavar"/>
  <tag k="brand:wikidata" v="Q24906783"/>
  <tag k="check_date" v="2024-01-10"/>
  <tag k="name" v="Manyavar"/>
  <tag k="shop" v="clothes"/>
 </node>
 <node id="1468540672" visible="true" version="1" changeset="9566413" timestamp="2011-10-15T19:47:34Z" user="MadhanBabu" uid="535383" lat="12.9376480" lon="77.6267717">
  <tag k="name" v="Dreams on wheelz"/>
  <tag k="shop" v="car_repair"/>
 </node>
 <node id="1468540687" visible="true" version="8" changeset="145945746" timestamp="2024-01-06T06:38:52Z" user="uknown-gryphus" uid="2425805" lat="12.9412060" lon="77.6240910"/>
 <node id="1468540710" visible="true" version="2" changeset="61304212" timestamp="2018-08-02T16:41:00Z" user="uknown-gryphus" uid="2425805" lat="12.9374820" lon="77.6265625">
  <tag k="name" v="Sheelu Flowers"/>
  <tag k="shop" v="florist"/>
 </node>
 <node id="1468540736" visible="true" version="2" changeset="61304212" timestamp="2018-08-02T16:41:00Z" user="uknown-gryphus" uid="2425805" lat="12.9373630" lon="77.6266590">
  <tag k="name" v="Brown Tree Super"/>
  <tag k="shop" v="supermarket"/>
 </node>
 <node id="1473308101" visible="true" version="1" changeset="9602667" timestamp="2011-10-19T18:45:01Z" user="MadhanBabu" uid="535383" lat="12.9373924" lon="77.6279943">
  <tag k="name" v="Home Lifestyle"/>
  <tag k="shop" v="hifi"/>
 </node>
 <node id="1473308109" visible="true" version="3" changeset="100332793" timestamp="2021-03-03T08:46:48Z" user="yogi_ks" uid="827808" lat="12.9376735" lon="77.6264373">
  <tag k="amenity" v="restaurant"/>
  <tag k="cuisine" v="indian"/>
  <tag k="name" v="Taste of Bihar"/>
  <tag k="name:kn" v="ಟೆಸ್ಟ್ ಆಫ್ ಬಿಹಾರ್"/>
 </node>
 <node id="1625402539" visible="true" version="4" changeset="177990372" timestamp="2026-02-02T05:04:47Z" user="uknown-gryphus" uid="2425805" lat="12.9345265" lon="77.6238924"/>
 <node id="1675239400" visible="true" version="10" changeset="145944220" timestamp="2024-01-06T04:23:25Z" user="uknown-gryphus" uid="2425805" lat="12.9374466" lon="77.6268399">
  <tag k="highway" v="traffic_signals"/>
  <tag k="name" v="Sony World Signal"/>
  <tag k="name:kn" v="ಸೋನಿ ವರ್ಲ್ಡ್ ಸಿಗ್ನಲ್"/>
  <tag k="traffic_signals" v="signal"/>
  <tag k="traffic_signals:direction" v="forward"/>
 </node>
 <node id="1722528824" visible="true" version="8" changeset="123819820" timestamp="2022-07-19T18:14:41Z" user="NaanAvanIllai" uid="14062769" lat="12.9376941" lon="77.6270393">
  <tag k="alt_name" v="Kentucky Fried Chicken"/>
  <tag k="alt_name:en" v="Kentucky Fried Chicken"/>
  <tag k="alt_name:hi" v="केंटुकी फ्राइड चिकन"/>
  <tag k="alt_name:pa" v="ਕੈਂਟੁਕੀ ਫ੍ਰਾਈਡ ਚਿਕਨ"/>
  <tag k="alt_name:pnb" v="کینٹکی فرائیڈ چکن"/>
  <tag k="alt_name:ur" v="کینٹکی فرائیڈ چکن"/>
  <tag k="amenity" v="fast_food"/>
  <tag k="brand" v="KFC"/>
  <tag k="brand:en" v="KFC"/>
  <tag k="brand:hi" v="केएफसी"/>
  <tag k="brand:pa" v="ਕੇਐਫਸੀ"/>
  <tag k="brand:pnb" v="کے ایف سی"/>
  <tag k="brand:ur" v="کے ایف سی"/>
  <tag k="brand:wikidata" v="Q524757"/>
  <tag k="brand:wikipedia" v="en:KFC"/>
  <tag k="brand:wikipedia:pa" v="ਕੇਐਫਸੀ"/>
  <tag k="brand:wikipedia:ur" v="کینٹکی فرائیڈ چکن"/>
  <tag k="cuisine" v="chicken"/>
  <tag k="name" v="KFC"/>
  <tag k="name:en" v="KFC"/>
  <tag k="name:hi" v="केएफसी"/>
  <tag k="name:pa" v="ਕੇਐਫਸੀ"/>
  <tag k="name:pnb" v="کے ایف سی"/>
  <tag k="name:ur" v="کے ایف سی"/>
  <tag k="takeaway" v="yes"/>
 </node>
 <node id="1761893917" visible="true" version="3" changeset="145944220" timestamp="2024-01-06T04:23:25Z" user="uknown-gryphus" uid="2425805" lat="12.9348055" lon="77.6293659"/>
 <node id="1761893926" visible="true" version="4" changeset="155934577" timestamp="2024-08-29T15:30:14Z" user="syedk" uid="19820024" lat="12.9354848" lon="77.6287119"/>
 <node id="1761893969" visible="true" version="5" changeset="32045817" timestamp="2015-06-18T08:31:53Z" user="Narsimulu" uid="2949621" lat="12.9375629" lon="77.6269263"/>
 <node id="1761893970" visible="true" version="5" changeset="32045817" timestamp="2015-06-18T08:31:53Z" user="Narsimulu" uid="2949621" lat="12.9377005" lon="77.6268499"/>
 <node id="1761893971" visible="true" version="5" changeset="32045817" timestamp="2015-06-18T08:31:53Z" user="Narsimulu" uid="2949621" lat="12.9377975" lon="77.6270652"/>
 <node id="1761893972" visible="true" version="5" changeset="32045817" timestamp="2015-06-18T08:31:53Z" user="Narsimulu" uid="2949621" lat="12.9378381" lon="77.6273128"/>
 <node id="1761893975" visible="true" version="5" changeset="32045817" timestamp="2015-06-18T08:31:53Z" user="Narsimulu" uid="2949621" lat="12.9379306" lon="77.6270212"/>
 <node id="1761893977" visible="true" version="5" changeset="32045817" timestamp="2015-06-18T08:31:53Z" user="Narsimulu" uid="2949621" lat="12.9380276" lon="77.6273013"/>
 <node id="1762201150" visible="true" version="5" changeset="145944220" timestamp="2024-01-06T04:23:25Z" user="uknown-gryphus" uid="2425805" lat="12.9370657" lon="77.6273421"/>
 <node id="1762201152" visible="true" version="5" changeset="145944220" timestamp="2024-01-06T04:23:25Z" user="uknown-gryphus" uid="2425805" lat="12.9371558" lon="77.6274581"/>
 <node id="1762201153" visible="true" version="6" changeset="145944220" timestamp="2024-01-06T04:23:25Z" user="uknown-gryphus" uid="2425805" lat="12.9372377" lon="77.6272015"/>
 <node id="1762201155" visible="true" version="3" changeset="17713152" timestamp="2013-09-07T06:14:02Z" user="user_634020" uid="634020" lat="12.9372042" lon="77.6275714"/>
 <node id="1762201156" visible="true" version="6" changeset="145944220" timestamp="2024-01-06T04:23:25Z" user="uknown-gryphus" uid="2425805" lat="12.9373278" lon="77.6273176"/>
 <node id="1762201157" visible="true" version="3" changeset="81809237" timestamp="2020-03-05T07:22:46Z" user="priya321" uid="10794850" lat="12.9374384" lon="77.6274305"/>
 <node id="1762201158" visible="true" version="3" changeset="79915959" timestamp="2020-01-22T12:27:58Z" user="Siva U" uid="9086400" lat="12.9375285" lon="77.6275327"/>
 <node id="1762201159" visible="true" version="6" changeset="81764730" timestamp="2020-03-04T09:02:28Z" user="priya321" uid="10794850" lat="12.9376121" lon="77.6274688"/>
 <node id="1762201160" visible="true" version="3" changeset="31584184" timestamp="2015-05-30T13:17:17Z" user="PlaneMad" uid="1306" lat="12.9376905" lon="77.6285464"/>
 <node id="1762201161" visible="true" version="2" changeset="81764730" timestamp="2020-03-04T09:02:28Z" user="priya321" uid="10794850" lat="12.9377023" lon="77.6273983"/>
 <node id="2185743423" visible="true" version="3" changeset="81764730" timestamp="2020-03-04T09:02:28Z" user="priya321" uid="10794850" lat="12.9377510" lon="77.6277041"/>
 <node id="2185743424" visible="true" version="2" changeset="81764730" timestamp="2020-03-04T09:02:28Z" user="priya321" uid="10794850" lat="12.9379981" lon="77.6281756"/>
 <node id="2185743425" visible="true" version="2" changeset="81764730" timestamp="2020-03-04T09:02:28Z" user="priya321" uid="10794850" lat="12.9381715" lon="77.6282821"/>
 <node id="2192012625" visible="true" version="4" changeset="81764730" timestamp="2020-03-04T09:02:28Z" user="priya321" uid="10794850" lat="12.9381790" lon="77.6285411"/>
 <node id="2192012631" visible="true" version="4" changeset="81764730" timestamp="2020-03-04T09:02:28Z" user="priya321" uid="10794850" lat="12.9382733" lon="77.6285082"/>
 <node id="2449072128" visible="true" version="3" changeset="145945746" timestamp="2024-01-06T06:38:52Z" user="uknown-gryphus" uid="2425805" lat="12.9371573" lon="77.6275445"/>
 <node id="2449073267" visible="true" version="2" changeset="81764730" timestamp="2020-03-04T09:02:28Z" user="priya321" uid="10794850" lat="12.9381191" lon="77.6284201"/>
 <node id="2449073268" visible="true" version="2" changeset="31584184" timestamp="2015-05-30T13:17:17Z" user="PlaneMad" uid="1306" lat="12.9371856" lon="77.6288951"/>
 <node id="2449073269" visible="true" version="2" changeset="122007249" timestamp="2022-06-06T06:51:15Z" user="uknown-gryphus" uid="2425805" lat="12.9373411" lon="77.6279926"/>
 <node id="3145158634" visible="true" version="6" changeset="145945746" timestamp="2024-01-06T06:38:52Z" user="uknown-gryphus" uid="2425805" lat="12.9389451" lon="77.6257855"/>
 <node id="3399683430" visible="true" version="5" changeset="145945746" timestamp="2024-01-06T06:38:52Z" user="uknown-gryphus" uid="2425805" lat="12.9384036" lon="77.6261302"/>
 <node id="3452278572" visible="true" version="4" changeset="145952058" timestamp="2024-01-06T10:58:31Z" user="uknown-gryphus" uid="2425805" lat="12.9308421" lon="77.6329681"/>
 <node id="3524980830" visible="true" version="1" changeset="31246771" timestamp="2015-05-18T07:20:23Z" user="praveeng" uid="2900362" lat="12.9370779" lon="77.6264242"/>
 <node id="3524980877" visible="true" version="1" changeset="31246771" timestamp="2015-05-18T07:20:24Z" user="praveeng" uid="2900362" lat="12.9371429" lon="77.6265062"/>
 <node id="3524981202" visible="true" version="1" changeset="31246771" timestamp="2015-05-18T07:20:25Z" user="praveeng" uid="2900362" lat="12.9371741" lon="77.6263439"/>
 <node id="3524981250" visible="true" version="1" changeset="31246771" timestamp="2015-05-18T07:20:25Z" user="praveeng" uid="2900362" lat="12.9372391" lon="77.6264259"/>
 <node id="3524981267" visible="true" version="1" changeset="31246771" timestamp="2015-05-18T07:20:26Z" user="praveeng" uid="2900362" lat="12.9372570" lon="77.6267161"/>
 <node id="3524981292" visible="true" version="1" changeset="31246771" timestamp="2015-05-18T07:20:26Z" user="praveeng" uid="2900362" lat="12.9372955" lon="77.6267649"/>
 <node id="3524981690" visible="true" version="1" changeset="31246771" timestamp="2015-05-18T07:20:28Z" user="praveeng" uid="2900362" lat="12.9374179" lon="77.6265825"/>
 <node id="3524981995" visible="true" version="1" changeset="31246771" timestamp="2015-05-18T07:20:28Z" user="praveeng" uid="2900362" lat="12.9374266" lon="77.6265783"/>
 <node id="3524982017" visible="true" version="1" changeset="31246771" timestamp="2015-05-18T07:20:28Z" user="praveeng" uid="2900362" lat="12.9374564" lon="77.6266313"/>
 <node id="3524982025" visible="true" version="1" changeset="31246771" timestamp="2015-05-18T07:20:28Z" user="praveeng" uid="2900362" lat="12.9374684" lon="77.6266313"/>
 <node id="3524982050" visible="true" version="1" changeset="31246771" timestamp="2015-05-18T07:20:29Z" user="praveeng" uid="2900362" lat="12.9375166" lon="77.6265037"/>
 <node id="3524982077" visible="true" version="1" changeset="31246771" timestamp="2015-05-18T07:20:29Z" user="praveeng" uid="2900362" lat="12.9375584" lon="77.6265566"/>
 <node id="3525177036" visible="true" version="1" changeset="31248582" timestamp="2015-05-18T08:54:15Z" user="praveeng" uid="2900362" lat="12.9374906" lon="77.6262476"/>
 <node id="3525177037" visible="true" version="1" changeset="31248582" timestamp="2015-05-18T08:54:15Z" user="praveeng" uid="2900362" lat="12.9375550" lon="77.6261911"/>
 <node id="3525177038" visible="true" version="2" changeset="32045817" timestamp="2015-06-18T08:31:54Z" user="Narsimulu" uid="2949621" lat="12.9375795" lon="77.6263537"/>
 <node id="3525177039" visible="true" version="1" changeset="31248582" timestamp="2015-05-18T08:54:15Z" user="praveeng" uid="2900362" lat="12.9375705" lon="77.6263435"/>
 <node id="3525177041" visible="true" version="1" changeset="31248582" timestamp="2015-05-18T08:54:15Z" user="praveeng" uid="2900362" lat="12.9376349" lon="77.6262869"/>
 <node id="3525177044" visible="true" version="2" changeset="32045817" timestamp="2015-06-18T08:31:54Z" user="Narsimulu" uid="2949621" lat="12.9376656" lon="77.6262817"/>
 <node id="3525177047" visible="true" version="2" changeset="32045817" timestamp="2015-06-18T08:31:54Z" user="Narsimulu" uid="2949621" lat="12.9376811" lon="77.6264815"/>
 <node id="3525177057" visible="true" version="2" changeset="32045817" timestamp="2015-06-18T08:31:54Z" user="Narsimulu" uid="2949621" lat="12.9377672" lon="77.6264095"/>
 <node id="3535945906" visible="true" version="1" changeset="31369705" timestamp="2015-05-22T12:11:18Z" user="masthanvali" uid="2907853" lat="12.9366035" lon="77.6268409"/>
 <node id="3535945908" visible="true" version="2" changeset="145944220" timestamp="2024-01-06T04:23:25Z" user="uknown-gryphus" uid="2425805" lat="12.9366456" lon="77.6270700"/>
 <node id="3535945928" visible="true" version="1" changeset="31369705" timestamp="2015-05-22T12:11:19Z" user="masthanvali" uid="2907853" lat="12.9366887" lon="77.6267584"/>
 <node id="3535945932" visible="true" version="2" changeset="145944220" timestamp="2024-01-06T04:23:25Z" user="uknown-gryphus" uid="2425805" lat="12.9367286" lon="77.6269897"/>
 <node id="3535945937" visible="true" version="1" changeset="31369705" timestamp="2015-05-22T12:11:19Z" user="masthanvali" uid="2907853" lat="12.9367186" lon="77.6269662"/>
 <node id="3535945938" visible="true" version="1" changeset="31369705" timestamp="2015-05-22T12:11:19Z" user="masthanvali" uid="2907853" lat="12.9367210" lon="77.6276533"/>
 <node id="3535945940" visible="true" version="2" changeset="145944220" timestamp="2024-01-06T04:23:25Z" user="uknown-gryphus" uid="2425805" lat="12.9367342" lon="77.6269756"/>
 <node id="3535945943" visible="true" version="1" changeset="31369705" timestamp="2015-05-22T12:11:19Z" user="masthanvali" uid="2907853" lat="12.9367270" lon="77.6277978"/>
 <node id="3535945949" visible="true" version="2" changeset="32046132" timestamp="2015-06-18T08:48:02Z" user="Narsimulu" uid="2949621" lat="12.9367504" lon="77.6278499"/>
 <node id="3535945951" visible="true" version="2" changeset="32046132" timestamp="2015-06-18T08:48:02Z" user="Narsimulu" uid="2949621" lat="12.9367569" lon="77.6280074"/>
 <node id="3535945955" visible="true" version="2" changeset="145944220" timestamp="2024-01-06T04:23:25Z" user="uknown-gryphus" uid="2425805" lat="12.9367796" lon="77.6272158"/>
 <node id="3535945959" visible="true" version="1" changeset="31369705" timestamp="2015-05-22T12:11:20Z" user="masthanvali" uid="2907853" lat="12.9367571" lon="77.6280595"/>
 <node id="3535945963" visible="true" version="1" changeset="31369705" timestamp="2015-05-22T12:11:20Z" user="masthanvali" uid="2907853" lat="12.9367639" lon="77.6282203"/>
 <node id="3535945968" visible="true" version="2" changeset="62126890" timestamp="2018-08-30T05:40:45Z" user="Sushma09" uid="8407656" lat="12.9368073" lon="77.6268896"/>
 <node id="3535945973" visible="true" version="2" changeset="145944220" timestamp="2024-01-06T04:23:25Z" user="uknown-gryphus" uid="2425805" lat="12.9368334" lon="77.6268796"/>
 <node id="3535945974" visible="true" version="2" changeset="145944220" timestamp="2024-01-06T04:23:25Z" user="uknown-gryphus" uid="2425805" lat="12.9368626" lon="77.6271355"/>
 <node id="3535945975" visible="true" version="1" changeset="31369705" timestamp="2015-05-22T12:11:20Z" user="masthanvali" uid="2907853" lat="12.9368453" lon="77.6276479"/>
 <node id="3535945976" visible="true" version="1" changeset="31369705" timestamp="2015-05-22T12:11:20Z" user="masthanvali" uid="2907853" lat="12.9368498" lon="77.6280554"/>
 <node id="3535945977" visible="true" version="1" changeset="31369705" timestamp="2015-05-22T12:11:20Z" user="masthanvali" uid="2907853" lat="12.9368514" lon="77.6277924"/>
 <node id="3535945978" visible="true" version="2" changeset="32046132" timestamp="2015-06-18T08:48:02Z" user="Narsimulu" uid="2949621" lat="12.9368652" lon="77.6278448"/>
 <node id="3535945979" visible="true" version="1" changeset="31369705" timestamp="2015-05-22T12:11:20Z" user="masthanvali" uid="2907853" lat="12.9368565" lon="77.6282162"/>
 <node id="3535945980" visible="true" version="2" changeset="145944220" timestamp="2024-01-06T04:23:25Z" user="uknown-gryphus" uid="2425805" lat="12.9368677" lon="77.6271209"/>
 <node id="3535945981" visible="true" version="2" changeset="32046132" timestamp="2015-06-18T08:48:02Z" user="Narsimulu" uid="2949621" lat="12.9368718" lon="77.6280024"/>
 <node id="3535945984" visible="true" version="2" changeset="145944220" timestamp="2024-01-06T04:23:25Z" user="uknown-gryphus" uid="2425805" lat="12.9368772" lon="77.6274502"/>
 <node id="3535946493" visible="true" version="2" changeset="145944220" timestamp="2024-01-06T04:23:25Z" user="uknown-gryphus" uid="2425805" lat="12.9369261" lon="77.6275691"/>
 <node id="3535946494" visible="true" version="1" changeset="31369705" timestamp="2015-05-22T12:11:21Z" user="masthanvali" uid="2907853" lat="12.9369501" lon="77.6278148"/>
 <node id="3535946495" visible="true" version="1" changeset="31369705" timestamp="2015-05-22T12:11:21Z" user="masthanvali" uid="2907853" lat="12.9369545" lon="77.6279204"/>
 <node id="3535946496" visible="true" version="2" changeset="145944220" timestamp="2024-01-06T04:23:25Z" user="uknown-gryphus" uid="2425805" lat="12.9369669" lon="77.6270250"/>
 <node id="3535946497" visible="true" version="2" changeset="145944220" timestamp="2024-01-06T04:23:25Z" user="uknown-gryphus" uid="2425805" lat="12.9369458" lon="77.6276788"/>
 <node id="3535946498" visible="true" version="2" changeset="145944220" timestamp="2024-01-06T04:23:25Z" user="uknown-gryphus" uid="2425805" lat="12.9369504" lon="77.6277732"/>
 <node id="3535946499" visible="true" version="1" changeset="31369705" timestamp="2015-05-22T12:11:21Z" user="masthanvali" uid="2907853" lat="12.9369627" lon="77.6279451"/>
 <node id="3535946500" visible="true" version="1" changeset="31369705" timestamp="2015-05-22T12:11:21Z" user="masthanvali" uid="2907853" lat="12.9369665" lon="77.6280361"/>
 <node id="3535946504" visible="true" version="1" changeset="31369705" timestamp="2015-05-22T12:11:21Z" user="masthanvali" uid="2907853" lat="12.9369808" lon="77.6280536"/>
 <node id="3535946505" visible="true" version="1" changeset="31369705" timestamp="2015-05-22T12:11:21Z" user="masthanvali" uid="2907853" lat="12.9369832" lon="77.6281093"/>
 <node id="3535946513" visible="true" version="2" changeset="145944220" timestamp="2024-01-06T04:23:25Z" user="uknown-gryphus" uid="2425805" lat="12.9369555" lon="77.6274163"/>
 <node id="3535946516" visible="true" version="2" changeset="145944220" timestamp="2024-01-06T04:23:25Z" user="uknown-gryphus" uid="2425805" lat="12.9371073" lon="77.6276706"/>
 <node id="3535946517" visible="true" version="2" changeset="145944220" timestamp="2024-01-06T04:23:25Z" user="uknown-gryphus" uid="2425805" lat="12.9371119" lon="77.6277650"/>
 <node id="3535946520" visible="true" version="2" changeset="145944220" timestamp="2024-01-06T04:23:25Z" user="uknown-gryphus" uid="2425805" lat="12.9369368" lon="77.6275714"/>
 <node id="3535946521" visible="true" version="2" changeset="145944220" timestamp="2024-01-06T04:23:25Z" user="uknown-gryphus" uid="2425805" lat="12.9369425" lon="77.6276754"/>
 <node id="3535946522" visible="true" version="2" changeset="145944220" timestamp="2024-01-06T04:23:25Z" user="uknown-gryphus" uid="2425805" lat="12.9370044" lon="77.6275352"/>
 <node id="3535946523" visible="true" version="2" changeset="145944220" timestamp="2024-01-06T04:23:25Z" user="uknown-gryphus" uid="2425805" lat="12.9371018" lon="77.6275619"/>
 <node id="3535946525" visible="true" version="2" changeset="145944220" timestamp="2024-01-06T04:23:25Z" user="uknown-gryphus" uid="2425805" lat="12.9371075" lon="77.6276659"/>
 <node id="3535946526" visible="true" version="1" changeset="31369705" timestamp="2015-05-22T12:11:21Z" user="masthanvali" uid="2907853" lat="12.9371058" lon="77.6278079"/>
 <node id="3535946528" visible="true" version="1" changeset="31369705" timestamp="2015-05-22T12:11:21Z" user="masthanvali" uid="2907853" lat="12.9371102" lon="77.6279135"/>
 <node id="3535946531" visible="true" version="1" changeset="31369705" timestamp="2015-05-22T12:11:21Z" user="masthanvali" uid="2907853" lat="12.9371175" lon="77.6279383"/>
 <node id="3535946533" visible="true" version="1" changeset="31369705" timestamp="2015-05-22T12:11:21Z" user="masthanvali" uid="2907853" lat="12.9371213" lon="77.6280293"/>
 <node id="3535946535" visible="true" version="1" changeset="31369705" timestamp="2015-05-22T12:11:21Z" user="masthanvali" uid="2907853" lat="12.9371245" lon="77.6280473"/>
 <node id="3535946537" visible="true" version="1" changeset="31369705" timestamp="2015-05-22T12:11:21Z" user="masthanvali" uid="2907853" lat="12.9371268" lon="77.6281030"/>
 <node id="3546187857" visible="true" version="1" changeset="31463723" timestamp="2015-05-26T06:35:42Z" user="anthony1" uid="2901758" lat="12.9369514" lon="77.6262509"/>
 <node id="3546187858" visible="true" version="1" changeset="31463723" timestamp="2015-05-26T06:35:42Z" user="anthony1" uid="2901758" lat="12.9369920" lon="77.6263631"/>
 <node id="3546187859" visible="true" version="1" changeset="31463723" timestamp="2015-05-26T06:35:42Z" user="anthony1" uid="2901758" lat="12.9370037" lon="77.6263218"/>
 <node id="3546187860" visible="true" version="1" changeset="31463723" timestamp="2015-05-26T06:35:42Z" user="anthony1" uid="2901758" lat="12.9370434" lon="77.6261796"/>
 <node id="3546187861" visible="true" version="1" changeset="31463723" timestamp="2015-05-26T06:35:42Z" user="anthony1" uid="2901758" lat="12.9370475" lon="77.6264342"/>
 <node id="3546187863" visible="true" version="1" changeset="31463723" timestamp="2015-05-26T06:35:42Z" user="anthony1" uid="2901758" lat="12.9370957" lon="77.6262505"/>
 <node id="3546187865" visible="true" version="1" changeset="31463723" timestamp="2015-05-26T06:35:42Z" user="anthony1" uid="2901758" lat="12.9371155" lon="77.6262614"/>
 <node id="3546187867" visible="true" version="1" changeset="31463723" timestamp="2015-05-26T06:35:42Z" user="anthony1" uid="2901758" lat="12.9371353" lon="77.6265279"/>
 <node id="3546187868" visible="true" version="1" changeset="31463723" timestamp="2015-05-26T06:35:42Z" user="anthony1" uid="2901758" lat="12.9371710" lon="77.6263325"/>
 <node id="3546187870" visible="true" version="1" changeset="31463723" timestamp="2015-05-26T06:35:42Z" user="anthony1" uid="2901758" lat="12.9371978" lon="77.6266021"/>
 <node id="3546187871" visible="true" version="1" changeset="31463723" timestamp="2015-05-26T06:35:42Z" user="anthony1" uid="2901758" lat="12.9372019" lon="77.6266208"/>
 <node id="3546187872" visible="true" version="1" changeset="31463723" timestamp="2015-05-26T06:35:42Z" user="anthony1" uid="2901758" lat="12.9372537" lon="77.6264229"/>
 <node id="3546187873" visible="true" version="1" changeset="31463723" timestamp="2015-05-26T06:35:42Z" user="anthony1" uid="2901758" lat="12.9372547" lon="77.6266918"/>
 <node id="3546187875" visible="true" version="1" changeset="31463723" timestamp="2015-05-26T06:35:43Z" user="anthony1" uid="2901758" lat="12.9373161" lon="77.6264971"/>
 <node id="3546187876" visible="true" version="1" changeset="31463723" timestamp="2015-05-26T06:35:43Z" user="anthony1" uid="2901758" lat="12.9373169" lon="77.6265308"/>
 <node id="3546187877" visible="true" version="1" changeset="31463723" timestamp="2015-05-26T06:35:43Z" user="anthony1" uid="2901758" lat="12.9373697" lon="77.6266017"/>
 <node id="3558446077" visible="true" version="2" changeset="145944220" timestamp="2024-01-06T04:23:25Z" user="uknown-gryphus" uid="2425805" lat="12.9374152" lon="77.6273048"/>
 <node id="3558446078" visible="true" version="1" changeset="31584184" timestamp="2015-05-30T13:17:10Z" user="PlaneMad" uid="1306" lat="12.9375326" lon="77.6287361"/>
 <node id="3558446079" visible="true" version="1" changeset="31584184" timestamp="2015-05-30T13:17:10Z" user="PlaneMad" uid="1306" lat="12.9375848" lon="77.6275361"/>
 <node id="3558446081" visible="true" version="1" changeset="31584184" timestamp="2015-05-30T13:17:10Z" user="PlaneMad" uid="1306" lat="12.9377014" lon="77.6277111"/>
 <node id="3558446082" visible="true" version="1" changeset="31584184" timestamp="2015-05-30T13:17:10Z" user="PlaneMad" uid="1306" lat="12.9377244" lon="77.6286697"/>
 <node id="3558446085" visible="true" version="1" changeset="31584184" timestamp="2015-05-30T13:17:10Z" user="PlaneMad" uid="1306" lat="12.9380596" lon="77.6283766"/>
 <node id="3684965836" visible="true" version="1" changeset="33170848" timestamp="2015-08-07T05:40:39Z" user="maheshrkm" uid="2897465" lat="12.9365729" lon="77.6252925"/>
 <node id="3740957803" visible="true" version="6" changeset="145944220" timestamp="2024-01-06T04:23:25Z" user="uknown-gryphus" uid="2425805" lat="12.9376582" lon="77.6265696"/>
 <node id="3740957804" visible="true" version="5" changeset="145944220" timestamp="2024-01-06T04:23:25Z" user="uknown-gryphus" uid="2425805" lat="12.9380454" lon="77.6262580"/>
 <node id="3740957805" visible="true" version="5" changeset="145944220" timestamp="2024-01-06T04:23:25Z" user="uknown-gryphus" uid="2425805" lat="12.9382221" lon="77.6262384"/>
 <node id="3740957806" visible="true" version="6" changeset="145944220" timestamp="2024-01-06T04:23:25Z" user="uknown-gryphus" uid="2425805" lat="12.9383910" lon="77.6260405"/>
 <node id="3740957812" visible="true" version="4" changeset="145945746" timestamp="2024-01-06T06:38:52Z" user="uknown-gryphus" uid="2425805" lat="12.9409012" lon="77.6243990"/>
 <node id="3740957817" visible="true" version="6" changeset="145945746" timestamp="2024-01-06T06:38:52Z" user="uknown-gryphus" uid="2425805" lat="12.9423591" lon="77.6228777">
  <tag k="highway" v="traffic_signals"/>
 </node>
 <node id="3801688116" visible="true" version="4" changeset="145952058" timestamp="2024-01-06T10:58:31Z" user="uknown-gryphus" uid="2425805" lat="12.9303988" lon="77.6330477"/>
 <node id="3801688118" visible="true" version="4" changeset="145952058" timestamp="2024-01-06T10:58:31Z" user="uknown-gryphus" uid="2425805" lat="12.9314668" lon="77.6325864"/>
 <node id="3801688120" visible="true" version="5" changeset="145952058" timestamp="2024-01-06T10:58:31Z" user="uknown-gryphus" uid="2425805" lat="12.9322200" lon="77.6318336"/>
 <node id="3801688122" visible="true" version="6" changeset="145952058" timestamp="2024-01-06T10:58:31Z" user="uknown-gryphus" uid="2425805" lat="12.9330766" lon="77.6309441"/>
 <node id="3801688124" visible="true" version="4" changeset="145944220" timestamp="2024-01-06T04:23:25Z" user="uknown-gryphus" uid="2425805" lat="12.9339015" lon="77.6301510"/>
 <node id="3801688125" visible="true" version="6" changeset="145944220" timestamp="2024-01-06T04:23:25Z" user="uknown-gryphus" uid="2425805" lat="12.9342983" lon="77.6297442">
  <tag k="highway" v="traffic_signals"/>
 </node>
 <node id="3801688126" visible="true" version="3" changeset="145944220" timestamp="2024-01-06T04:23:25Z" user="uknown-gryphus" uid="2425805" lat="12.9345563" lon="77.6295950">
  <tag k="highway" v="traffic_signals"/>
 </node>
 <node id="3801688127" visible="true" version="4" changeset="145944220" timestamp="2024-01-06T04:23:25Z" user="uknown-gryphus" uid="2425805" lat="12.9363386" lon="77.6277300"/>
 <node id="3801690194" visible="true" version="5" changeset="145952058" timestamp="2024-01-06T10:58:31Z" user="uknown-gryphus" uid="2425805" lat="12.9314042" lon="77.6327179"/>
 <node id="3801692771" visible="true" version="4" changeset="145952058" timestamp="2024-01-06T10:58:31Z" user="uknown-gryphus" uid="2425805" lat="12.9308166" lon="77.6328892"/>
 <node id="3801692775" visible="true" version="5" changeset="145952058" timestamp="2024-01-06T10:58:31Z" user="uknown-gryphus" uid="2425805" lat="12.9316389" lon="77.6324379"/>
 <node id="3801692776" visible="true" version="5" changeset="145952058" timestamp="2024-01-06T10:58:31Z" user="uknown-gryphus" uid="2425805" lat="12.9320467" lon="77.6320015"/>
 <node id="3801692779" visible="true" version="5" changeset="145952058" timestamp="2024-01-06T10:58:31Z" user="uknown-gryphus" uid="2425805" lat="12.9325276" lon="77.6315035"/>
 <node id="3801692781" visible="true" version="5" changeset="145944220" timestamp="2024-01-06T04:23:25Z" user="uknown-gryphus" uid="2425805" lat="12.9336568" lon="77.6303790"/>
 <node id="3801692785" visible="true" version="7" changeset="145944220" timestamp="2024-01-06T04:23:25Z" user="uknown-gryphus" uid="2425805" lat="12.9353570" lon="77.6287135"/>
 <node id="3801692786" visible="true" version="7" changeset="145945746" timestamp="2024-01-06T06:38:52Z" user="uknown-gryphus" uid="2425805" lat="12.9359641" lon="77.6280956"/>
 <node id="3801692787" visible="true" version="6" changeset="145944220" timestamp="2024-01-06T04:23:25Z" user="uknown-gryphus" uid="2425805" lat="12.9367444" lon="77.6273532"/>
 <node id="3801692788" visible="true" version="9" changeset="145944220" timestamp="2024-01-06T04:23:25Z" user="uknown-gryphus" uid="2425805" lat="12.9371207" lon="77.6270122">
  <tag k="highway" v="traffic_signals"/>
  <tag k="traffic_signals" v="signal"/>
  <tag k="traffic_signals:direction" v="forward"/>
 </node>
 <node id="3801692789" visible="true" version="3" changeset="145944220" timestamp="2024-01-06T04:23:25Z" user="uknown-gryphus" uid="2425805" lat="12.9372455" lon="77.6271185"/>
 <node id="3801692790" visible="true" version="4" changeset="122007249" timestamp="2022-06-06T06:51:15Z" user="uknown-gryphus" uid="2425805" lat="12.9372333" lon="77.6268138">
  <tag k="highway" v="traffic_signals"/>
  <tag k="name" v="Sony World Signal"/>
  <tag k="name:kn" v="ಸೋನಿ ವರ್ಲ್ಡ್ ಸಿಗ್ನಲ್"/>
  <tag k="traffic_signals" v="signal"/>
  <tag k="traffic_signals:direction" v="forward"/>
 </node>
 <node id="3801700762" visible="true" version="3" changeset="145944220" timestamp="2024-01-06T04:23:25Z" user="uknown-gryphus" uid="2425805" lat="12.9344320" lon="77.6296147"/>
 <node id="4803681188" visible="true" version="3" changeset="145952058" timestamp="2024-01-06T10:58:31Z" user="uknown-gryphus" uid="2425805" lat="12.9294936" lon="77.6320665"/>
 <node id="5247276738" visible="true" version="1" changeset="54074265" timestamp="2017-11-25T14:57:17Z" user="Vikram Vincent" uid="3655453" lat="12.9370109" lon="77.6275262">
  <tag k="addr:housenumber" v="8, near Sapphire toy store"/>
  <tag k="amenity" v="cafe"/>
  <tag k="name" v="Via Milano"/>
  <tag k="phone" v="+918041309997"/>
 </node>
 <node id="5395545374" visible="true" version="4" changeset="145944220" timestamp="2024-01-06T04:23:25Z" user="uknown-gryphus" uid="2425805" lat="12.9369752" lon="77.6288503"/>
 <node id="5395545375" visible="true" version="4" changeset="145944220" timestamp="2024-01-06T04:23:25Z" user="uknown-gryphus" uid="2425805" lat="12.9369073" lon="77.6278132"/>
 <node id="5395545376" visible="true" version="3" changeset="145944220" timestamp="2024-01-06T04:23:25Z" user="uknown-gryphus" uid="2425805" lat="12.9369575" lon="77.6285805"/>
 <node id="5586382485" visible="true" version="4" changeset="145945746" timestamp="2024-01-06T06:38:52Z" user="uknown-gryphus" uid="2425805" lat="12.9359222" lon="77.6282414"/>
 <node id="5586382486" visible="true" version="2" changeset="145945746" timestamp="2024-01-06T06:38:52Z" user="uknown-gryphus" uid="2425805" lat="12.9365648" lon="77.6284277"/>
 <node id="5586382487" visible="true" version="5" changeset="145945746" timestamp="2024-01-06T06:38:52Z" user="uknown-gryphus" uid="2425805" lat="12.9370907" lon="77.6269339"/>
 <node id="5586382488" visible="true" version="4" changeset="145945746" timestamp="2024-01-06T06:38:52Z" user="uknown-gryphus" uid="2425805" lat="12.9369465" lon="77.6267573"/>
 <node id="5586382489" visible="true" version="2" changeset="145944220" timestamp="2024-01-06T04:23:25Z" user="uknown-gryphus" uid="2425805" lat="12.9341951" lon="77.6293469"/>
 <node id="5586382491" visible="true" version="1" changeset="58530693" timestamp="2018-04-29T15:38:03Z" user="amritsahu" uid="5612504" lat="12.9312888" lon="77.6324363"/>
 <node id="5804513576" visible="true" version="3" changeset="145944220" timestamp="2024-01-06T04:23:25Z" user="uknown-gryphus" uid="2425805" lat="12.9369153" lon="77.6268171"/>
 <node id="5804513577" visible="true" version="3" changeset="145944220" timestamp="2024-01-06T04:23:25Z" user="uknown-gryphus" uid="2425805" lat="12.9370493" lon="77.6269673"/>
 <node id="5804513578" visible="true" version="3" changeset="145944220" timestamp="2024-01-06T04:23:25Z" user="uknown-gryphus" uid="2425805" lat="12.9369835" lon="77.6270291"/>
 <node id="5804513579" visible="true" version="3" changeset="145944220" timestamp="2024-01-06T04:23:25Z" user="uknown-gryphus" uid="2425805" lat="12.9368494" lon="77.6268789"/>
 <node id="5915887951" visible="true" version="1" changeset="62726664" timestamp="2018-09-19T11:24:57Z" user="Sushma09" uid="8407656" lat="12.9353871" lon="77.6282331"/>
 <node id="5915887954" visible="true" version="1" changeset="62726664" timestamp="2018-09-19T11:24:57Z" user="Sushma09" uid="8407656" lat="12.9353210" lon="77.6282945"/>
 <node id="5915887956" visible="true" version="1" changeset="62726664" timestamp="2018-09-19T11:24:57Z" user="Sushma09" uid="8407656" lat="12.9352311" lon="77.6283781"/>
 <node id="5993280672" visible="true" version="2" changeset="145944220" timestamp="2024-01-06T04:23:25Z" user="uknown-gryphus" uid="2425805" lat="12.9370198" lon="77.6273257"/>
 <node id="5993280674" visible="true" version="6" changeset="174419998" timestamp="2025-11-09T14:34:54Z" user="Arnav Andrew Jose" uid="20160130" lat="12.9371627" lon="77.6270757">
  <tag k="bench" v="no"/>
  <tag k="bus" v="yes"/>
  <tag k="highway" v="bus_stop"/>
  <tag k="name" v="Sony World Signal"/>
  <tag k="public_transport" v="platform"/>
  <tag k="shelter" v="no"/>
  <tag k="surface" v="paving_stones"/>
 </node>
 <node id="5993280675" visible="true" version="3" changeset="145944220" timestamp="2024-01-06T04:23:25Z" user="uknown-gryphus" uid="2425805" lat="12.9343530" lon="77.6298064"/>
 <node id="6017833813" visible="true" version="6" changeset="145944220" timestamp="2024-01-06T04:23:25Z" user="uknown-gryphus" uid="2425805" lat="12.9372490" lon="77.6270053"/>
 <node id="6017833815" visible="true" version="7" changeset="154126874" timestamp="2024-07-19T05:14:49Z" user="ompatekar" uid="16275581" lat="12.9372808" lon="77.6268738"/>
 <node id="6017833816" visible="true" version="4" changeset="145944220" timestamp="2024-01-06T04:23:25Z" user="uknown-gryphus" uid="2425805" lat="12.9373325" lon="77.6269369"/>
 <node id="6017833817" visible="true" version="2" changeset="122007249" timestamp="2022-06-06T06:51:15Z" user="uknown-gryphus" uid="2425805" lat="12.9370632" lon="77.6269756">
  <tag k="bus" v="yes"/>
  <tag k="highway" v="bus_stop"/>
  <tag k="name" v="Sony World Signal"/>
  <tag k="network" v="BMTC"/>
  <tag k="network:wikidata" v="Q3345039"/>
  <tag k="operator" v="BMTC"/>
  <tag k="public_transport" v="platform"/>
 </node>
 <node id="6454722370" visible="true" version="3" changeset="145945746" timestamp="2024-01-06T06:38:52Z" user="uknown-gryphus" uid="2425805" lat="12.9388595" lon="77.6259175"/>
 <node id="6528476360" visible="true" version="2" changeset="145945746" timestamp="2024-01-06T06:38:52Z" user="uknown-gryphus" uid="2425805" lat="12.9393368" lon="77.6257146"/>
 <node id="6528482681" visible="true" version="1" changeset="70991527" timestamp="2019-06-06T14:04:32Z" user="vinay gowda" uid="8782065" lat="12.9366140" lon="77.6278388"/>
 <node id="6528482683" visible="true" version="3" changeset="145944220" timestamp="2024-01-06T04:23:25Z" user="uknown-gryphus" uid="2425805" lat="12.9369344" lon="77.6282269"/>
 <node id="6536640226" visible="true" version="5" changeset="145945746" timestamp="2024-01-06T06:38:52Z" user="uknown-gryphus" uid="2425805" lat="12.9396995" lon="77.6254463">
  <tag k="highway" v="traffic_signals"/>
  <tag k="traffic_signals" v="signal"/>
 </node>
 <node id="6860136361" visible="true" version="4" changeset="146101792" timestamp="2024-01-10T12:12:03Z" user="Vonter" uid="3926189" lat="12.9371643" lon="77.6269287">
  <tag k="camera:mount" v="pole"/>
  <tag k="camera:type" v="dome"/>
  <tag k="man_made" v="surveillance"/>
  <tag k="surveillance" v="public"/>
  <tag k="surveillance:type" v="camera"/>
  <tag k="surveillance:zone" v="area"/>
 </node>
 <node id="7087619814" visible="true" version="4" changeset="145944220" timestamp="2024-01-06T04:23:25Z" user="uknown-gryphus" uid="2425805" lat="12.9380520" lon="77.6263722"/>
 <node id="7151190896" visible="true" version="3" changeset="156817551" timestamp="2024-09-19T12:21:19Z" user="akshayola" uid="19294215" lat="12.9379736" lon="77.6283524"/>
 <node id="7165561635" visible="true" version="3" changeset="140601872" timestamp="2023-08-30T17:57:15Z" user="Friendly_Ghost" uid="10875409" lat="12.9372774" lon="77.6266203">
  <tag k="addr:city" v="Bengaluru"/>
  <tag k="addr:housenumber" v="#572, 1st Floor, 6th F Cross Rd, 6th Block"/>
  <tag k="addr:postcode" v="560095"/>
  <tag k="addr:street" v="6th Cross Road"/>
  <tag k="description" v="Mobile App Development Company"/>
  <tag k="email" v="info@brillmindz.com"/>
  <tag k="name" v="BrillMindz"/>
  <tag k="office" v="it"/>
  <tag k="opening_hours" v="24/7"/>
  <tag k="phone" v="91 9538448421"/>
  <tag k="start_date" v="2011"/>
  <tag k="website" v="https://brillmindz.com/"/>
 </node>
 <node id="7200329607" visible="true" version="3" changeset="145944220" timestamp="2024-01-06T04:23:25Z" user="uknown-gryphus" uid="2425805" lat="12.9337136" lon="77.6304346"/>
 <node id="7262972936" visible="true" version="1" changeset="81764730" timestamp="2020-03-04T09:02:28Z" user="priya321" uid="10794850" lat="12.9378348" lon="77.6276162"/>
 <node id="7262972937" visible="true" version="1" changeset="81764730" timestamp="2020-03-04T09:02:28Z" user="priya321" uid="10794850" lat="12.9374897" lon="77.6272877"/>
 <node id="7262972976" visible="true" version="1" changeset="81764730" timestamp="2020-03-04T09:02:28Z" user="priya321" uid="10794850" lat="12.9379459" lon="77.6278228"/>
 <node id="7262972977" visible="true" version="1" changeset="81764730" timestamp="2020-03-04T09:02:28Z" user="priya321" uid="10794850" lat="12.9375825" lon="77.6272300"/>
 <node id="7263010422" visible="true" version="3" changeset="145952058" timestamp="2024-01-06T10:58:31Z" user="uknown-gryphus" uid="2425805" lat="12.9307826" lon="77.6328432"/>
 <node id="7263010424" visible="true" version="2" changeset="121848820" timestamp="2022-06-02T11:47:52Z" user="Vonter" uid="3926189" lat="12.9314717" lon="77.6325463"/>
 <node id="7263010425" visible="true" version="2" changeset="145952058" timestamp="2024-01-06T10:58:31Z" user="uknown-gryphus" uid="2425805" lat="12.9315064" lon="77.6326494"/>
 <node id="7263010430" visible="true" version="2" changeset="121848820" timestamp="2022-06-02T11:47:52Z" user="Vonter" uid="3926189" lat="12.9331189" lon="77.6308520"/>
 <node id="7263010432" visible="true" version="3" changeset="145945746" timestamp="2024-01-06T06:38:52Z" user="uknown-gryphus" uid="2425805" lat="12.9360917" lon="77.6281849"/>
 <node id="7263010433" visible="true" version="1" changeset="81765683" timestamp="2020-03-04T09:20:37Z" user="priya321" uid="10794850" lat="12.9344221" lon="77.6295630"/>
 <node id="7263010435" visible="true" version="2" changeset="145944220" timestamp="2024-01-06T04:23:25Z" user="uknown-gryphus" uid="2425805" lat="12.9347439" lon="77.6293144"/>
 <node id="7263010437" visible="true" version="2" changeset="145944220" timestamp="2024-01-06T04:23:25Z" user="uknown-gryphus" uid="2425805" lat="12.9360520" lon="77.6281101"/>
 <node id="7263010439" visible="true" version="2" changeset="145944220" timestamp="2024-01-06T04:23:25Z" user="uknown-gryphus" uid="2425805" lat="12.9364143" lon="77.6277774"/>
 <node id="7263010442" visible="true" version="2" changeset="145944220" timestamp="2024-01-06T04:23:25Z" user="uknown-gryphus" uid="2425805" lat="12.9376733" lon="77.6266698"/>
 <node id="7263010443" visible="true" version="3" changeset="145944220" timestamp="2024-01-06T04:23:25Z" user="uknown-gryphus" uid="2425805" lat="12.9381834" lon="77.6261580"/>
 <node id="7263010444" visible="true" version="3" changeset="145945746" timestamp="2024-01-06T06:38:52Z" user="uknown-gryphus" uid="2425805" lat="12.9404052" lon="77.6248878"/>
 <node id="7265495356" visible="true" version="2" changeset="121848820" timestamp="2022-06-02T11:47:52Z" user="Vonter" uid="3926189" lat="12.9351903" lon="77.6244584"/>
 <node id="7265632153" visible="true" version="1" changeset="81809237" timestamp="2020-03-05T07:22:46Z" user="priya321" uid="10794850" lat="12.9376389" lon="77.6285035"/>
 <node id="7265632154" visible="true" version="1" changeset="81809237" timestamp="2020-03-05T07:22:46Z" user="priya321" uid="10794850" lat="12.9376374" lon="77.6285107"/>
 <node id="7265632155" visible="true" version="1" changeset="81809237" timestamp="2020-03-05T07:22:46Z" user="priya321" uid="10794850" lat="12.9376234" lon="77.6286532"/>
 <node id="7265632156" visible="true" version="1" changeset="81809237" timestamp="2020-03-05T07:22:46Z" user="priya321" uid="10794850" lat="12.9376180" lon="77.6286574"/>
 <node id="7265632157" visible="true" version="1" changeset="81809237" timestamp="2020-03-05T07:22:46Z" user="priya321" uid="10794850" lat="12.9372718" lon="77.6287947"/>
 <node id="7265632158" visible="true" version="1" changeset="81809237" timestamp="2020-03-05T07:22:46Z" user="priya321" uid="10794850" lat="12.9372517" lon="77.6287904"/>
 <node id="7265632159" visible="true" version="1" changeset="81809237" timestamp="2020-03-05T07:22:46Z" user="priya321" uid="10794850" lat="12.9372450" lon="77.6287835"/>
 <node id="7265632160" visible="true" version="1" changeset="81809237" timestamp="2020-03-05T07:22:46Z" user="priya321" uid="10794850" lat="12.9372401" lon="77.6287749"/>
 <node id="7265632161" visible="true" version="1" changeset="81809237" timestamp="2020-03-05T07:22:46Z" user="priya321" uid="10794850" lat="12.9372143" lon="77.6275616"/>
 <node id="7265632162" visible="true" version="1" changeset="81809237" timestamp="2020-03-05T07:22:46Z" user="priya321" uid="10794850" lat="12.9371940" lon="77.6275995"/>
 <node id="7265632163" visible="true" version="1" changeset="81809237" timestamp="2020-03-05T07:22:46Z" user="priya321" uid="10794850" lat="12.9371976" lon="77.6275847"/>
 <node id="7265632164" visible="true" version="1" changeset="81809237" timestamp="2020-03-05T07:22:46Z" user="priya321" uid="10794850" lat="12.9374518" lon="77.6274312"/>
 <node id="7265632165" visible="true" version="1" changeset="81809237" timestamp="2020-03-05T07:22:46Z" user="priya321" uid="10794850" lat="12.9374424" lon="77.6274287"/>
 <node id="7265632166" visible="true" version="1" changeset="81809237" timestamp="2020-03-05T07:22:46Z" user="priya321" uid="10794850" lat="12.9374471" lon="77.6274286"/>
 <node id="7265632167" visible="true" version="1" changeset="81809237" timestamp="2020-03-05T07:22:46Z" user="priya321" uid="10794850" lat="12.9374558" lon="77.6274358"/>
 <node id="7265835307" visible="true" version="3" changeset="145952058" timestamp="2024-01-06T10:58:31Z" user="uknown-gryphus" uid="2425805" lat="12.9298440" lon="77.6328700"/>
 <node id="9363518173" visible="true" version="3" changeset="145945746" timestamp="2024-01-06T06:38:52Z" user="uknown-gryphus" uid="2425805" lat="12.9424221" lon="77.6228085"/>
 <node id="9790284758" visible="true" version="2" changeset="145952058" timestamp="2024-01-06T10:58:31Z" user="uknown-gryphus" uid="2425805" lat="12.9299090" lon="77.6330256"/>
 <node id="9790284760" visible="true" version="1" changeset="121848820" timestamp="2022-06-02T11:47:52Z" user="Vonter" uid="3926189" lat="12.9303255" lon="77.6328241"/>
 <node id="9790284761" visible="true" version="1" changeset="121848820" timestamp="2022-06-02T11:47:52Z" user="Vonter" uid="3926189" lat="12.9303845" lon="77.6329814"/>
 <node id="9790284762" visible="true" version="2" changeset="145952058" timestamp="2024-01-06T10:58:31Z" user="uknown-gryphus" uid="2425805" lat="12.9310355" lon="77.6327415"/>
 <node id="9790284763" visible="true" version="1" changeset="121848820" timestamp="2022-06-02T11:47:52Z" user="Vonter" uid="3926189" lat="12.9329634" lon="77.6275572"/>
 <node id="9790284764" visible="true" version="1" changeset="121848820" timestamp="2022-06-02T11:47:52Z" user="Vonter" uid="3926189" lat="12.9317033" lon="77.6285577"/>
 <node id="9790284765" visible="true" version="1" changeset="121848820" timestamp="2022-06-02T11:47:52Z" user="Vonter" uid="3926189" lat="12.9307674" lon="77.6289681"/>
 <node id="9797919703" visible="true" version="2" changeset="145944220" timestamp="2024-01-06T04:23:25Z" user="uknown-gryphus" uid="2425805" lat="12.9371970" lon="77.6269420"/>
 <node id="9930165086" visible="true" version="1" changeset="124450092" timestamp="2022-08-03T19:15:48Z" user="Vonter" uid="3926189" lat="12.9269979" lon="77.6207406"/>
 <node id="9930165087" visible="true" version="1" changeset="124450092" timestamp="2022-08-03T19:15:48Z" user="Vonter" uid="3926189" lat="12.9269864" lon="77.6207656"/>
 <node id="9930165089" visible="true" version="1" changeset="124450092" timestamp="2022-08-03T19:15:48Z" user="Vonter" uid="3926189" lat="12.9304909" lon="77.6221649"/>
 <node id="9930165090" visible="true" version="1" changeset="124450092" timestamp="2022-08-03T19:15:48Z" user="Vonter" uid="3926189" lat="12.9345204" lon="77.6238347"/>
 <node id="9930165091" visible="true" version="1" changeset="124450092" timestamp="2022-08-03T19:15:48Z" user="Vonter" uid="3926189" lat="12.9349441" lon="77.6241289"/>
 <node id="9930165092" visible="true" version="1" changeset="124450092" timestamp="2022-08-03T19:15:48Z" user="Vonter" uid="3926189" lat="12.9351717" lon="77.6243863"/>
 <node id="9930165093" visible="true" version="1" changeset="124450092" timestamp="2022-08-03T19:15:48Z" user="Vonter" uid="3926189" lat="12.9354054" lon="77.6246690"/>
 <node id="9930165094" visible="true" version="1" changeset="124450092" timestamp="2022-08-03T19:15:48Z" user="Vonter" uid="3926189" lat="12.9358419" lon="77.6251933"/>
 <node id="9930165095" visible="true" version="1" changeset="124450092" timestamp="2022-08-03T19:15:48Z" user="Vonter" uid="3926189" lat="12.9368038" lon="77.6263706"/>
 <node id="9930165096" visible="true" version="1" changeset="124450092" timestamp="2022-08-03T19:15:48Z" user="Vonter" uid="3926189" lat="12.9375337" lon="77.6272696"/>
 <node id="9930165097" visible="true" version="1" changeset="124450092" timestamp="2022-08-03T19:15:48Z" user="Vonter" uid="3926189" lat="12.9377881" lon="77.6276438"/>
 <node id="9930165098" visible="true" version="1" changeset="124450092" timestamp="2022-08-03T19:15:48Z" user="Vonter" uid="3926189" lat="12.9382203" lon="77.6285281"/>
 <node id="9930165099" visible="true" version="1" changeset="124450092" timestamp="2022-08-03T19:15:48Z" user="Vonter" uid="3926189" lat="12.9384324" lon="77.6291810"/>
 <node id="9930165100" visible="true" version="1" changeset="124450092" timestamp="2022-08-03T19:15:48Z" user="Vonter" uid="3926189" lat="12.9384824" lon="77.6293848"/>
 <node id="9930165101" visible="true" version="1" changeset="124450092" timestamp="2022-08-03T19:15:48Z" user="Vonter" uid="3926189" lat="12.9384875" lon="77.6296695"/>
 <node id="9930165102" visible="true" version="1" changeset="124450092" timestamp="2022-08-03T19:15:48Z" user="Vonter" uid="3926189" lat="12.9384692" lon="77.6308297"/>
 <node id="9930165103" visible="true" version="1" changeset="124450092" timestamp="2022-08-03T19:15:48Z" user="Vonter" uid="3926189" lat="12.9384954" lon="77.6318074"/>
 <node id="9930165104" visible="true" version="1" changeset="124450092" timestamp="2022-08-03T19:15:48Z" user="Vonter" uid="3926189" lat="12.9384771" lon="77.6336156"/>
 <node id="9930165112" visible="true" version="1" changeset="124450092" timestamp="2022-08-03T19:15:48Z" user="Vonter" uid="3926189" lat="12.9305008" lon="77.6221392"/>
 <node id="9930165113" visible="true" version="1" changeset="124450092" timestamp="2022-08-03T19:15:48Z" user="Vonter" uid="3926189" lat="12.9345332" lon="77.6238102"/>
 <node id="9930165114" visible="true" version="1" changeset="124450092" timestamp="2022-08-03T19:15:48Z" user="Vonter" uid="3926189" lat="12.9349619" lon="77.6241079"/>
 <node id="9930165115" visible="true" version="1" changeset="124450092" timestamp="2022-08-03T19:15:48Z" user="Vonter" uid="3926189" lat="12.9351919" lon="77.6243681"/>
 <node id="9930197131" visible="true" version="1" changeset="124450092" timestamp="2022-08-03T19:15:48Z" user="Vonter" uid="3926189" lat="12.9354259" lon="77.6246510"/>
 <node id="9930197132" visible="true" version="1" changeset="124450092" timestamp="2022-08-03T19:15:48Z" user="Vonter" uid="3926189" lat="12.9358625" lon="77.6251754"/>
 <node id="9930197133" visible="true" version="1" changeset="124450092" timestamp="2022-08-03T19:15:48Z" user="Vonter" uid="3926189" lat="12.9368245" lon="77.6263529"/>
 <node id="9930197134" visible="true" version="1" changeset="124450092" timestamp="2022-08-03T19:15:48Z" user="Vonter" uid="3926189" lat="12.9375551" lon="77.6272528"/>
 <node id="9930197135" visible="true" version="1" changeset="124450092" timestamp="2022-08-03T19:15:48Z" user="Vonter" uid="3926189" lat="12.9378113" lon="77.6276296"/>
 <node id="9930197136" visible="true" version="1" changeset="124450092" timestamp="2022-08-03T19:15:48Z" user="Vonter" uid="3926189" lat="12.9382452" lon="77.6285174"/>
 <node id="9930197137" visible="true" version="1" changeset="124450092" timestamp="2022-08-03T19:15:48Z" user="Vonter" uid="3926189" lat="12.9384583" lon="77.6291732"/>
 <node id="9930197138" visible="true" version="1" changeset="124450092" timestamp="2022-08-03T19:15:48Z" user="Vonter" uid="3926189" lat="12.9385093" lon="77.6293811"/>
 <node id="9930197139" visible="true" version="1" changeset="124450092" timestamp="2022-08-03T19:15:48Z" user="Vonter" uid="3926189" lat="12.9385145" lon="77.6296695"/>
 <node id="9930197140" visible="true" version="1" changeset="124450092" timestamp="2022-08-03T19:15:48Z" user="Vonter" uid="3926189" lat="12.9384962" lon="77.6308295"/>
 <node id="9930197141" visible="true" version="1" changeset="124450092" timestamp="2022-08-03T19:15:48Z" user="Vonter" uid="3926189" lat="12.9385223" lon="77.6318072"/>
 <node id="9930197142" visible="true" version="1" changeset="124450092" timestamp="2022-08-03T19:15:48Z" user="Vonter" uid="3926189" lat="12.9385040" lon="77.6336150"/>
 <node id="10068956724" visible="true" version="2" changeset="145944220" timestamp="2024-01-06T04:23:25Z" user="uknown-gryphus" uid="2425805" lat="12.9373785" lon="77.6269885">
  <tag k="crossing" v="uncontrolled"/>
  <tag k="crossing:island" v="no"/>
  <tag k="crossing:markings" v="zebra"/>
  <tag k="highway" v="crossing"/>
  <tag k="tactile_paving" v="no"/>
 </node>
 <node id="10068956725" visible="true" version="5" changeset="171833403" timestamp="2025-09-12T13:41:46Z" user="hashhar" uid="10820632" lat="12.9372886" lon="77.6270563">
  <tag k="button_operated" v="no"/>
  <tag k="crossing" v="traffic_signals"/>
  <tag k="crossing:island" v="no"/>
  <tag k="crossing:markings" v="zebra"/>
  <tag k="highway" v="crossing"/>
  <tag k="tactile_paving" v="no"/>
  <tag k="traffic_signals:sound" v="no"/>
  <tag k="traffic_signals:vibration" v="no"/>
 </node>
 <node id="10068956726" visible="true" version="2" changeset="145944220" timestamp="2024-01-06T04:23:25Z" user="uknown-gryphus" uid="2425805" lat="12.9372512" lon="77.6270845"/>
 <node id="10068956727" visible="true" version="1" changeset="126900566" timestamp="2022-10-02T16:14:16Z" user="uknown-gryphus" uid="2425805" lat="12.9380793" lon="77.6264454">
  <tag k="highway" v="crossing"/>
 </node>
 <node id="10068956728" visible="true" version="1" changeset="126900566" timestamp="2022-10-02T16:14:16Z" user="uknown-gryphus" uid="2425805" lat="12.9398616" lon="77.6255280">
  <tag k="highway" v="crossing"/>
 </node>
 <node id="10068956729" visible="true" version="2" changeset="145945746" timestamp="2024-01-06T06:38:52Z" user="uknown-gryphus" uid="2425805" lat="12.9405172" lon="77.6249610">
  <tag k="highway" v="crossing"/>
 </node>
 <node id="10068956730" visible="true" version="3" changeset="154287450" timestamp="2024-07-23T04:26:53Z" user="uknown-gryphus" uid="2425805" lat="12.9410126" lon="77.6244866">
  <tag k="highway" v="crossing"/>
 </node>
 <node id="10068956731" visible="true" version="3" changeset="148280914" timestamp="2024-03-06T08:12:45Z" user="Vonter" uid="3926189" lat="12.9412985" lon="77.6241951">
  <tag k="highway" v="crossing"/>
 </node>
 <node id="10068956733" visible="true" version="2" changeset="145944220" timestamp="2024-01-06T04:23:25Z" user="uknown-gryphus" uid="2425805" lat="12.9374518" lon="77.6269331"/>
 <node id="10068956734" visible="true" version="2" changeset="145945746" timestamp="2024-01-06T06:38:52Z" user="uknown-gryphus" uid="2425805" lat="12.9384311" lon="77.6261895"/>
 <node id="10068956735" visible="true" version="2" changeset="145945746" timestamp="2024-01-06T06:38:52Z" user="uknown-gryphus" uid="2425805" lat="12.9388877" lon="77.6259718"/>
 <node id="10068956736" visible="true" version="1" changeset="126900566" timestamp="2022-10-02T16:14:16Z" user="uknown-gryphus" uid="2425805" lat="12.9393773" lon="77.6257813"/>
 <node id="10068956737" visible="true" version="1" changeset="126900566" timestamp="2022-10-02T16:14:16Z" user="uknown-gryphus" uid="2425805" lat="12.9399581" lon="77.6254775"/>
 <node id="10068956740" visible="true" version="2" changeset="154287450" timestamp="2024-07-23T04:26:53Z" user="uknown-gryphus" uid="2425805" lat="12.9423436" lon="77.6230781"/>
 <node id="10068956755" visible="true" version="3" changeset="154287450" timestamp="2024-07-23T04:26:53Z" user="uknown-gryphus" uid="2425805" lat="12.9424147" lon="77.6227204"/>
 <node id="10068956866" visible="true" version="3" changeset="154287450" timestamp="2024-07-23T04:26:53Z" user="uknown-gryphus" uid="2425805" lat="12.9424807" lon="77.6227384"/>
 <node id="10153688987" visible="true" version="1" changeset="128417790" timestamp="2022-11-03T04:29:33Z" user="nileshbarawkar" uid="16275544" lat="12.9377011" lon="77.6267222"/>
 <node id="10153688988" visible="true" version="2" changeset="156756754" timestamp="2024-09-18T06:21:03Z" user="neharikas" uid="18812446" lat="12.9377871" lon="77.6268886"/>
 <node id="10295524775" visible="true" version="1" changeset="130698414" timestamp="2022-12-30T18:28:45Z" user="Vonter" uid="3926189" lat="12.9382191" lon="77.6281366"/>
 <node id="10314122716" visible="true" version="1" changeset="131003074" timestamp="2023-01-08T05:35:44Z" user="Vonter" uid="3926189" lat="12.9368298" lon="77.6268823"/>
 <node id="10314122717" visible="true" version="1" changeset="131003074" timestamp="2023-01-08T05:35:44Z" user="Vonter" uid="3926189" lat="12.9366977" lon="77.6267271"/>
 <node id="10314122718" visible="true" version="2" changeset="145945746" timestamp="2024-01-06T06:38:52Z" user="uknown-gryphus" uid="2425805" lat="12.9368380" lon="77.6265910"/>
 <node id="10314122719" visible="true" version="1" changeset="131003074" timestamp="2023-01-08T05:35:44Z" user="Vonter" uid="3926189" lat="12.9338882" lon="77.6266160"/>
 <node id="10314122720" visible="true" version="1" changeset="131003074" timestamp="2023-01-08T05:35:44Z" user="Vonter" uid="3926189" lat="12.9342312" lon="77.6270731"/>
 <node id="10314122721" visible="true" version="1" changeset="131003074" timestamp="2023-01-08T05:35:44Z" user="Vonter" uid="3926189" lat="12.9344639" lon="77.6268250"/>
 <node id="10314122722" visible="true" version="1" changeset="131003074" timestamp="2023-01-08T05:35:44Z" user="Vonter" uid="3926189" lat="12.9342861" lon="77.6265836"/>
 <node id="10314122723" visible="true" version="1" changeset="131003074" timestamp="2023-01-08T05:35:44Z" user="Vonter" uid="3926189" lat="12.9344939" lon="77.6263797"/>
 <node id="10314122724" visible="true" version="1" changeset="131003074" timestamp="2023-01-08T05:35:44Z" user="Vonter" uid="3926189" lat="12.9342251" lon="77.6260578"/>
 <node id="10797060727" visible="true" version="1" changeset="134688297" timestamp="2023-04-09T13:30:46Z" user="Vonter" uid="3926189" lat="12.9364765" lon="77.6252361"/>
 <node id="10797060821" visible="true" version="1" changeset="134688297" timestamp="2023-04-09T13:30:46Z" user="Vonter" uid="3926189" lat="12.9375654" lon="77.6265673"/>
 <node id="10797060822" visible="true" version="2" changeset="145944220" timestamp="2024-01-06T04:23:25Z" user="uknown-gryphus" uid="2425805" lat="12.9372927" lon="77.6267818"/>
 <node id="10797060823" visible="true" version="1" changeset="134688297" timestamp="2023-04-09T13:30:46Z" user="Vonter" uid="3926189" lat="12.9361980" lon="77.6254759"/>
 <node id="10797060824" visible="true" version="1" changeset="134688297" timestamp="2023-04-09T13:30:46Z" user="Vonter" uid="3926189" lat="12.9363436" lon="77.6253505"/>
 <node id="10797060825" visible="true" version="1" changeset="134688297" timestamp="2023-04-09T13:30:46Z" user="Vonter" uid="3926189" lat="12.9373270" lon="77.6265527"/>
 <node id="10797060826" visible="true" version="1" changeset="134688297" timestamp="2023-04-09T13:30:46Z" user="Vonter" uid="3926189" lat="12.9374599" lon="77.6264383"/>
 <node id="10797060827" visible="true" version="2" changeset="145944220" timestamp="2024-01-06T04:23:25Z" user="uknown-gryphus" uid="2425805" lat="12.9374915" lon="77.6269551"/>
 <node id="10797060828" visible="true" version="2" changeset="145944220" timestamp="2024-01-06T04:23:25Z" user="uknown-gryphus" uid="2425805" lat="12.9377986" lon="77.6273812"/>
 <node id="10797060829" visible="true" version="1" changeset="134688297" timestamp="2023-04-09T13:30:46Z" user="Vonter" uid="3926189" lat="12.9383252" lon="77.6281327"/>
 <node id="10797060830" visible="true" version="1" changeset="134688297" timestamp="2023-04-09T13:30:46Z" user="Vonter" uid="3926189" lat="12.9382570" lon="77.6272863"/>
 <node id="10797060831" visible="true" version="2" changeset="145944220" timestamp="2024-01-06T04:23:25Z" user="uknown-gryphus" uid="2425805" lat="12.9379026" lon="77.6266017"/>
 <node id="10797060832" visible="true" version="1" changeset="134688297" timestamp="2023-04-09T13:30:46Z" user="Vonter" uid="3926189" lat="12.9376570" lon="77.6265138"/>
 <node id="10797060833" visible="true" version="1" changeset="134688297" timestamp="2023-04-09T13:30:46Z" user="Vonter" uid="3926189" lat="12.9381642" lon="77.6261128"/>
 <node id="10797060834" visible="true" version="1" changeset="134688297" timestamp="2023-04-09T13:30:46Z" user="Vonter" uid="3926189" lat="12.9382779" lon="77.6260512"/>
 <node id="10797060835" visible="true" version="1" changeset="134688297" timestamp="2023-04-09T13:30:46Z" user="Vonter" uid="3926189" lat="12.9388948" lon="77.6257575"/>
 <node id="10797060836" visible="true" version="1" changeset="134688297" timestamp="2023-04-09T13:30:46Z" user="Vonter" uid="3926189" lat="12.9386805" lon="77.6255040"/>
 <node id="10797060837" visible="true" version="1" changeset="134688297" timestamp="2023-04-09T13:30:46Z" user="Vonter" uid="3926189" lat="12.9375564" lon="77.6264119"/>
 <node id="10797060883" visible="true" version="1" changeset="134688297" timestamp="2023-04-09T13:30:46Z" user="Vonter" uid="3926189" lat="12.9357377" lon="77.6259652"/>
 <node id="10797060884" visible="true" version="1" changeset="134688297" timestamp="2023-04-09T13:30:46Z" user="Vonter" uid="3926189" lat="12.9360507" lon="77.6256448"/>
 <node id="10797060885" visible="true" version="1" changeset="134688297" timestamp="2023-04-09T13:30:46Z" user="Vonter" uid="3926189" lat="12.9367931" lon="77.6265380"/>
 <node id="10797060886" visible="true" version="1" changeset="134688297" timestamp="2023-04-09T13:30:46Z" user="Vonter" uid="3926189" lat="12.9366403" lon="77.6266650"/>
 <node id="10797060887" visible="true" version="1" changeset="134688297" timestamp="2023-04-09T13:30:46Z" user="Vonter" uid="3926189" lat="12.9358886" lon="77.6261517"/>
 <node id="10797060888" visible="true" version="1" changeset="134688297" timestamp="2023-04-09T13:30:46Z" user="Vonter" uid="3926189" lat="12.9360402" lon="77.6260149"/>
 <node id="10797060889" visible="true" version="1" changeset="134688297" timestamp="2023-04-09T13:30:46Z" user="Vonter" uid="3926189" lat="12.9360287" lon="77.6255211"/>
 <node id="10797060890" visible="true" version="1" changeset="134688297" timestamp="2023-04-09T13:30:46Z" user="Vonter" uid="3926189" lat="12.9356716" lon="77.6258835"/>
 <node id="10855370149" visible="true" version="4" changeset="174420000" timestamp="2025-11-09T14:33:55Z" user="Arnav Andrew Jose" uid="20160130" lat="12.9369597" lon="77.6266777">
  <tag k="bench" v="no"/>
  <tag k="bus" v="yes"/>
  <tag k="highway" v="bus_stop"/>
  <tag k="name" v="Sony World Signal"/>
  <tag k="name:en" v="Sony World Signal"/>
  <tag k="network" v="BMTC"/>
  <tag k="network:wikidata" v="Q3345039"/>
  <tag k="operator" v="BMTC"/>
  <tag k="public_transport" v="platform"/>
  <tag k="shelter" v="no"/>
 </node>
 <node id="10873245761" visible="true" version="3" changeset="145945746" timestamp="2024-01-06T06:38:52Z" user="uknown-gryphus" uid="2425805" lat="12.9410649" lon="77.6242298">
  <tag k="bus" v="yes"/>
  <tag k="name" v="Koramangala Depot"/>
  <tag k="name:en" v="Koramangala Depot"/>
  <tag k="name:kn" v="ಕೋರಮಂಗಲ ಡೀಪೋ"/>
  <tag k="network" v="BMTC"/>
  <tag k="operator" v="BMTC"/>
  <tag k="public_transport" v="stop_position"/>
 </node>
 <node id="11385580176" visible="true" version="1" changeset="144623894" timestamp="2023-11-30T12:41:49Z" user="Vonter" uid="3926189" lat="12.9373048" lon="77.6266980">
  <tag k="check_date" v="2023-11-30"/>
  <tag k="name" v="rentomojo.com"/>
  <tag k="shop" v="furniture"/>
 </node>
 <node id="11385580177" visible="true" version="1" changeset="144623894" timestamp="2023-11-30T12:41:49Z" user="Vonter" uid="3926189" lat="12.9374519" lon="77.6265817">
  <tag k="amenity" v="pharmacy"/>
  <tag k="check_date" v="2023-11-30"/>
  <tag k="healthcare" v="pharmacy"/>
  <tag k="name" v="Lavish Pharma"/>
 </node>
 <node id="11385580178" visible="true" version="1" changeset="144623894" timestamp="2023-11-30T12:41:49Z" user="Vonter" uid="3926189" lat="12.9374048" lon="77.6266273">
  <tag k="check_date" v="2023-11-30"/>
  <tag k="name" v="Satyam Office Suppliers"/>
  <tag k="shop" v="stationery"/>
 </node>
 <node id="11396013061" visible="true" version="1" changeset="144791270" timestamp="2023-12-05T12:59:54Z" user="_Ganesh_" uid="19388383" lat="12.9376704" lon="77.6269550">
  <tag k="amenity" v="pub"/>
  <tag k="name" v="Magique"/>
 </node>
 <node id="11493493801" visible="true" version="1" changeset="145944220" timestamp="2024-01-06T04:23:25Z" user="uknown-gryphus" uid="2425805" lat="12.9374673" lon="77.6269201"/>
 <node id="11493493802" visible="true" version="1" changeset="145944220" timestamp="2024-01-06T04:23:25Z" user="uknown-gryphus" uid="2425805" lat="12.9374595" lon="77.6269072"/>
 <node id="11493493803" visible="true" version="1" changeset="145944220" timestamp="2024-01-06T04:23:25Z" user="uknown-gryphus" uid="2425805" lat="12.9372060" lon="77.6272579">
  <tag k="name" v="Sapphire Toys"/>
  <tag k="shop" v="toys"/>
 </node>
 <node id="11493493804" visible="true" version="1" changeset="145944220" timestamp="2024-01-06T04:23:25Z" user="uknown-gryphus" uid="2425805" lat="12.9368916" lon="77.6275718"/>
 <node id="11493493806" visible="true" version="1" changeset="145944220" timestamp="2024-01-06T04:23:25Z" user="uknown-gryphus" uid="2425805" lat="12.9344595" lon="77.6296908"/>
 <node id="11493493810" visible="true" version="1" changeset="145944220" timestamp="2024-01-06T04:23:25Z" user="uknown-gryphus" uid="2425805" lat="12.9344996" lon="77.6296526"/>
 <node id="11493493814" visible="true" version="1" changeset="145944220" timestamp="2024-01-06T04:23:25Z" user="uknown-gryphus" uid="2425805" lat="12.9373210" lon="77.6267754"/>
 <node id="11493493815" visible="true" version="1" changeset="145944220" timestamp="2024-01-06T04:23:25Z" user="uknown-gryphus" uid="2425805" lat="12.9376296" lon="77.6265352"/>
 <node id="11493493816" visible="true" version="1" changeset="145944220" timestamp="2024-01-06T04:23:25Z" user="uknown-gryphus" uid="2425805" lat="12.9373521" lon="77.6267513"/>
 <node id="11493493817" visible="true" version="1" changeset="145944220" timestamp="2024-01-06T04:23:25Z" user="uknown-gryphus" uid="2425805" lat="12.9373571" lon="77.6267618"/>
 <node id="11493493818" visible="true" version="2" changeset="145945746" timestamp="2024-01-06T06:38:52Z" user="uknown-gryphus" uid="2425805" lat="12.9373803" lon="77.6267916">
  <tag k="crossing" v="uncontrolled"/>
  <tag k="crossing:markings" v="zebra"/>
  <tag k="highway" v="crossing"/>
 </node>
 <node id="11493493819" visible="true" version="1" changeset="145944220" timestamp="2024-01-06T04:23:25Z" user="uknown-gryphus" uid="2425805" lat="12.9374250" lon="77.6268582">
  <tag k="crossing" v="traffic_signals"/>
  <tag k="highway" v="crossing"/>
 </node>
 <node id="11493493820" visible="true" version="1" changeset="145944220" timestamp="2024-01-06T04:23:25Z" user="uknown-gryphus" uid="2425805" lat="12.9368238" lon="77.6274595"/>
 <node id="11493493821" visible="true" version="1" changeset="145944220" timestamp="2024-01-06T04:23:25Z" user="uknown-gryphus" uid="2425805" lat="12.9370299" lon="77.6273634"/>
 <node id="11493493822" visible="true" version="1" changeset="145944220" timestamp="2024-01-06T04:23:25Z" user="uknown-gryphus" uid="2425805" lat="12.9369623" lon="77.6273914"/>
 <node id="11493493823" visible="true" version="1" changeset="145944220" timestamp="2024-01-06T04:23:25Z" user="uknown-gryphus" uid="2425805" lat="12.9370215" lon="77.6275421"/>
 <node id="11493493824" visible="true" version="1" changeset="145944220" timestamp="2024-01-06T04:23:25Z" user="uknown-gryphus" uid="2425805" lat="12.9370891" lon="77.6275142"/>
 <node id="11493832659" visible="true" version="1" changeset="145945746" timestamp="2024-01-06T06:38:52Z" user="uknown-gryphus" uid="2425805" lat="12.9360904" lon="77.6281515"/>
 <node id="11493832660" visible="true" version="1" changeset="145945746" timestamp="2024-01-06T06:38:52Z" user="uknown-gryphus" uid="2425805" lat="12.9359555" lon="77.6282793"/>
 <node id="11493832661" visible="true" version="2" changeset="155934577" timestamp="2024-08-29T15:30:14Z" user="syedk" uid="19820024" lat="12.9355098" lon="77.6287432"/>
 <node id="11493832666" visible="true" version="1" changeset="145945746" timestamp="2024-01-06T06:38:52Z" user="uknown-gryphus" uid="2425805" lat="12.9368692" lon="77.6278052"/>
 <node id="11493832667" visible="true" version="1" changeset="145945746" timestamp="2024-01-06T06:38:52Z" user="uknown-gryphus" uid="2425805" lat="12.9368600" lon="77.6276067"/>
 <node id="11493832668" visible="true" version="1" changeset="145945746" timestamp="2024-01-06T06:38:52Z" user="uknown-gryphus" uid="2425805" lat="12.9368151" lon="77.6275111"/>
 <node id="11493846369" visible="true" version="1" changeset="145945746" timestamp="2024-01-06T06:38:52Z" user="uknown-gryphus" uid="2425805" lat="12.9366074" lon="77.6278249"/>
 <node id="11493846372" visible="true" version="1" changeset="145945746" timestamp="2024-01-06T06:38:52Z" user="uknown-gryphus" uid="2425805" lat="12.9365595" lon="77.6285499"/>
 <node id="11493846373" visible="true" version="1" changeset="145945746" timestamp="2024-01-06T06:38:52Z" user="uknown-gryphus" uid="2425805" lat="12.9364264" lon="77.6285691"/>
 <node id="11493846374" visible="true" version="1" changeset="145945746" timestamp="2024-01-06T06:38:52Z" user="uknown-gryphus" uid="2425805" lat="12.9363519" lon="77.6284801"/>
 <node id="11493846380" visible="true" version="1" changeset="145945746" timestamp="2024-01-06T06:38:52Z" user="uknown-gryphus" uid="2425805" lat="12.9371043" lon="77.6269508"/>
 <node id="11493846381" visible="true" version="1" changeset="145945746" timestamp="2024-01-06T06:38:52Z" user="uknown-gryphus" uid="2425805" lat="12.9364559" lon="77.6275530"/>
 <node id="11493846382" visible="true" version="1" changeset="145945746" timestamp="2024-01-06T06:38:52Z" user="uknown-gryphus" uid="2425805" lat="12.9359216" lon="77.6280500"/>
 <node id="11493846391" visible="true" version="1" changeset="145945746" timestamp="2024-01-06T06:38:52Z" user="uknown-gryphus" uid="2425805" lat="12.9393175" lon="77.6256251"/>
 <node id="11493846392" visible="true" version="1" changeset="145945746" timestamp="2024-01-06T06:38:52Z" user="uknown-gryphus" uid="2425805" lat="12.9397535" lon="77.6254157"/>
 <node id="11493846393" visible="true" version="1" changeset="145945746" timestamp="2024-01-06T06:38:52Z" user="uknown-gryphus" uid="2425805" lat="12.9398186" lon="77.6254848"/>
 <node id="11493846395" visible="true" version="1" changeset="145945746" timestamp="2024-01-06T06:38:52Z" user="uknown-gryphus" uid="2425805" lat="12.9398501" lon="77.6253654"/>
 <node id="11493846399" visible="true" version="1" changeset="145945746" timestamp="2024-01-06T06:38:52Z" user="uknown-gryphus" uid="2425805" lat="12.9400875" lon="77.6251815"/>
 <node id="11493846403" visible="true" version="1" changeset="145945746" timestamp="2024-01-06T06:38:52Z" user="uknown-gryphus" uid="2425805" lat="12.9379910" lon="77.6262611"/>
 <node id="11493846404" visible="true" version="1" changeset="145945746" timestamp="2024-01-06T06:38:52Z" user="uknown-gryphus" uid="2425805" lat="12.9381559" lon="77.6261304"/>
 <node id="11493846405" visible="true" version="1" changeset="145945746" timestamp="2024-01-06T06:38:52Z" user="uknown-gryphus" uid="2425805" lat="12.9383829" lon="77.6259906"/>
 <node id="11493846406" visible="true" version="1" changeset="145945746" timestamp="2024-01-06T06:38:52Z" user="uknown-gryphus" uid="2425805" lat="12.9388657" lon="77.6257810"/>
 <node id="11493846407" visible="true" version="1" changeset="145945746" timestamp="2024-01-06T06:38:52Z" user="uknown-gryphus" uid="2425805" lat="12.9389215" lon="77.6257572"/>
 <node id="11493846408" visible="true" version="1" changeset="145945746" timestamp="2024-01-06T06:38:52Z" user="uknown-gryphus" uid="2425805" lat="12.9389831" lon="77.6257131"/>
 <node id="11493846409" visible="true" version="1" changeset="145945746" timestamp="2024-01-06T06:38:52Z" user="uknown-gryphus" uid="2425805" lat="12.9396840" lon="77.6254224"/>
 <node id="11493846410" visible="true" version="1" changeset="145945746" timestamp="2024-01-06T06:38:52Z" user="uknown-gryphus" uid="2425805" lat="12.9398239" lon="77.6253404"/>
 <node id="11493846411" visible="true" version="1" changeset="145945746" timestamp="2024-01-06T06:38:52Z" user="uknown-gryphus" uid="2425805" lat="12.9400621" lon="77.6251530"/>
 <node id="11493846412" visible="true" version="1" changeset="145945746" timestamp="2024-01-06T06:38:52Z" user="uknown-gryphus" uid="2425805" lat="12.9404816" lon="77.6247408"/>
 <node id="11493846413" visible="true" version="1" changeset="145945746" timestamp="2024-01-06T06:38:52Z" user="uknown-gryphus" uid="2425805" lat="12.9408716" lon="77.6243652"/>
 <node id="11493846414" visible="true" version="1" changeset="145945746" timestamp="2024-01-06T06:38:52Z" user="uknown-gryphus" uid="2425805" lat="12.9411741" lon="77.6240555"/>
 <node id="11493846415" visible="true" version="1" changeset="145945746" timestamp="2024-01-06T06:38:52Z" user="uknown-gryphus" uid="2425805" lat="12.9418784" lon="77.6233146"/>
 <node id="11493846416" visible="true" version="1" changeset="145945746" timestamp="2024-01-06T06:38:52Z" user="uknown-gryphus" uid="2425805" lat="12.9423937" lon="77.6227687"/>
 <node id="11494201369" visible="true" version="1" changeset="145952058" timestamp="2024-01-06T10:58:31Z" user="uknown-gryphus" uid="2425805" lat="12.9345820" lon="77.6296589"/>
 <node id="11494201388" visible="true" version="1" changeset="145952058" timestamp="2024-01-06T10:58:31Z" user="uknown-gryphus" uid="2425805" lat="12.9351407" lon="77.6290883">
  <tag k="highway" v="crossing"/>
 </node>
 <node id="11494201389" visible="true" version="1" changeset="145952058" timestamp="2024-01-06T10:58:31Z" user="uknown-gryphus" uid="2425805" lat="12.9354076" lon="77.6288158">
  <tag k="highway" v="crossing"/>
 </node>
 <node id="11494201392" visible="true" version="1" changeset="145952058" timestamp="2024-01-06T10:58:31Z" user="uknown-gryphus" uid="2425805" lat="12.9348255" lon="77.6294154">
  <tag k="highway" v="crossing"/>
 </node>
 <node id="11505691628" visible="true" version="1" changeset="146101792" timestamp="2024-01-10T12:12:03Z" user="Vonter" uid="3926189" lat="12.9368880" lon="77.6270479">
  <tag k="check_date" v="2024-01-10"/>
  <tag k="name" v="Lighting Emporio"/>
  <tag k="shop" v="lighting"/>
 </node>
 <node id="11505691629" visible="true" version="1" changeset="146101792" timestamp="2024-01-10T12:12:03Z" user="Vonter" uid="3926189" lat="12.9372703" lon="77.6266577">
  <tag k="check_date" v="2024-01-10"/>
  <tag k="name" v="GIVA"/>
  <tag k="shop" v="jewelry"/>
 </node>
 <node id="11505691630" visible="true" version="1" changeset="146101792" timestamp="2024-01-10T12:12:03Z" user="Vonter" uid="3926189" lat="12.9371154" lon="77.6269289">
  <tag k="camera:direction" v="234"/>
  <tag k="camera:mount" v="pole"/>
  <tag k="camera:type" v="fixed"/>
  <tag k="man_made" v="surveillance"/>
  <tag k="surveillance" v="public"/>
  <tag k="surveillance:type" v="camera"/>
 </node>
 <node id="11684016165" visible="true" version="1" changeset="148122649" timestamp="2024-03-02T09:07:58Z" user="ph4ni" uid="20599849" lat="12.9368734" lon="77.6275483">
  <tag k="check_date" v="2024-03-02"/>
  <tag k="name" v="GKB Opticals"/>
  <tag k="shop" v="optician"/>
 </node>
 <node id="11684016167" visible="true" version="1" changeset="148122649" timestamp="2024-03-02T09:07:58Z" user="ph4ni" uid="20599849" lat="12.9369935" lon="77.6273987">
  <tag k="check_date" v="2024-03-02"/>
  <tag k="name" v="iworld"/>
  <tag k="shop" v="electronics"/>
 </node>
 <node id="11892969975" visible="true" version="1" changeset="151128920" timestamp="2024-05-10T06:39:44Z" user="sakeebhussain" uid="19368709" lat="12.9348493" lon="77.6293229"/>
 <node id="11892969976" visible="true" version="1" changeset="151128920" timestamp="2024-05-10T06:39:44Z" user="sakeebhussain" uid="19368709" lat="12.9347948" lon="77.6292645"/>
 <node id="12042360751" visible="true" version="1" changeset="153718559" timestamp="2024-07-08T19:40:37Z" user="Vonter" uid="3926189" lat="12.9305908" lon="77.6144168"/>
 <node id="12042360752" visible="true" version="1" changeset="153718559" timestamp="2024-07-08T19:40:37Z" user="Vonter" uid="3926189" lat="12.9306300" lon="77.6148600"/>
 <node id="12042360753" visible="true" version="1" changeset="153718559" timestamp="2024-07-08T19:40:37Z" user="Vonter" uid="3926189" lat="12.9302400" lon="77.6166900"/>
 <node id="12042360754" visible="true" version="1" changeset="153718559" timestamp="2024-07-08T19:40:37Z" user="Vonter" uid="3926189" lat="12.9304300" lon="77.6168000"/>
 <node id="12042360755" visible="true" version="1" changeset="153718559" timestamp="2024-07-08T19:40:37Z" user="Vonter" uid="3926189" lat="12.9315600" lon="77.6170600"/>
 <node id="12042360756" visible="true" version="1" changeset="153718559" timestamp="2024-07-08T19:40:37Z" user="Vonter" uid="3926189" lat="12.9315900" lon="77.6171900"/>
 <node id="12042360757" visible="true" version="1" changeset="153718559" timestamp="2024-07-08T19:40:37Z" user="Vonter" uid="3926189" lat="12.9312500" lon="77.6184200"/>
 <node id="12042360758" visible="true" version="1" changeset="153718559" timestamp="2024-07-08T19:40:37Z" user="Vonter" uid="3926189" lat="12.9312800" lon="77.6185900"/>
 <node id="12042360759" visible="true" version="1" changeset="153718559" timestamp="2024-07-08T19:40:37Z" user="Vonter" uid="3926189" lat="12.9313500" lon="77.6186900"/>
 <node id="12042360760" visible="true" version="1" changeset="153718559" timestamp="2024-07-08T19:40:37Z" user="Vonter" uid="3926189" lat="12.9322200" lon="77.6191500"/>
 <node id="12042360761" visible="true" version="1" changeset="153718559" timestamp="2024-07-08T19:40:37Z" user="Vonter" uid="3926189" lat="12.9326900" lon="77.6196600"/>
 <node id="12042360762" visible="true" version="1" changeset="153718559" timestamp="2024-07-08T19:40:37Z" user="Vonter" uid="3926189" lat="12.9326800" lon="77.6204100"/>
 <node id="12042360763" visible="true" version="1" changeset="153718559" timestamp="2024-07-08T19:40:37Z" user="Vonter" uid="3926189" lat="12.9328400" lon="77.6227300"/>
 <node id="12042360764" visible="true" version="1" changeset="153718559" timestamp="2024-07-08T19:40:37Z" user="Vonter" uid="3926189" lat="12.9327185" lon="77.6230362"/>
 <node id="12042360765" visible="true" version="1" changeset="153718559" timestamp="2024-07-08T19:40:37Z" user="Vonter" uid="3926189" lat="12.9341436" lon="77.6236611"/>
 <node id="12042360766" visible="true" version="1" changeset="153718559" timestamp="2024-07-08T19:40:37Z" user="Vonter" uid="3926189" lat="12.9349241" lon="77.6241414"/>
 <node id="12042360767" visible="true" version="1" changeset="153718559" timestamp="2024-07-08T19:40:37Z" user="Vonter" uid="3926189" lat="12.9372412" lon="77.6269642"/>
 <node id="12042360768" visible="true" version="1" changeset="153718559" timestamp="2024-07-08T19:40:37Z" user="Vonter" uid="3926189" lat="12.9352541" lon="77.6288274"/>
 <node id="12042360769" visible="true" version="1" changeset="153718559" timestamp="2024-07-08T19:40:37Z" user="Vonter" uid="3926189" lat="12.9322063" lon="77.6319077"/>
 <node id="12042360770" visible="true" version="1" changeset="153718559" timestamp="2024-07-08T19:40:37Z" user="Vonter" uid="3926189" lat="12.9331848" lon="77.6324656"/>
 <node id="12042360771" visible="true" version="1" changeset="153718559" timestamp="2024-07-08T19:40:37Z" user="Vonter" uid="3926189" lat="12.9321649" lon="77.6334978"/>
 <node id="12042360772" visible="true" version="1" changeset="153718559" timestamp="2024-07-08T19:40:37Z" user="Vonter" uid="3926189" lat="12.9332148" lon="77.6336700"/>
 <node id="12042360773" visible="true" version="1" changeset="153718559" timestamp="2024-07-08T19:40:37Z" user="Vonter" uid="3926189" lat="12.9337045" lon="77.6338863"/>
 <node id="12042360774" visible="true" version="1" changeset="153718559" timestamp="2024-07-08T19:40:37Z" user="Vonter" uid="3926189" lat="12.9345330" lon="77.6344182"/>
 <node id="12042360775" visible="true" version="1" changeset="153718559" timestamp="2024-07-08T19:40:37Z" user="Vonter" uid="3926189" lat="12.9347797" lon="77.6347898"/>
 <node id="12042360776" visible="true" version="1" changeset="153718559" timestamp="2024-07-08T19:40:37Z" user="Vonter" uid="3926189" lat="12.9349312" lon="77.6355933"/>
 <node id="12042360777" visible="true" version="1" changeset="153718559" timestamp="2024-07-08T19:40:37Z" user="Vonter" uid="3926189" lat="12.9314245" lon="77.6387033"/>
 <node id="12042360778" visible="true" version="1" changeset="153718559" timestamp="2024-07-08T19:40:37Z" user="Vonter" uid="3926189" lat="12.9301829" lon="77.6383962"/>
 <node id="12042360779" visible="true" version="1" changeset="153718559" timestamp="2024-07-08T19:40:37Z" user="Vonter" uid="3926189" lat="12.9301678" lon="77.6385570"/>
 <node id="12042360780" visible="true" version="1" changeset="153718559" timestamp="2024-07-08T19:40:37Z" user="Vonter" uid="3926189" lat="12.9292146" lon="77.6401970"/>
 <node id="12042360781" visible="true" version="1" changeset="153718559" timestamp="2024-07-08T19:40:37Z" user="Vonter" uid="3926189" lat="12.9290306" lon="77.6410383"/>
 <node id="12042360782" visible="true" version="1" changeset="153718559" timestamp="2024-07-08T19:40:37Z" user="Vonter" uid="3926189" lat="12.9290714" lon="77.6418816"/>
 <node id="12042360783" visible="true" version="1" changeset="153718559" timestamp="2024-07-08T19:40:37Z" user="Vonter" uid="3926189" lat="12.9288392" lon="77.6419672"/>
 <node id="12042360784" visible="true" version="1" changeset="153718559" timestamp="2024-07-08T19:40:37Z" user="Vonter" uid="3926189" lat="12.9278241" lon="77.6417847"/>
 <node id="12042360785" visible="true" version="1" changeset="153718559" timestamp="2024-07-08T19:40:37Z" user="Vonter" uid="3926189" lat="12.9273900" lon="77.6420000"/>
 <node id="12069211426" visible="true" version="1" changeset="154287450" timestamp="2024-07-23T04:26:53Z" user="uknown-gryphus" uid="2425805" lat="12.9424091" lon="77.6227396"/>
 <node id="12069211434" visible="true" version="1" changeset="154287450" timestamp="2024-07-23T04:26:53Z" user="uknown-gryphus" uid="2425805" lat="12.9424836" lon="77.6229323"/>
 <node id="12165241793" visible="true" version="1" changeset="156387800" timestamp="2024-09-09T10:33:34Z" user="NaanAvanIllai" uid="14062769" lat="12.9332818" lon="77.6233214"/>
 <node id="12183377233" visible="true" version="1" changeset="156756860" timestamp="2024-09-18T06:23:41Z" user="neharikas" uid="18812446" lat="12.9377125" lon="77.6273459"/>
 <node id="12183377234" visible="true" version="1" changeset="156756860" timestamp="2024-09-18T06:23:41Z" user="neharikas" uid="18812446" lat="12.9377192" lon="77.6272341"/>
 <node id="12183377235" visible="true" version="1" changeset="156756860" timestamp="2024-09-18T06:23:41Z" user="neharikas" uid="18812446" lat="12.9376838" lon="77.6271448"/>
 <node id="12183377236" visible="true" version="1" changeset="156756860" timestamp="2024-09-18T06:23:41Z" user="neharikas" uid="18812446" lat="12.9376217" lon="77.6270801"/>
 <node id="12183377237" visible="true" version="1" changeset="156756860" timestamp="2024-09-18T06:23:41Z" user="neharikas" uid="18812446" lat="12.9374592" lon="77.6270840"/>
 <node id="12183377238" visible="true" version="1" changeset="156756860" timestamp="2024-09-18T06:23:41Z" user="neharikas" uid="18812446" lat="12.9377227" lon="77.6273017">
  <tag k="access" v="private"/>
  <tag k="barrier" v="gate"/>
 </node>
 <node id="12183377239" visible="true" version="1" changeset="156756860" timestamp="2024-09-18T06:23:41Z" user="neharikas" uid="18812446" lat="12.9375475" lon="77.6270609">
  <tag k="access" v="private"/>
  <tag k="barrier" v="gate"/>
 </node>
 <node id="12183377240" visible="true" version="1" changeset="156756860" timestamp="2024-09-18T06:23:41Z" user="neharikas" uid="18812446" lat="12.9376628" lon="77.6267928"/>
 <node id="12183377241" visible="true" version="1" changeset="156756860" timestamp="2024-09-18T06:23:41Z" user="neharikas" uid="18812446" lat="12.9375185" lon="77.6269124"/>
 <node id="12183377242" visible="true" version="1" changeset="156756860" timestamp="2024-09-18T06:23:41Z" user="neharikas" uid="18812446" lat="12.9375261" lon="77.6269556"/>
 <node id="12183383565" visible="true" version="1" changeset="156756754" timestamp="2024-09-18T06:21:03Z" user="neharikas" uid="18812446" lat="12.9377149" lon="77.6267489">
  <tag k="access" v="private"/>
  <tag k="barrier" v="gate"/>
 </node>
 <node id="12186075869" visible="true" version="1" changeset="156817551" timestamp="2024-09-19T12:21:19Z" user="akshayola" uid="19294215" lat="12.9375820" lon="77.6274918">
  <tag k="access" v="private"/>
  <tag k="barrier" v="lift_gate"/>
 </node>
 <node id="12186075870" visible="true" version="1" changeset="156817551" timestamp="2024-09-19T12:21:19Z" user="akshayola" uid="19294215" lat="12.9380358" lon="77.6283203">
  <tag k="access" v="private"/>
  <tag k="barrier" v="lift_gate"/>
 </node>
 <node id="12328471500" visible="true" version="1" changeset="158964258" timestamp="2024-11-10T11:45:58Z" user="Vonter" uid="3926189" lat="12.9369729" lon="77.6266664">
  <tag k="bus" v="yes"/>
  <tag k="name" v="Sony World Signal"/>
  <tag k="name:en" v="Sony World Signal"/>
  <tag k="network" v="BMTC"/>
  <tag k="operator" v="BMTC"/>
  <tag k="public_transport" v="stop_position"/>
 </node>
 <node id="12621966843" visible="true" version="2" changeset="176154575" timestamp="2025-12-19T19:41:31Z" user="indigomc" uid="136860" lat="12.9375016" lon="77.6266111">
  <tag k="bus" v="yes"/>
  <tag k="highway" v="bus_stop"/>
  <tag k="name" v="Sony World Signal"/>
  <tag k="name:kn" v="ಸೋನಿ ವರ್ಲ್ಡ್ ಸಿಗ್ನಲ್"/>
  <tag k="network" v="BMTC"/>
  <tag k="network:wikidata" v="Q3345039"/>
  <tag k="operator" v="BMTC"/>
  <tag k="public_transport" v="platform"/>
 </node>
 <node id="12740817760" visible="true" version="1" changeset="164707775" timestamp="2025-04-09T06:32:52Z" user="ompatekar" uid="16275581" lat="12.9372429" lon="77.6268259"/>
 <node id="12740817761" visible="true" version="1" changeset="164707775" timestamp="2025-04-09T06:32:52Z" user="ompatekar" uid="16275581" lat="12.9371937" lon="77.6270563"/>
 <node id="13366350277" visible="true" version="1" changeset="175744852" timestamp="2025-12-10T07:13:36Z" user="jyotikatke" uid="19620700" lat="12.9336915" lon="77.6303457"/>
 <node id="13366350286" visible="true" version="1" changeset="175744852" timestamp="2025-12-10T07:13:36Z" user="jyotikatke" uid="19620700" lat="12.9336336" lon="77.6304016"/>
 <node id="13503228627" visible="true" version="1" changeset="177749801" timestamp="2026-01-27T06:52:45Z" user="uknown-gryphus" uid="2425805" lat="12.9345513" lon="77.6296887">
  <tag k="barrier" v="kerb"/>
 </node>
 <node id="13503228636" visible="true" version="1" changeset="177749801" timestamp="2026-01-27T06:52:45Z" user="uknown-gryphus" uid="2425805" lat="12.9343610" lon="77.6297972">
  <tag k="highway" v="crossing"/>
 </node>
 <node id="13503228637" visible="true" version="1" changeset="177749801" timestamp="2026-01-27T06:52:45Z" user="uknown-gryphus" uid="2425805" lat="12.9343073" lon="77.6297354">
  <tag k="highway" v="crossing"/>
 </node>
 <node id="13503228641" visible="true" version="1" changeset="177749801" timestamp="2026-01-27T06:52:45Z" user="uknown-gryphus" uid="2425805" lat="12.9345660" lon="77.6296744"/>
 <node id="13503228642" visible="true" version="1" changeset="177749801" timestamp="2026-01-27T06:52:45Z" user="uknown-gryphus" uid="2425805" lat="12.9345211" lon="77.6296308">
  <tag k="highway" v="crossing"/>
 </node>
 <node id="13503228643" visible="true" version="1" changeset="177749801" timestamp="2026-01-27T06:52:45Z" user="uknown-gryphus" uid="2425805" lat="12.9344684" lon="77.6295795">
  <tag k="highway" v="crossing"/>
 </node>
 <way id="24238080" visible="true" version="52" changeset="156756860" timestamp="2024-09-18T06:23:41Z" user="neharikas" uid="18812446">
  <nd ref="6017833816"/>
  <nd ref="10068956724"/>
  <nd ref="12183377237"/>
  <nd ref="7262972977"/>
  <nd ref="1762201161"/>
  <nd ref="7262972936"/>
  <nd ref="7262972976"/>
  <nd ref="2185743425"/>
  <nd ref="2192012631"/>
  <tag k="alt_name" v="Koramangala Ring Road"/>
  <tag k="bicycle" v="yes"/>
  <tag k="foot" v="yes"/>
  <tag k="full_name" v="Koramangala Inner Ring Road"/>
  <tag k="highway" v="primary"/>
  <tag k="lanes" v="2"/>
  <tag k="name" v="Inner Ring Road"/>
  <tag k="name:kn" v="ಒಳ ವರ್ತುಲ ರಸ್ತೆ"/>
  <tag k="old_name" v="Indiranagar Koramangala Ring Road"/>
  <tag k="oneway" v="yes"/>
  <tag k="start_date" v="2000"/>
  <tag k="surface" v="asphalt"/>
  <tag k="year_of_construction" v="1997..2000"/>
 </way>
 <way id="27777244" visible="true" version="48" changeset="158964258" timestamp="2024-11-10T11:45:58Z" user="Vonter" uid="3926189">
  <nd ref="9797919703"/>
  <nd ref="12328471500"/>
  <nd ref="305091854"/>
  <nd ref="305091963"/>
  <tag k="alt_name" v="100 Feet Road"/>
  <tag k="highway" v="primary"/>
  <tag k="lanes" v="2"/>
  <tag k="loc_name" v="17th Main Road"/>
  <tag k="name" v="Mahayogi Vemana Road"/>
  <tag k="name:etymology:wikidata" v="Q7919473"/>
  <tag k="name:kn" v="ಮಹಾಯೋಗಿ ವೇಮನ ರಸ್ತೆ"/>
  <tag k="oneway" v="yes"/>
  <tag k="surface" v="asphalt"/>
 </way>
 <way id="27785772" visible="true" version="7" changeset="117179289" timestamp="2022-02-08T22:32:44Z" user="Yamílo" uid="11332999">
  <nd ref="305091854"/>
  <nd ref="305091860"/>
  <nd ref="309592656"/>
  <nd ref="309592657"/>
  <nd ref="305091861"/>
  <tag k="highway" v="residential"/>
  <tag k="name" v="5th Cross Road"/>
  <tag k="name:kn" v="೫ನೇ ಅಡ್ಡ ರಸ್ತೆ"/>
  <tag k="name:ur" v="5 ویں کراس روڈ"/>
  <tag k="surface" v="asphalt"/>
 </way>
 <way id="28186788" visible="true" version="20" changeset="145944220" timestamp="2024-01-06T04:23:25Z" user="uknown-gryphus" uid="2425805">
  <nd ref="309593063"/>
  <nd ref="3684965836"/>
  <nd ref="363189765"/>
  <nd ref="363189766"/>
  <nd ref="363191422"/>
  <nd ref="11493493815"/>
  <nd ref="3740957803"/>
  <tag k="highway" v="residential"/>
  <tag k="name" v="17th A Main Road"/>
  <tag k="name:kn" v="೧೭ನೇ ಎ ಮುಖ್ಯರಸ್ತೆ"/>
 </way>
 <way id="111996869" visible="true" version="5" changeset="60845476" timestamp="2018-07-18T18:02:11Z" user="Rahul Ghose" uid="8568370">
  <nd ref="1274328890"/>
  <nd ref="1274328867"/>
  <nd ref="1274328913"/>
  <nd ref="1274328908"/>
  <nd ref="1274328920"/>
  <nd ref="1274328876"/>
  <nd ref="2449073269"/>
  <nd ref="1274328859"/>
  <nd ref="1274328860"/>
  <nd ref="1274328893"/>
  <nd ref="1274328890"/>
  <tag k="alt_name" v="Salarpuria Oasis"/>
  <tag k="building" v="yes"/>
  <tag k="name" v="Oasis Centre"/>
  <tag k="shop" v="mall"/>
 </way>
 <way id="133903616" visible="true" version="49" changeset="177749801" timestamp="2026-01-27T06:52:45Z" user="uknown-gryphus" uid="2425805">
  <nd ref="12740817761"/>
  <nd ref="303931703"/>
  <nd ref="7263010439"/>
  <nd ref="7263010437"/>
  <nd ref="5586382485"/>
  <nd ref="1761893926"/>
  <nd ref="305091899"/>
  <nd ref="260729389"/>
  <nd ref="11892969975"/>
  <nd ref="1761893917"/>
  <nd ref="3801688126"/>
  <nd ref="13503228642"/>
  <nd ref="11493493810"/>
  <nd ref="11493493806"/>
  <nd ref="13503228636"/>
  <nd ref="5993280675"/>
  <nd ref="443224579"/>
  <nd ref="7200329607"/>
  <nd ref="260729388"/>
  <nd ref="305092414"/>
  <nd ref="260729387"/>
  <nd ref="260729386"/>
  <nd ref="7263010425"/>
  <nd ref="3801690194"/>
  <nd ref="3452278572"/>
  <nd ref="305092030"/>
  <nd ref="260729385"/>
  <tag k="alt_name" v="Srinivagilu Main Road"/>
  <tag k="highway" v="secondary"/>
  <tag k="lanes" v="2"/>
  <tag k="name" v="80 Feet Road"/>
  <tag k="name:kn" v="೮೦ ಅಡಿ ರಸ್ತೆ"/>
  <tag k="note" v="Whitetopping work ongoing"/>
  <tag k="oneway" v="yes"/>
  <tag k="sidewalk" v="separate"/>
  <tag k="surface" v="concrete"/>
 </way>
 <way id="164570819" visible="true" version="3" changeset="34853049" timestamp="2015-10-25T05:11:42Z" user="Nagesh_Blr" uid="1765920">
  <nd ref="1761893970"/>
  <nd ref="1761893969"/>
  <nd ref="1761893972"/>
  <nd ref="1761893977"/>
  <nd ref="1761893975"/>
  <nd ref="1761893971"/>
  <nd ref="1761893970"/>
  <tag k="building" v="commercial"/>
  <tag k="note" v="The Brew House"/>
 </way>
 <way id="164603666" visible="true" version="4" changeset="148122649" timestamp="2024-03-02T09:07:58Z" user="ph4ni" uid="20599849">
  <nd ref="1762201153"/>
  <nd ref="1762201150"/>
  <nd ref="1762201152"/>
  <nd ref="1762201156"/>
  <nd ref="1762201153"/>
  <tag k="building" v="commercial"/>
  <tag k="building:levels" v="5"/>
 </way>
 <way id="164603667" visible="true" version="9" changeset="156817551" timestamp="2024-09-19T12:21:19Z" user="akshayola" uid="19294215">
  <nd ref="1762201159"/>
  <nd ref="12186075869"/>
  <nd ref="1762201158"/>
  <nd ref="7265632167"/>
  <nd ref="7265632164"/>
  <nd ref="7265632166"/>
  <nd ref="7265632165"/>
  <nd ref="1762201157"/>
  <nd ref="7265632161"/>
  <nd ref="1762201155"/>
  <nd ref="7265632163"/>
  <nd ref="7265632162"/>
  <nd ref="7265632160"/>
  <nd ref="7265632159"/>
  <nd ref="7265632158"/>
  <nd ref="1274328907"/>
  <nd ref="7265632157"/>
  <nd ref="7265632156"/>
  <nd ref="7265632155"/>
  <nd ref="1274328871"/>
  <nd ref="7265632154"/>
  <nd ref="7265632153"/>
  <nd ref="1274328865"/>
  <nd ref="7151190896"/>
  <nd ref="12186075870"/>
  <nd ref="1274328901"/>
  <tag k="access" v="private"/>
  <tag k="highway" v="service"/>
  <tag k="maxspeed" v="20"/>
  <tag k="oneway" v="yes"/>
  <tag k="sidewalk" v="no"/>
  <tag k="surface" v="asphalt"/>
 </way>
 <way id="208944726" visible="true" version="13" changeset="155490423" timestamp="2024-08-20T05:40:37Z" user="Vonter" uid="3926189">
  <nd ref="2192012625"/>
  <nd ref="2449073267"/>
  <nd ref="1274328901"/>
  <nd ref="2185743424"/>
  <nd ref="158692660"/>
  <nd ref="2185743423"/>
  <nd ref="1762201159"/>
  <nd ref="7262972937"/>
  <nd ref="260729391"/>
  <nd ref="10068956725"/>
  <nd ref="6017833813"/>
  <tag k="alt_name" v="Koramangala Ring Road"/>
  <tag k="full_name" v="Koramangala Inner Ring Road"/>
  <tag k="highway" v="primary"/>
  <tag k="lanes" v="2"/>
  <tag k="name" v="Inner Ring Road"/>
  <tag k="name:kn" v="ಒಳ ವರ್ತುಲ ರಸ್ತೆ"/>
  <tag k="old_name" v="Indiranagar Koramangala Ring Road"/>
  <tag k="oneway" v="yes"/>
  <tag k="start_date" v="2000"/>
  <tag k="surface" v="asphalt"/>
  <tag k="year_of_construction" v="1997..2000"/>
 </way>
 <way id="236947469" visible="true" version="5" changeset="145944220" timestamp="2024-01-06T04:23:25Z" user="uknown-gryphus" uid="2425805">
  <nd ref="2449072128"/>
  <nd ref="1274328885"/>
  <nd ref="3558446077"/>
  <nd ref="3801692789"/>
  <nd ref="5993280672"/>
  <nd ref="2449072128"/>
  <tag k="landuse" v="commercial"/>
  <tag k="name" v="RMZ Gateway"/>
 </way>
 <way id="236947595" visible="true" version="5" changeset="145944220" timestamp="2024-01-06T04:23:25Z" user="uknown-gryphus" uid="2425805">
  <nd ref="2449073268"/>
  <nd ref="3558446078"/>
  <nd ref="3558446082"/>
  <nd ref="1762201160"/>
  <nd ref="3558446085"/>
  <nd ref="3558446081"/>
  <nd ref="3558446079"/>
  <nd ref="3558446077"/>
  <nd ref="1274328885"/>
  <nd ref="2449072128"/>
  <nd ref="2449073268"/>
  <tag k="landuse" v="retail"/>
 </way>
 <way id="345860221" visible="true" version="1" changeset="31246771" timestamp="2015-05-18T07:21:00Z" user="praveeng" uid="2900362">
  <nd ref="3524982017"/>
  <nd ref="3524981292"/>
  <nd ref="3524981267"/>
  <nd ref="3524981690"/>
  <nd ref="3524982017"/>
  <tag k="building" v="yes"/>
 </way>
 <way id="345860737" visible="true" version="1" changeset="31246771" timestamp="2015-05-18T07:21:13Z" user="praveeng" uid="2900362">
  <nd ref="3524981250"/>
  <nd ref="3524980877"/>
  <nd ref="3524980830"/>
  <nd ref="3524981202"/>
  <nd ref="3524981250"/>
  <tag k="building" v="yes"/>
 </way>
 <way id="345861307" visible="true" version="1" changeset="31246771" timestamp="2015-05-18T07:21:24Z" user="praveeng" uid="2900362">
  <nd ref="3524982077"/>
  <nd ref="3524982025"/>
  <nd ref="3524981995"/>
  <nd ref="3524982050"/>
  <nd ref="3524982077"/>
  <tag k="building" v="yes"/>
 </way>
 <way id="345895158" visible="true" version="1" changeset="31248582" timestamp="2015-05-18T08:54:32Z" user="praveeng" uid="2900362">
  <nd ref="3525177041"/>
  <nd ref="3525177039"/>
  <nd ref="3525177036"/>
  <nd ref="3525177037"/>
  <nd ref="3525177041"/>
  <tag k="building" v="yes"/>
 </way>
 <way id="345895322" visible="true" version="1" changeset="31248582" timestamp="2015-05-18T08:54:40Z" user="praveeng" uid="2900362">
  <nd ref="3525177057"/>
  <nd ref="3525177047"/>
  <nd ref="3525177038"/>
  <nd ref="3525177044"/>
  <nd ref="3525177057"/>
  <tag k="building" v="yes"/>
 </way>
 <way id="347236025" visible="true" version="1" changeset="31369705" timestamp="2015-05-22T12:11:22Z" user="masthanvali" uid="2907853">
  <nd ref="3535946537"/>
  <nd ref="3535946505"/>
  <nd ref="3535946504"/>
  <nd ref="3535946535"/>
  <nd ref="3535946537"/>
  <tag k="building" v="yes"/>
 </way>
 <way id="347236027" visible="true" version="4" changeset="144623894" timestamp="2023-11-30T12:41:49Z" user="Vonter" uid="3926189">
  <nd ref="3535946496"/>
  <nd ref="3535945980"/>
  <nd ref="3535945940"/>
  <nd ref="3535945973"/>
  <nd ref="3535946496"/>
  <tag k="branch" v="Koramangala"/>
  <tag k="brand" v="Sony"/>
  <tag k="brand:wikidata" v="Q41187"/>
  <tag k="building" v="yes"/>
  <tag k="building:levels" v="3"/>
  <tag k="check_date" v="2023-11-30"/>
  <tag k="name" v="Philips Hue"/>
  <tag k="shop" v="electronics"/>
 </way>
 <way id="347236079" visible="true" version="1" changeset="31369705" timestamp="2015-05-22T12:11:23Z" user="masthanvali" uid="2907853">
  <nd ref="3535945978"/>
  <nd ref="3535945981"/>
  <nd ref="3535945951"/>
  <nd ref="3535945949"/>
  <nd ref="3535945978"/>
  <tag k="building" v="yes"/>
 </way>
 <way id="347236339" visible="true" version="2" changeset="126900566" timestamp="2022-10-02T16:14:16Z" user="uknown-gryphus" uid="2425805">
  <nd ref="3535945974"/>
  <nd ref="3535945955"/>
  <nd ref="3535945908"/>
  <nd ref="3535945932"/>
  <nd ref="3535945974"/>
  <tag k="addr:city" v="Bengaluru"/>
  <tag k="addr:housenumber" v="607"/>
  <tag k="addr:postcode" v="560034"/>
  <tag k="building" v="retail"/>
  <tag k="name" v="Asha Plaza"/>
 </way>
 <way id="347236540" visible="true" version="2" changeset="148122649" timestamp="2024-03-02T09:07:58Z" user="ph4ni" uid="20599849">
  <nd ref="3535946522"/>
  <nd ref="3535946493"/>
  <nd ref="3535945984"/>
  <nd ref="3535946513"/>
  <nd ref="3535946522"/>
  <tag k="building" v="yes"/>
  <tag k="building:levels" v="5"/>
 </way>
 <way id="347236746" visible="true" version="1" changeset="31369705" timestamp="2015-05-22T12:11:36Z" user="masthanvali" uid="2907853">
  <nd ref="3535945975"/>
  <nd ref="3535945977"/>
  <nd ref="3535945943"/>
  <nd ref="3535945938"/>
  <nd ref="3535945975"/>
  <tag k="building" v="yes"/>
 </way>
 <way id="347237384" visible="true" version="1" changeset="31369705" timestamp="2015-05-22T12:11:51Z" user="masthanvali" uid="2907853">
  <nd ref="3535946517"/>
  <nd ref="3535946498"/>
  <nd ref="3535946497"/>
  <nd ref="3535946516"/>
  <nd ref="3535946517"/>
  <tag k="building" v="yes"/>
 </way>
 <way id="347237506" visible="true" version="1" changeset="31369705" timestamp="2015-05-22T12:11:59Z" user="masthanvali" uid="2907853">
  <nd ref="3535945968"/>
  <nd ref="3535945937"/>
  <nd ref="3535945906"/>
  <nd ref="3535945928"/>
  <nd ref="3535945968"/>
  <tag k="building" v="yes"/>
 </way>
 <way id="347237701" visible="true" version="1" changeset="31369705" timestamp="2015-05-22T12:12:11Z" user="masthanvali" uid="2907853">
  <nd ref="3535946528"/>
  <nd ref="3535946495"/>
  <nd ref="3535946494"/>
  <nd ref="3535946526"/>
  <nd ref="3535946528"/>
  <tag k="building" v="yes"/>
 </way>
 <way id="347237737" visible="true" version="1" changeset="31369705" timestamp="2015-05-22T12:12:13Z" user="masthanvali" uid="2907853">
  <nd ref="3535946533"/>
  <nd ref="3535946500"/>
  <nd ref="3535946499"/>
  <nd ref="3535946531"/>
  <nd ref="3535946533"/>
  <tag k="building" v="yes"/>
 </way>
 <way id="347237791" visible="true" version="1" changeset="31369705" timestamp="2015-05-22T12:12:16Z" user="masthanvali" uid="2907853">
  <nd ref="3535945976"/>
  <nd ref="3535945979"/>
  <nd ref="3535945963"/>
  <nd ref="3535945959"/>
  <nd ref="3535945976"/>
  <tag k="building" v="yes"/>
 </way>
 <way id="347237792" visible="true" version="1" changeset="31369705" timestamp="2015-05-22T12:12:16Z" user="masthanvali" uid="2907853">
  <nd ref="3535946525"/>
  <nd ref="3535946521"/>
  <nd ref="3535946520"/>
  <nd ref="3535946523"/>
  <nd ref="3535946525"/>
  <tag k="building" v="yes"/>
 </way>
 <way id="348493889" visible="true" version="1" changeset="31463723" timestamp="2015-05-26T06:35:44Z" user="anthony1" uid="2901758">
  <nd ref="3546187860"/>
  <nd ref="3546187863"/>
  <nd ref="3546187859"/>
  <nd ref="3546187857"/>
  <nd ref="3546187860"/>
  <tag k="building" v="yes"/>
 </way>
 <way id="348493899" visible="true" version="1" changeset="31463723" timestamp="2015-05-26T06:35:45Z" user="anthony1" uid="2901758">
  <nd ref="3546187872"/>
  <nd ref="3546187875"/>
  <nd ref="3546187870"/>
  <nd ref="3546187867"/>
  <nd ref="3546187872"/>
  <tag k="building" v="yes"/>
 </way>
 <way id="348493906" visible="true" version="1" changeset="31463723" timestamp="2015-05-26T06:35:45Z" user="anthony1" uid="2901758">
  <nd ref="3546187877"/>
  <nd ref="3546187873"/>
  <nd ref="3546187871"/>
  <nd ref="3546187876"/>
  <nd ref="3546187877"/>
  <tag k="building" v="yes"/>
 </way>
 <way id="348493917" visible="true" version="1" changeset="31463723" timestamp="2015-05-26T06:35:45Z" user="anthony1" uid="2901758">
  <nd ref="3546187865"/>
  <nd ref="3546187868"/>
  <nd ref="3546187861"/>
  <nd ref="3546187858"/>
  <nd ref="3546187865"/>
  <tag k="building" v="yes"/>
 </way>
 <way id="370390351" visible="true" version="47" changeset="177749801" timestamp="2026-01-27T06:52:45Z" user="uknown-gryphus" uid="2425805">
  <nd ref="3801688116"/>
  <nd ref="3801692771"/>
  <nd ref="3801688118"/>
  <nd ref="3801692775"/>
  <nd ref="3801692776"/>
  <nd ref="3801688120"/>
  <nd ref="3801692779"/>
  <nd ref="3801688122"/>
  <nd ref="13366350286"/>
  <nd ref="3801692781"/>
  <nd ref="13366350277"/>
  <nd ref="3801688124"/>
  <nd ref="3801688125"/>
  <nd ref="13503228637"/>
  <nd ref="3801700762"/>
  <nd ref="13503228643"/>
  <nd ref="7263010435"/>
  <nd ref="11892969976"/>
  <nd ref="3801692785"/>
  <nd ref="3801692786"/>
  <nd ref="3801688127"/>
  <nd ref="3801692787"/>
  <nd ref="3801692788"/>
  <nd ref="9797919703"/>
  <tag k="alt_name" v="Srinivagilu Main Road"/>
  <tag k="highway" v="secondary"/>
  <tag k="lanes" v="2"/>
  <tag k="name" v="80 Feet Road"/>
  <tag k="name:kn" v="೮೦ ಅಡಿ ರಸ್ತೆ"/>
  <tag k="note" v="Whitetopping work ongoing"/>
  <tag k="oneway" v="yes"/>
  <tag k="sidewalk:left" v="yes"/>
  <tag k="sidewalk:left:kerb" v="raised"/>
  <tag k="sidewalk:left:surface" v="paving_stones"/>
  <tag k="surface" v="concrete"/>
 </way>
 <way id="545603936" visible="true" version="5" changeset="136712080" timestamp="2023-05-29T18:11:05Z" user="Vonter" uid="3926189">
  <nd ref="6017833813"/>
  <nd ref="9797919703"/>
  <tag k="highway" v="primary"/>
  <tag k="lanes" v="2"/>
  <tag k="loc_name" v="17th Main Road"/>
  <tag k="name" v="Mahayogi Vemana Road"/>
  <tag k="name:kn" v="ಮಹಾಯೋಗಿ ವೇಮನ ರಸ್ತೆ"/>
  <tag k="oneway" v="yes"/>
  <tag k="surface" v="asphalt"/>
 </way>
 <way id="545603939" visible="true" version="9" changeset="176382909" timestamp="2025-12-25T05:35:10Z" user="Vonter" uid="3926189">
  <nd ref="6017833816"/>
  <nd ref="6017833813"/>
  <tag k="alt_name" v="Srinivagilu Main Road"/>
  <tag k="highway" v="secondary"/>
  <tag k="name" v="80 Feet Road"/>
  <tag k="name:kn" v="೮೦ ಅಡಿ ರಸ್ತೆ"/>
  <tag k="note" v="Whitetopping work ongoing"/>
  <tag k="oneway" v="yes"/>
  <tag k="surface" v="concrete"/>
 </way>
 <way id="545603945" visible="true" version="2" changeset="63929537" timestamp="2018-10-27T14:32:29Z" user="uknown-gryphus" uid="2425805">
  <nd ref="6017833815"/>
  <nd ref="6017833816"/>
  <tag k="highway" v="primary"/>
  <tag k="lanes" v="2"/>
  <tag k="name" v="100 feet Road"/>
  <tag k="name:kn" v="೧೦೦ ಅಡಿ ರಸ್ತೆ"/>
  <tag k="oneway" v="yes"/>
  <tag k="surface" v="asphalt"/>
 </way>
 <way id="559414941" visible="true" version="5" changeset="145945746" timestamp="2024-01-06T06:38:52Z" user="uknown-gryphus" uid="2425805">
  <nd ref="303931703"/>
  <nd ref="11493493820"/>
  <nd ref="11493493804"/>
  <nd ref="5395545375"/>
  <nd ref="6528482683"/>
  <nd ref="5395545376"/>
  <nd ref="5395545374"/>
  <tag k="highway" v="residential"/>
 </way>
 <way id="584414746" visible="true" version="5" changeset="145945746" timestamp="2024-01-06T06:38:52Z" user="uknown-gryphus" uid="2425805">
  <nd ref="11493832668"/>
  <nd ref="7263010432"/>
  <nd ref="11493846374"/>
  <nd ref="11493846373"/>
  <nd ref="11493846372"/>
  <nd ref="5586382486"/>
  <nd ref="11493846369"/>
  <nd ref="11493832666"/>
  <nd ref="11493832667"/>
  <nd ref="11493832668"/>
  <tag k="landuse" v="retail"/>
 </way>
 <way id="584414747" visible="true" version="7" changeset="131003074" timestamp="2023-01-08T05:35:44Z" user="Vonter" uid="3926189">
  <nd ref="5586382487"/>
  <nd ref="5586382488"/>
  <nd ref="10314122716"/>
  <nd ref="5915887951"/>
  <nd ref="5915887954"/>
  <nd ref="5915887956"/>
  <nd ref="5586382489"/>
  <nd ref="7263010433"/>
  <nd ref="5586382487"/>
  <tag k="landuse" v="retail"/>
 </way>
 <way id="613469045" visible="true" version="1" changeset="61304212" timestamp="2018-08-02T16:40:59Z" user="uknown-gryphus" uid="2425805">
  <nd ref="5804513576"/>
  <nd ref="5804513577"/>
  <nd ref="5804513578"/>
  <nd ref="5804513579"/>
  <nd ref="5804513576"/>
  <tag k="building" v="yes"/>
  <tag k="name" v="Wildcraft"/>
  <tag k="shop" v="clothes"/>
 </way>
 <way id="695012191" visible="true" version="1" changeset="70991527" timestamp="2019-06-06T14:04:32Z" user="vinay gowda" uid="8782065">
  <nd ref="5395545375"/>
  <nd ref="6528482681"/>
  <tag k="highway" v="residential"/>
 </way>
 <way id="765689387" visible="true" version="4" changeset="156817551" timestamp="2024-09-19T12:21:19Z" user="akshayola" uid="19294215">
  <nd ref="1762201158"/>
  <nd ref="7151190896"/>
  <tag k="access" v="private"/>
  <tag k="highway" v="service"/>
  <tag k="maxspeed" v="20"/>
  <tag k="sidewalk" v="no"/>
  <tag k="surface" v="asphalt"/>
 </way>
 <way id="1066116298" visible="true" version="6" changeset="148372928" timestamp="2024-03-08T08:47:06Z" user="indigomc" uid="136860">
  <nd ref="7265835307"/>
  <nd ref="4803681188"/>
  <nd ref="263227025"/>
  <nd ref="260739403"/>
  <nd ref="9790284765"/>
  <nd ref="9790284764"/>
  <nd ref="9790284763"/>
  <nd ref="260739397"/>
  <nd ref="10314122719"/>
  <nd ref="10314122724"/>
  <nd ref="7265495356"/>
  <nd ref="10797060889"/>
  <nd ref="10314122718"/>
  <nd ref="5586382488"/>
  <nd ref="5586382487"/>
  <nd ref="7263010430"/>
  <nd ref="7263010424"/>
  <nd ref="9790284762"/>
  <nd ref="7263010422"/>
  <nd ref="9790284761"/>
  <nd ref="9790284758"/>
  <nd ref="7265835307"/>
  <tag k="name" v="Koramangala 4th Block"/>
  <tag k="name:kn" v="ಕೋರಮಂಗಲ ೪ನೇ ಬ್ಲಾಕ್"/>
  <tag k="place" v="neighbourhood"/>
 </way>
 <way id="1083590205" visible="true" version="9" changeset="176806254" timestamp="2026-01-04T05:22:10Z" user="Vonter" uid="3926189">
  <nd ref="9930165104"/>
  <nd ref="9930165103"/>
  <nd ref="9930165102"/>
  <nd ref="9930165101"/>
  <nd ref="9930165100"/>
  <nd ref="9930165099"/>
  <nd ref="9930165098"/>
  <nd ref="9930165097"/>
  <nd ref="9930165096"/>
  <nd ref="9930165095"/>
  <nd ref="9930165094"/>
  <nd ref="9930165093"/>
  <nd ref="9930165092"/>
  <nd ref="9930165091"/>
  <nd ref="9930165090"/>
  <nd ref="12165241793"/>
  <nd ref="9930165089"/>
  <nd ref="9930165087"/>
  <tag k="bridge" v="yes"/>
  <tag k="check_date" v="2025-11-09"/>
  <tag k="construction" v="primary_link"/>
  <tag k="highway" v="construction"/>
  <tag k="layer" v="1"/>
  <tag k="name" v="Ejipura Flyover (u/c)"/>
  <tag k="note" v="Planned completion in June 2026: https://www.deccanherald.com/india/karnataka/bengaluru/gba-aims-to-complete-works-on-10-flyovers-underpasses-in-bengaluru-in-2026-3849969"/>
  <tag k="official_name" v="Ejipura-Kendriya Sadan Flyover"/>
 </way>
 <way id="1083590207" visible="true" version="7" changeset="176806254" timestamp="2026-01-04T05:22:10Z" user="Vonter" uid="3926189">
  <nd ref="9930197142"/>
  <nd ref="9930197141"/>
  <nd ref="9930197140"/>
  <nd ref="9930197139"/>
  <nd ref="9930197138"/>
  <nd ref="9930197137"/>
  <nd ref="9930197136"/>
  <nd ref="9930197135"/>
  <nd ref="9930197134"/>
  <nd ref="9930197133"/>
  <nd ref="9930197132"/>
  <nd ref="9930197131"/>
  <nd ref="9930165115"/>
  <nd ref="9930165114"/>
  <nd ref="9930165113"/>
  <nd ref="9930165112"/>
  <nd ref="9930165086"/>
  <tag k="bridge" v="yes"/>
  <tag k="check_date" v="2025-11-09"/>
  <tag k="construction" v="primary_link"/>
  <tag k="highway" v="construction"/>
  <tag k="layer" v="1"/>
  <tag k="name" v="Ejipura Flyover (u/c)"/>
  <tag k="note" v="Planned completion in June 2026: https://www.deccanherald.com/india/karnataka/bengaluru/gba-aims-to-complete-works-on-10-flyovers-underpasses-in-bengaluru-in-2026-3849969"/>
 </way>
 <way id="1099882741" visible="true" version="3" changeset="158468618" timestamp="2024-10-28T18:32:31Z" user="Sparks1225" uid="15208958">
  <nd ref="10068956733"/>
  <nd ref="10068956724"/>
  <nd ref="10068956725"/>
  <nd ref="10068956726"/>
  <tag k="access" v="yes"/>
  <tag k="bicycle" v="no"/>
  <tag k="crossing" v="traffic_signals"/>
  <tag k="crossing:markings" v="zebra"/>
  <tag k="foot" v="yes"/>
  <tag k="footway" v="crossing"/>
  <tag k="highway" v="footway"/>
  <tag k="horse" v="yes"/>
  <tag k="motor_vehicle" v="no"/>
 </way>
 <way id="1099882742" visible="true" version="9" changeset="158468618" timestamp="2024-10-28T18:32:31Z" user="Sparks1225" uid="15208958">
  <nd ref="12069211434"/>
  <nd ref="10068956740"/>
  <nd ref="10068956731"/>
  <nd ref="10068956730"/>
  <nd ref="10068956729"/>
  <nd ref="10068956737"/>
  <nd ref="10068956728"/>
  <nd ref="10068956736"/>
  <nd ref="10068956735"/>
  <nd ref="10068956734"/>
  <nd ref="10068956727"/>
  <nd ref="10153688987"/>
  <nd ref="11493493801"/>
  <nd ref="10068956733"/>
  <tag k="access" v="yes"/>
  <tag k="bicycle" v="no"/>
  <tag k="foot" v="yes"/>
  <tag k="footway" v="sidewalk"/>
  <tag k="highway" v="footway"/>
  <tag k="horse" v="yes"/>
  <tag k="motor_vehicle" v="no"/>
  <tag k="surface" v="concrete:plates"/>
 </way>
 <way id="1109191940" visible="true" version="6" changeset="176382909" timestamp="2025-12-25T05:35:10Z" user="Vonter" uid="3926189">
  <nd ref="9797919703"/>
  <nd ref="6017833815"/>
  <tag k="alt_name" v="Srinivagilu Main Road"/>
  <tag k="highway" v="secondary"/>
  <tag k="lanes" v="2"/>
  <tag k="name" v="80 Feet Road"/>
  <tag k="name:kn" v="೮೦ ಅಡಿ ರಸ್ತೆ"/>
  <tag k="note" v="Whitetopping work ongoing"/>
  <tag k="oneway" v="yes"/>
  <tag k="sidewalk:left" v="yes"/>
  <tag k="sidewalk:left:kerb" v="raised"/>
  <tag k="sidewalk:left:surface" v="paving_stones"/>
  <tag k="surface" v="concrete"/>
 </way>
 <way id="1109899272" visible="true" version="3" changeset="156756754" timestamp="2024-09-18T06:21:03Z" user="neharikas" uid="18812446">
  <nd ref="12183383565"/>
  <nd ref="10153688988"/>
  <tag k="access" v="private"/>
  <tag k="highway" v="service"/>
 </way>
 <way id="1124616640" visible="true" version="8" changeset="176382909" timestamp="2025-12-25T05:35:10Z" user="Vonter" uid="3926189">
  <nd ref="6017833815"/>
  <nd ref="11493493818"/>
  <nd ref="3740957803"/>
  <nd ref="3740957804"/>
  <nd ref="7263010443"/>
  <nd ref="3740957806"/>
  <nd ref="3145158634"/>
  <nd ref="11493846391"/>
  <nd ref="6536640226"/>
  <nd ref="11493846392"/>
  <nd ref="11493846395"/>
  <nd ref="11493846399"/>
  <nd ref="7263010444"/>
  <nd ref="3740957812"/>
  <nd ref="10873245761"/>
  <nd ref="1468540687"/>
  <nd ref="3740957817"/>
  <nd ref="9363518173"/>
  <nd ref="10068956866"/>
  <tag k="alt_name" v="80 Feet Road"/>
  <tag k="highway" v="secondary"/>
  <tag k="lanes" v="2"/>
  <tag k="name" v="Srinivagilu Main Road"/>
  <tag k="name:kn" v="೮೦ ಅಡಿ ರಸ್ತೆ"/>
  <tag k="note" v="Whitetopping work ongoing"/>
  <tag k="oneway" v="yes"/>
  <tag k="sidewalk:left" v="yes"/>
  <tag k="sidewalk:left:kerb" v="raised"/>
  <tag k="sidewalk:left:surface" v="paving_stones"/>
  <tag k="surface" v="concrete"/>
 </way>
 <way id="1128127116" visible="true" version="1" changeset="131003074" timestamp="2023-01-08T05:35:44Z" user="Vonter" uid="3926189">
  <nd ref="10314122718"/>
  <nd ref="10314122717"/>
  <nd ref="10314122716"/>
  <nd ref="5586382488"/>
  <nd ref="10314122718"/>
  <tag k="landuse" v="construction"/>
 </way>
 <way id="1128127118" visible="true" version="3" changeset="145952058" timestamp="2024-01-06T10:58:31Z" user="uknown-gryphus" uid="2425805">
  <nd ref="10797060889"/>
  <nd ref="10797060890"/>
  <nd ref="10797060883"/>
  <nd ref="10797060887"/>
  <nd ref="10797060888"/>
  <nd ref="10797060886"/>
  <nd ref="10314122717"/>
  <nd ref="10314122716"/>
  <nd ref="5586382489"/>
  <nd ref="5586382491"/>
  <nd ref="9790284760"/>
  <nd ref="9790284761"/>
  <nd ref="9790284758"/>
  <nd ref="7265835307"/>
  <nd ref="4803681188"/>
  <nd ref="263227025"/>
  <nd ref="260739403"/>
  <nd ref="9790284765"/>
  <nd ref="9790284764"/>
  <nd ref="9790284763"/>
  <nd ref="260739397"/>
  <nd ref="10314122719"/>
  <nd ref="10314122720"/>
  <nd ref="10314122721"/>
  <nd ref="10314122722"/>
  <nd ref="10314122723"/>
  <nd ref="10314122724"/>
  <nd ref="7265495356"/>
  <nd ref="10797060889"/>
  <tag k="landuse" v="residential"/>
 </way>
 <way id="1132710443" visible="true" version="8" changeset="176382909" timestamp="2025-12-25T05:35:10Z" user="Vonter" uid="3926189">
  <nd ref="11493846393"/>
  <nd ref="6528476360"/>
  <nd ref="6454722370"/>
  <nd ref="3399683430"/>
  <nd ref="3740957805"/>
  <nd ref="7087619814"/>
  <nd ref="7263010442"/>
  <tag k="alt_name" v="80 Feet Road"/>
  <tag k="highway" v="secondary"/>
  <tag k="lanes" v="2"/>
  <tag k="name" v="Srinivagilu Main Road"/>
  <tag k="name:kn" v="೭ನೇ ಮುಖ್ಯ ರಸ್ತೆ"/>
  <tag k="note" v="Whitetopping work ongoing"/>
  <tag k="oneway" v="yes"/>
  <tag k="sidewalk" v="separate"/>
  <tag k="surface" v="concrete"/>
 </way>
 <way id="1159872651" visible="true" version="5" changeset="171597056" timestamp="2025-09-07T17:35:59Z" user="hashhar" uid="10820632">
  <nd ref="309592832"/>
  <nd ref="3801692790"/>
  <nd ref="12740817760"/>
  <tag k="alt_name" v="100 Feet Road"/>
  <tag k="highway" v="primary"/>
  <tag k="lanes" v="2"/>
  <tag k="loc_name" v="17th Main Road"/>
  <tag k="name" v="Mahayogi Vemana Road"/>
  <tag k="name:etymology:wikidata" v="Q7919473"/>
  <tag k="name:kn" v="ಮಹಾಯೋಗಿ ವೇಮನ ರಸ್ತೆ"/>
  <tag k="oneway" v="yes"/>
  <tag k="smoothness" v="good"/>
  <tag k="surface" v="asphalt"/>
 </way>
 <way id="1160859530" visible="true" version="1" changeset="134688297" timestamp="2023-04-09T13:30:46Z" user="Vonter" uid="3926189">
  <nd ref="10797060826"/>
  <nd ref="10797060727"/>
  <nd ref="10797060824"/>
  <nd ref="10797060825"/>
  <nd ref="10797060826"/>
  <tag k="landuse" v="residential"/>
 </way>
 <way id="1160859561" visible="true" version="1" changeset="134688297" timestamp="2023-04-09T13:30:46Z" user="Vonter" uid="3926189">
  <nd ref="10797060826"/>
  <nd ref="10797060825"/>
  <nd ref="10797060824"/>
  <nd ref="10797060823"/>
  <nd ref="10797060822"/>
  <nd ref="10797060821"/>
  <nd ref="10797060826"/>
  <tag k="landuse" v="commercial"/>
 </way>
 <way id="1160859562" visible="true" version="1" changeset="134688297" timestamp="2023-04-09T13:30:46Z" user="Vonter" uid="3926189">
  <nd ref="10797060831"/>
  <nd ref="10797060830"/>
  <nd ref="10797060829"/>
  <nd ref="10295524775"/>
  <nd ref="10797060828"/>
  <nd ref="10797060827"/>
  <nd ref="10797060831"/>
  <tag k="landuse" v="commercial"/>
 </way>
 <way id="1160859563" visible="true" version="1" changeset="134688297" timestamp="2023-04-09T13:30:46Z" user="Vonter" uid="3926189">
  <nd ref="10797060837"/>
  <nd ref="10797060836"/>
  <nd ref="10797060835"/>
  <nd ref="10797060834"/>
  <nd ref="10797060833"/>
  <nd ref="10797060832"/>
  <nd ref="10797060837"/>
  <tag k="landuse" v="commercial"/>
 </way>
 <way id="1160859575" visible="true" version="1" changeset="134688297" timestamp="2023-04-09T13:30:46Z" user="Vonter" uid="3926189">
  <nd ref="10797060886"/>
  <nd ref="10797060885"/>
  <nd ref="10797060884"/>
  <nd ref="10797060883"/>
  <nd ref="10797060887"/>
  <nd ref="10797060888"/>
  <nd ref="10797060886"/>
  <tag k="landuse" v="commercial"/>
 </way>
 <way id="1237434598" visible="true" version="1" changeset="145944220" timestamp="2024-01-06T04:23:25Z" user="uknown-gryphus" uid="2425805">
  <nd ref="11493493801"/>
  <nd ref="11493493802"/>
  <tag k="footway" v="sidewalk"/>
  <tag k="highway" v="footway"/>
 </way>
 <way id="1237434602" visible="true" version="4" changeset="158468618" timestamp="2024-10-28T18:32:31Z" user="Sparks1225" uid="15208958">
  <nd ref="11493493814"/>
  <nd ref="11493493816"/>
  <nd ref="11493493815"/>
  <nd ref="11493846403"/>
  <nd ref="11493846404"/>
  <nd ref="11493846405"/>
  <nd ref="11493846406"/>
  <nd ref="11493846407"/>
  <nd ref="11493846408"/>
  <nd ref="11493846409"/>
  <nd ref="11493846410"/>
  <nd ref="11493846411"/>
  <nd ref="11493846412"/>
  <nd ref="11493846413"/>
  <nd ref="11493846414"/>
  <nd ref="11493846415"/>
  <nd ref="11493846416"/>
  <nd ref="12069211426"/>
  <nd ref="10068956755"/>
  <tag k="access" v="yes"/>
  <tag k="bicycle" v="no"/>
  <tag k="foot" v="yes"/>
  <tag k="footway" v="sidewalk"/>
  <tag k="highway" v="footway"/>
  <tag k="horse" v="yes"/>
  <tag k="motor_vehicle" v="no"/>
  <tag k="surface" v="paving_stones"/>
 </way>
 <way id="1237434603" visible="true" version="1" changeset="145944220" timestamp="2024-01-06T04:23:25Z" user="uknown-gryphus" uid="2425805">
  <nd ref="11493493816"/>
  <nd ref="11493493817"/>
  <tag k="footway" v="sidewalk"/>
  <tag k="highway" v="footway"/>
 </way>
 <way id="1237434604" visible="true" version="2" changeset="158468618" timestamp="2024-10-28T18:32:31Z" user="Sparks1225" uid="15208958">
  <nd ref="11493493817"/>
  <nd ref="11493493818"/>
  <nd ref="11493493819"/>
  <nd ref="11493493802"/>
  <tag k="access" v="yes"/>
  <tag k="bicycle" v="no"/>
  <tag k="crossing" v="traffic_signals"/>
  <tag k="crossing:markings" v="yes"/>
  <tag k="foot" v="yes"/>
  <tag k="footway" v="crossing"/>
  <tag k="highway" v="footway"/>
  <tag k="horse" v="yes"/>
  <tag k="motor_vehicle" v="no"/>
  <tag k="surface" v="asphalt"/>
 </way>
 <way id="1237434605" visible="true" version="5" changeset="177749801" timestamp="2026-01-27T06:52:45Z" user="uknown-gryphus" uid="2425805">
  <nd ref="10068956726"/>
  <nd ref="11493493820"/>
  <nd ref="11493832659"/>
  <nd ref="11493832660"/>
  <nd ref="11493832661"/>
  <nd ref="11494201389"/>
  <nd ref="11494201388"/>
  <nd ref="11494201392"/>
  <nd ref="11494201369"/>
  <nd ref="13503228641"/>
  <nd ref="13503228627"/>
  <tag k="footway" v="sidewalk"/>
  <tag k="highway" v="footway"/>
  <tag k="motor_vehicle" v="no"/>
  <tag k="surface" v="paving_stones"/>
 </way>
 <way id="1237434606" visible="true" version="2" changeset="148122649" timestamp="2024-03-02T09:07:58Z" user="ph4ni" uid="20599849">
  <nd ref="11493493821"/>
  <nd ref="11493493822"/>
  <nd ref="11493493823"/>
  <nd ref="11493493824"/>
  <nd ref="11493493821"/>
  <tag k="building" v="yes"/>
  <tag k="building:levels" v="5"/>
 </way>
 <way id="1237460191" visible="true" version="2" changeset="158468618" timestamp="2024-10-28T18:32:31Z" user="Sparks1225" uid="15208958">
  <nd ref="11493846380"/>
  <nd ref="11493846381"/>
  <nd ref="11493846382"/>
  <tag k="access" v="yes"/>
  <tag k="bicycle" v="no"/>
  <tag k="foot" v="yes"/>
  <tag k="footway" v="sidewalk"/>
  <tag k="highway" v="footway"/>
  <tag k="horse" v="yes"/>
  <tag k="motor_vehicle" v="no"/>
 </way>
 <way id="1300092018" visible="true" version="2" changeset="173652465" timestamp="2025-10-23T02:12:30Z" user="tomcruise92" uid="22602210">
  <nd ref="12042360785"/>
  <nd ref="12042360784"/>
  <nd ref="12042360783"/>
  <nd ref="12042360782"/>
  <nd ref="12042360781"/>
  <nd ref="12042360780"/>
  <nd ref="12042360779"/>
  <nd ref="12042360778"/>
  <nd ref="12042360777"/>
  <nd ref="12042360776"/>
  <nd ref="12042360775"/>
  <nd ref="12042360774"/>
  <nd ref="12042360773"/>
  <nd ref="12042360772"/>
  <nd ref="12042360771"/>
  <nd ref="12042360770"/>
  <nd ref="12042360769"/>
  <nd ref="12042360768"/>
  <nd ref="12042360767"/>
  <nd ref="12042360766"/>
  <nd ref="1625402539"/>
  <nd ref="12042360765"/>
  <nd ref="12042360764"/>
  <nd ref="12042360763"/>
  <nd ref="12042360762"/>
  <nd ref="12042360761"/>
  <nd ref="12042360760"/>
  <nd ref="12042360759"/>
  <nd ref="12042360758"/>
  <nd ref="12042360757"/>
  <nd ref="12042360756"/>
  <nd ref="12042360755"/>
  <nd ref="12042360754"/>
  <nd ref="12042360753"/>
  <nd ref="12042360752"/>
  <nd ref="12042360751"/>
 </way>
 <way id="1302415903" visible="true" version="2" changeset="176382909" timestamp="2025-12-25T05:35:10Z" user="Vonter" uid="3926189">
  <nd ref="7263010442"/>
  <nd ref="1675239400"/>
  <nd ref="11493493819"/>
  <nd ref="6017833816"/>
  <tag k="alt_name" v="80 Feet Road"/>
  <tag k="highway" v="secondary"/>
  <tag k="lanes" v="2"/>
  <tag k="name" v="Srinivagilu Main Road"/>
  <tag k="name:kn" v="೭ನೇ ಮುಖ್ಯ ರಸ್ತೆ"/>
  <tag k="note" v="Whitetopping work ongoing"/>
  <tag k="oneway" v="yes"/>
  <tag k="sidewalk" v="separate"/>
  <tag k="surface" v="concrete"/>
 </way>
 <way id="1316310463" visible="true" version="1" changeset="156756754" timestamp="2024-09-18T06:21:03Z" user="neharikas" uid="18812446">
  <nd ref="7263010442"/>
  <nd ref="10153688987"/>
  <nd ref="12183383565"/>
  <tag k="highway" v="service"/>
 </way>
 <way id="1316310664" visible="true" version="1" changeset="156756860" timestamp="2024-09-18T06:23:41Z" user="neharikas" uid="18812446">
  <nd ref="1762201161"/>
  <nd ref="12183377233"/>
  <nd ref="12183377238"/>
  <nd ref="12183377234"/>
  <nd ref="12183377235"/>
  <nd ref="12183377236"/>
  <nd ref="12183377239"/>
  <nd ref="12183377237"/>
  <tag k="access" v="private"/>
  <tag k="highway" v="service"/>
 </way>
 <way id="1316310665" visible="true" version="1" changeset="156756860" timestamp="2024-09-18T06:23:41Z" user="neharikas" uid="18812446">
  <nd ref="12183377240"/>
  <nd ref="12183377241"/>
  <nd ref="12183377242"/>
  <nd ref="12183377236"/>
  <tag k="access" v="private"/>
  <tag k="highway" v="service"/>
 </way>
 <way id="1376039860" visible="true" version="1" changeset="164707775" timestamp="2025-04-09T06:32:52Z" user="ompatekar" uid="16275581">
  <nd ref="12740817760"/>
  <nd ref="6017833815"/>
  <tag k="alt_name" v="100 Feet Road"/>
  <tag k="highway" v="primary"/>
  <tag k="lanes" v="2"/>
  <tag k="loc_name" v="17th Main Road"/>
  <tag k="name" v="Mahayogi Vemana Road"/>
  <tag k="name:etymology:wikidata" v="Q7919473"/>
  <tag k="name:kn" v="ಮಹಾಯೋಗಿ ವೇಮನ ರಸ್ತೆ"/>
  <tag k="oneway" v="yes"/>
  <tag k="surface" v="asphalt"/>
 </way>
 <way id="1376039861" visible="true" version="2" changeset="176382909" timestamp="2025-12-25T05:35:10Z" user="Vonter" uid="3926189">
  <nd ref="6017833813"/>
  <nd ref="12740817761"/>
  <tag k="alt_name" v="Srinivagilu Main Road"/>
  <tag k="highway" v="secondary"/>
  <tag k="lanes" v="2"/>
  <tag k="name" v="80 Feet Road"/>
  <tag k="name:kn" v="೮೦ ಅಡಿ ರಸ್ತೆ"/>
  <tag k="note" v="Whitetopping work ongoing"/>
  <tag k="oneway" v="yes"/>
  <tag k="sidewalk" v="separate"/>
  <tag k="surface" v="concrete"/>
 </way>
 <relation id="6858376" visible="true" version="107" changeset="175947076" timestamp="2025-12-15T07:30:38Z" user="uknown-gryphus" uid="2425805">
  <member type="node" ref="5558684110" role="platform"/>
  <member type="node" ref="2472146600" role="platform"/>
  <member type="node" ref="1837005146" role="platform"/>
  <member type="node" ref="1070361737" role="platform"/>
  <member type="node" ref="2405375288" role="platform"/>
  <member type="node" ref="3016052464" role="platform"/>
  <member type="node" ref="3016052461" role="platform"/>
  <member type="node" ref="4595656668" role="platform"/>
  <member type="node" ref="325156622" role="platform"/>
  <member type="node" ref="2455703300" role="platform"/>
  <member type="node" ref="1420113193" role="platform"/>
  <member type="node" ref="2396434359" role="platform"/>
  <member type="node" ref="1474220561" role="platform"/>
  <member type="node" ref="1232740597" role="platform"/>
  <member type="node" ref="1488405362" role="platform"/>
  <member type="node" ref="2401658294" role="platform"/>
  <member type="node" ref="2401658592" role="platform"/>
  <member type="node" ref="4595656669" role="platform"/>
  <member type="node" ref="2949043344" role="platform"/>
  <member type="node" ref="287905435" role="platform"/>
  <member type="node" ref="3304155383" role="platform"/>
  <member type="node" ref="2405357303" role="platform"/>
  <member type="node" ref="596446558" role="platform"/>
  <member type="node" ref="469614003" role="platform"/>
  <member type="way" ref="1254353743" role="platform"/>
  <member type="node" ref="4597940321" role="platform"/>
  <member type="node" ref="4597940322" role="platform"/>
  <member type="node" ref="4597940323" role="platform"/>
  <member type="node" ref="4597940324" role="platform"/>
  <member type="node" ref="1526010059" role="platform"/>
  <member type="node" ref="2393947756" role="platform"/>
  <member type="node" ref="2394055296" role="platform"/>
  <member type="node" ref="5558684091" role="platform"/>
  <member type="node" ref="2393957354" role="platform"/>
  <member type="node" ref="426403822" role="platform"/>
  <member type="node" ref="2432542582" role="platform"/>
  <member type="node" ref="426402720" role="platform"/>
  <member type="node" ref="2432532305" role="platform"/>
  <member type="node" ref="6631824078" role="platform"/>
  <member type="node" ref="6631824076" role="platform"/>
  <member type="node" ref="6631824074" role="platform"/>
  <member type="way" ref="464465162" role=""/>
  <member type="way" ref="559801783" role=""/>
  <member type="way" ref="160330784" role=""/>
  <member type="way" ref="1090570620" role=""/>
  <member type="way" ref="464465164" role=""/>
  <member type="way" ref="464465165" role=""/>
  <member type="way" ref="1331247892" role=""/>
  <member type="way" ref="1453814098" role=""/>
  <member type="way" ref="688824218" role=""/>
  <member type="way" ref="172853384" role=""/>
  <member type="way" ref="133763768" role=""/>
  <member type="way" ref="1110164311" role=""/>
  <member type="way" ref="1110164317" role=""/>
  <member type="way" ref="1110164320" role=""/>
  <member type="way" ref="1150874215" role=""/>
  <member type="way" ref="111814615" role=""/>
  <member type="way" ref="1302194006" role=""/>
  <member type="way" ref="1159872651" role=""/>
  <member type="way" ref="1376039860" role=""/>
  <member type="way" ref="545603945" role=""/>
  <member type="way" ref="24238080" role=""/>
  <member type="way" ref="208944727" role=""/>
  <member type="way" ref="545604697" role=""/>
  <member type="way" ref="1150911346" role=""/>
  <member type="way" ref="1335879545" role=""/>
  <member type="way" ref="545604696" role=""/>
  <member type="way" ref="1150911345" role=""/>
  <member type="way" ref="545610203" role=""/>
  <member type="way" ref="208944724" role=""/>
  <member type="way" ref="1302988907" role=""/>
  <member type="way" ref="1314297629" role=""/>
  <member type="way" ref="1286537527" role=""/>
  <member type="way" ref="464465650" role=""/>
  <member type="way" ref="27227541" role=""/>
  <member type="way" ref="1458672911" role=""/>
  <member type="way" ref="23217833" role=""/>
  <member type="way" ref="1286537541" role=""/>
  <member type="way" ref="1109947893" role=""/>
  <member type="way" ref="1109947894" role=""/>
  <member type="way" ref="1149153347" role=""/>
  <member type="way" ref="464465173" role=""/>
  <member type="way" ref="1227746103" role=""/>
  <member type="way" ref="1151934207" role=""/>
  <member type="way" ref="543470379" role=""/>
  <member type="way" ref="543470383" role=""/>
  <member type="way" ref="492431223" role=""/>
  <member type="way" ref="492431224" role=""/>
  <member type="way" ref="464465186" role=""/>
  <member type="way" ref="1148434413" role=""/>
  <member type="way" ref="1148434412" role=""/>
  <member type="way" ref="1246289588" role=""/>
  <member type="way" ref="1151924995" role=""/>
  <member type="way" ref="1109937486" role=""/>
  <member type="way" ref="1246289590" role=""/>
  <member type="way" ref="1109937487" role=""/>
  <member type="way" ref="1058623187" role=""/>
  <member type="way" ref="464465205" role=""/>
  <member type="way" ref="1354145735" role=""/>
  <member type="way" ref="1354145734" role=""/>
  <member type="way" ref="1259587204" role=""/>
  <member type="way" ref="157571651" role=""/>
  <member type="way" ref="763183691" role=""/>
  <member type="way" ref="1112419802" role=""/>
  <member type="way" ref="1112419801" role=""/>
  <member type="way" ref="638541495" role=""/>
  <member type="way" ref="1278555476" role=""/>
  <member type="way" ref="172947338" role=""/>
  <member type="way" ref="464465215" role=""/>
  <member type="way" ref="224621537" role=""/>
  <member type="way" ref="484510041" role=""/>
  <member type="way" ref="72099280" role=""/>
  <member type="way" ref="242172703" role=""/>
  <member type="way" ref="328758433" role=""/>
  <member type="way" ref="1150927563" role=""/>
  <member type="way" ref="542070642" role=""/>
  <member type="way" ref="464465222" role=""/>
  <member type="way" ref="544761382" role=""/>
  <member type="way" ref="1205167665" role=""/>
  <member type="way" ref="1205167664" role=""/>
  <member type="way" ref="544761380" role=""/>
  <member type="way" ref="1110192331" role=""/>
  <member type="way" ref="544761378" role=""/>
  <member type="way" ref="542070647" role=""/>
  <member type="way" ref="1148395512" role=""/>
  <member type="way" ref="1148395507" role=""/>
  <member type="way" ref="464712045" role=""/>
  <member type="way" ref="763290544" role=""/>
  <member type="way" ref="1108447557" role=""/>
  <member type="way" ref="138980163" role=""/>
  <member type="way" ref="503401208" role=""/>
  <member type="way" ref="464711168" role=""/>
  <member type="way" ref="238459130" role=""/>
  <member type="way" ref="23076279" role=""/>
  <member type="way" ref="1382921528" role=""/>
  <member type="way" ref="760700370" role=""/>
  <member type="way" ref="45444030" role=""/>
  <member type="way" ref="1158656976" role=""/>
  <member type="way" ref="1158656975" role=""/>
  <member type="way" ref="1158656974" role=""/>
  <member type="way" ref="1255318803" role=""/>
  <member type="way" ref="38684972" role=""/>
  <member type="way" ref="400447560" role=""/>
  <member type="way" ref="766299887" role=""/>
  <member type="way" ref="764409834" role=""/>
  <member type="way" ref="764327045" role=""/>
  <member type="way" ref="143364234" role=""/>
  <member type="way" ref="42757224" role=""/>
  <member type="way" ref="1395724765" role=""/>
  <member type="way" ref="1324678269" role=""/>
  <member type="way" ref="1324678268" role=""/>
  <member type="way" ref="1322898454" role=""/>
  <member type="way" ref="1259587199" role=""/>
  <member type="way" ref="1335306757" role=""/>
  <member type="way" ref="1335306758" role=""/>
  <member type="way" ref="1083263215" role=""/>
  <member type="way" ref="607746816" role=""/>
  <member type="way" ref="1267869062" role=""/>
  <member type="way" ref="1259587198" role=""/>
  <member type="way" ref="1213892093" role=""/>
  <member type="way" ref="1379022545" role=""/>
  <member type="way" ref="171888545" role=""/>
  <member type="way" ref="1385037913" role=""/>
  <member type="way" ref="1379022542" role=""/>
  <member type="way" ref="1110162267" role=""/>
  <member type="way" ref="1349215824" role=""/>
  <member type="way" ref="1110162268" role=""/>
  <member type="way" ref="458681912" role=""/>
  <member type="way" ref="580772049" role=""/>
  <member type="way" ref="1442518368" role=""/>
  <member type="way" ref="708390225" role=""/>
  <member type="way" ref="400449303" role=""/>
  <member type="way" ref="378425663" role=""/>
  <member type="way" ref="464711176" role=""/>
  <member type="way" ref="1364173723" role=""/>
  <member type="way" ref="378425665" role=""/>
  <member type="way" ref="1314327952" role=""/>
  <member type="way" ref="1248258454" role=""/>
  <member type="way" ref="406674058" role=""/>
  <member type="way" ref="510972416" role=""/>
  <member type="way" ref="760562354" role=""/>
  <member type="way" ref="510972415" role=""/>
  <member type="way" ref="458681913" role=""/>
  <member type="way" ref="406674060" role=""/>
  <member type="way" ref="378443273" role=""/>
  <member type="way" ref="1109950809" role=""/>
  <member type="way" ref="1416783760" role=""/>
  <member type="way" ref="1290478527" role=""/>
  <member type="way" ref="1290478526" role=""/>
  <member type="way" ref="1456227611" role=""/>
  <member type="way" ref="90840911" role=""/>
  <member type="way" ref="383029331" role=""/>
  <member type="way" ref="1148450802" role=""/>
  <member type="way" ref="705790979" role=""/>
  <member type="way" ref="1274877977" role=""/>
  <member type="way" ref="492309191" role=""/>
  <member type="way" ref="1275259510" role=""/>
  <member type="way" ref="1215212818" role=""/>
  <tag k="direction" v="down"/>
  <tag k="from" v="Central Silk Board"/>
  <tag k="name" v="K1: Central Silk Board =&gt; Peenya Satellite Bus Station"/>
  <tag k="name:kn" v="ಕೆ ೧"/>
  <tag k="network" v="BMTC"/>
  <tag k="network:wikidata" v="Q3345039"/>
  <tag k="operator" v="BMTC"/>
  <tag k="public_transport:version" v="2"/>
  <tag k="ref" v="K1"/>
  <tag k="route" v="bus"/>
  <tag k="to" v="Peenya Satellite Bus Station"/>
  <tag k="type" v="route"/>
 </relation>
 <relation id="8591663" visible="true" version="154" changeset="173345658" timestamp="2025-10-16T04:13:29Z" user="Vonter" uid="3926189">
  <member type="relation" ref="6693760" role=""/>
  <member type="relation" ref="7322352" role=""/>
  <member type="relation" ref="8446422" role=""/>
  <member type="relation" ref="8446688" role=""/>
  <member type="relation" ref="8446758" role=""/>
  <member type="relation" ref="8447720" role=""/>
  <member type="relation" ref="8447715" role=""/>
  <member type="relation" ref="10601097" role=""/>
  <member type="relation" ref="9740192" role=""/>
  <member type="relation" ref="9740171" role=""/>
  <member type="relation" ref="9740170" role=""/>
  <member type="relation" ref="9740169" role=""/>
  <member type="relation" ref="9740168" role=""/>
  <member type="relation" ref="9740032" role=""/>
  <member type="relation" ref="9740191" role=""/>
  <member type="relation" ref="9740190" role=""/>
  <member type="relation" ref="9740166" role=""/>
  <member type="relation" ref="9740167" role=""/>
  <member type="relation" ref="9740165" role=""/>
  <member type="relation" ref="9740189" role=""/>
  <member type="relation" ref="9740164" role=""/>
  <member type="relation" ref="9740163" role=""/>
  <member type="relation" ref="9740162" role=""/>
  <member type="relation" ref="9740188" role=""/>
  <member type="relation" ref="9740161" role=""/>
  <member type="relation" ref="9740160" role=""/>
  <member type="relation" ref="9740159" role=""/>
  <member type="relation" ref="9740158" role=""/>
  <member type="relation" ref="10587666" role=""/>
  <member type="relation" ref="9740187" role=""/>
  <member type="relation" ref="17802249" role=""/>
  <member type="relation" ref="17802248" role=""/>
  <member type="relation" ref="9740157" role=""/>
  <member type="relation" ref="9740156" role=""/>
  <member type="relation" ref="9740155" role=""/>
  <member type="relation" ref="10601120" role=""/>
  <member type="relation" ref="9740154" role=""/>
  <member type="relation" ref="9740153" role=""/>
  <member type="relation" ref="9740152" role=""/>
  <member type="relation" ref="9740151" role=""/>
  <member type="relation" ref="9740150" role=""/>
  <member type="relation" ref="9740149" role=""/>
  <member type="relation" ref="9740148" role=""/>
  <member type="relation" ref="18570460" role=""/>
  <member type="relation" ref="18570445" role=""/>
  <member type="relation" ref="9385446" role=""/>
  <member type="relation" ref="17802874" role=""/>
  <member type="relation" ref="17802882" role=""/>
  <member type="relation" ref="8591662" role=""/>
  <member type="relation" ref="9385456" role=""/>
  <member type="relation" ref="8591661" role=""/>
  <member type="relation" ref="7354819" role=""/>
  <member type="relation" ref="9385437" role=""/>
  <member type="relation" ref="9407362" role=""/>
  <member type="relation" ref="9385463" role=""/>
  <member type="relation" ref="9385442" role=""/>
  <member type="relation" ref="8591660" role=""/>
  <member type="relation" ref="9385482" role=""/>
  <member type="relation" ref="19292703" role=""/>
  <member type="relation" ref="9740147" role=""/>
  <member type="relation" ref="10625116" role=""/>
  <member type="relation" ref="9416616" role=""/>
  <member type="relation" ref="9740146" role=""/>
  <member type="relation" ref="8591659" role=""/>
  <member type="relation" ref="9744384" role=""/>
  <member type="relation" ref="9744383" role=""/>
  <member type="relation" ref="9228270" role=""/>
  <member type="relation" ref="9744382" role=""/>
  <member type="relation" ref="9417034" role=""/>
  <member type="relation" ref="9740145" role=""/>
  <member type="relation" ref="9740186" role=""/>
  <member type="relation" ref="9740144" role=""/>
  <member type="relation" ref="9740185" role=""/>
  <member type="relation" ref="9740184" role=""/>
  <member type="relation" ref="9417033" role=""/>
  <member type="relation" ref="18481315" role=""/>
  <member type="relation" ref="9412884" role=""/>
  <member type="relation" ref="9740143" role=""/>
  <member type="relation" ref="8447777" role=""/>
  <member type="relation" ref="8447764" role=""/>
  <member type="relation" ref="8593147" role=""/>
  <member type="relation" ref="8593148" role=""/>
  <member type="relation" ref="8593146" role=""/>
  <member type="relation" ref="9225303" role=""/>
  <member type="relation" ref="8593144" role=""/>
  <member type="relation" ref="8593133" role=""/>
  <member type="relation" ref="8593143" role=""/>
  <member type="relation" ref="8593142" role=""/>
  <member type="relation" ref="8593141" role=""/>
  <member type="relation" ref="8593140" role=""/>
  <member type="relation" ref="8593139" role=""/>
  <member type="relation" ref="8593138" role=""/>
  <member type="relation" ref="8593137" role=""/>
  <member type="relation" ref="8593136" role=""/>
  <member type="relation" ref="8593135" role=""/>
  <member type="relation" ref="8593134" role=""/>
  <member type="relation" ref="19336805" role=""/>
  <member type="relation" ref="8593127" role=""/>
  <member type="relation" ref="8593132" role=""/>
  <member type="relation" ref="8593131" role=""/>
  <member type="relation" ref="8593130" role=""/>
  <member type="relation" ref="8593129" role=""/>
  <member type="relation" ref="9740142" role=""/>
  <member type="relation" ref="9228168" role=""/>
  <member type="relation" ref="9740141" role=""/>
  <member type="relation" ref="9234820" role=""/>
  <member type="relation" ref="9231890" role=""/>
  <member type="relation" ref="9416615" role=""/>
  <member type="relation" ref="8593121" role=""/>
  <member type="relation" ref="8593126" role=""/>
  <member type="relation" ref="8593125" role=""/>
  <member type="relation" ref="8593123" role=""/>
  <member type="relation" ref="8593124" role=""/>
  <member type="relation" ref="8593122" role=""/>
  <member type="relation" ref="19719315" role=""/>
  <member type="relation" ref="9234769" role=""/>
  <member type="relation" ref="8593100" role=""/>
  <member type="relation" ref="8593120" role=""/>
  <member type="relation" ref="8593119" role=""/>
  <member type="relation" ref="8593118" role=""/>
  <member type="relation" ref="8593117" role=""/>
  <member type="relation" ref="8593116" role=""/>
  <member type="relation" ref="8593115" role=""/>
  <member type="relation" ref="8593114" role=""/>
  <member type="relation" ref="9740140" role=""/>
  <member type="relation" ref="9417032" role=""/>
  <member type="relation" ref="7784213" role=""/>
  <member type="relation" ref="8593112" role=""/>
  <member type="relation" ref="8593113" role=""/>
  <member type="relation" ref="8593111" role=""/>
  <member type="relation" ref="7586676" role=""/>
  <member type="relation" ref="8593110" role=""/>
  <member type="relation" ref="9417031" role=""/>
  <member type="relation" ref="8593109" role=""/>
  <member type="relation" ref="8593108" role=""/>
  <member type="relation" ref="8593106" role=""/>
  <member type="relation" ref="8593105" role=""/>
  <member type="relation" ref="8593104" role=""/>
  <member type="relation" ref="8593102" role=""/>
  <member type="relation" ref="8593103" role=""/>
  <member type="relation" ref="8593101" role=""/>
  <member type="relation" ref="9417030" role=""/>
  <member type="relation" ref="9417029" role=""/>
  <member type="relation" ref="9417028" role=""/>
  <member type="relation" ref="9417027" role=""/>
  <member type="relation" ref="9417026" role=""/>
  <member type="relation" ref="9242269" role=""/>
  <member type="relation" ref="9417025" role=""/>
  <member type="relation" ref="9417024" role=""/>
  <member type="relation" ref="9234795" role=""/>
  <member type="relation" ref="9417023" role=""/>
  <member type="relation" ref="9417022" role=""/>
  <member type="relation" ref="9417021" role=""/>
  <member type="relation" ref="9417020" role=""/>
  <member type="relation" ref="9417019" role=""/>
  <member type="relation" ref="9417018" role=""/>
  <member type="relation" ref="9417017" role=""/>
  <member type="relation" ref="9417016" role=""/>
  <member type="relation" ref="9417015" role=""/>
  <member type="relation" ref="9242339" role=""/>
  <member type="relation" ref="9417014" role=""/>
  <member type="relation" ref="9417013" role=""/>
  <member type="relation" ref="9417012" role=""/>
  <member type="relation" ref="9417011" role=""/>
  <member type="relation" ref="9417010" role=""/>
  <member type="relation" ref="9417009" role=""/>
  <member type="relation" ref="9417008" role=""/>
  <member type="relation" ref="9417007" role=""/>
  <member type="relation" ref="9417006" role=""/>
  <member type="relation" ref="9417005" role=""/>
  <member type="relation" ref="9417004" role=""/>
  <member type="relation" ref="9417003" role=""/>
  <member type="relation" ref="9417002" role=""/>
  <member type="relation" ref="9417001" role=""/>
  <member type="relation" ref="9417000" role=""/>
  <member type="relation" ref="9416999" role=""/>
  <member type="relation" ref="9416998" role=""/>
  <member type="relation" ref="9416997" role=""/>
  <member type="relation" ref="9416996" role=""/>
  <member type="relation" ref="9416995" role=""/>
  <member type="relation" ref="9416994" role=""/>
  <member type="relation" ref="9416993" role=""/>
  <member type="relation" ref="9416992" role=""/>
  <member type="relation" ref="9416991" role=""/>
  <member type="relation" ref="9416990" role=""/>
  <member type="relation" ref="9416989" role=""/>
  <member type="relation" ref="9416988" role=""/>
  <member type="relation" ref="9416987" role=""/>
  <member type="relation" ref="9416986" role=""/>
  <member type="relation" ref="9416985" role=""/>
  <member type="relation" ref="9416984" role=""/>
  <member type="relation" ref="9416983" role=""/>
  <member type="relation" ref="9416982" role=""/>
  <member type="relation" ref="9416981" role=""/>
  <member type="relation" ref="9416980" role=""/>
  <member type="relation" ref="9416979" role=""/>
  <member type="relation" ref="9416978" role=""/>
  <member type="relation" ref="9416977" role=""/>
  <member type="relation" ref="9416976" role=""/>
  <member type="relation" ref="9416975" role=""/>
  <member type="relation" ref="9234758" role=""/>
  <member type="relation" ref="9740139" role=""/>
  <member type="relation" ref="9416647" role=""/>
  <member type="relation" ref="9416646" role=""/>
  <member type="relation" ref="9416645" role=""/>
  <member type="relation" ref="9416644" role=""/>
  <member type="relation" ref="9416643" role=""/>
  <member type="relation" ref="9740183" role=""/>
  <member type="relation" ref="8591658" role=""/>
  <member type="relation" ref="9416642" role=""/>
  <member type="relation" ref="9416614" role=""/>
  <member type="relation" ref="9416613" role=""/>
  <member type="relation" ref="7359152" role=""/>
  <member type="relation" ref="9416641" role=""/>
  <member type="relation" ref="9416640" role=""/>
  <member type="relation" ref="9416612" role=""/>
  <member type="relation" ref="9416611" role=""/>
  <member type="relation" ref="9416610" role=""/>
  <member type="relation" ref="9416609" role=""/>
  <member type="relation" ref="9416608" role=""/>
  <member type="relation" ref="9740138" role=""/>
  <member type="relation" ref="9740137" role=""/>
  <member type="relation" ref="8591657" role=""/>
  <member type="relation" ref="9740182" role=""/>
  <member type="relation" ref="9385460" role=""/>
  <member type="relation" ref="9740136" role=""/>
  <member type="relation" ref="9740135" role=""/>
  <member type="relation" ref="9416639" role=""/>
  <member type="relation" ref="9416638" role=""/>
  <member type="relation" ref="9416637" role=""/>
  <member type="relation" ref="9416636" role=""/>
  <member type="relation" ref="9416635" role=""/>
  <member type="relation" ref="9416634" role=""/>
  <member type="relation" ref="9416633" role=""/>
  <member type="relation" ref="9416632" role=""/>
  <member type="relation" ref="9416631" role=""/>
  <member type="relation" ref="9416630" role=""/>
  <member type="relation" ref="9416629" role=""/>
  <member type="relation" ref="9416628" role=""/>
  <member type="relation" ref="9416627" role=""/>
  <member type="relation" ref="9416626" role=""/>
  <member type="relation" ref="9416625" role=""/>
  <member type="relation" ref="18481391" role=""/>
  <member type="relation" ref="9412883" role=""/>
  <member type="relation" ref="9412882" role=""/>
  <member type="relation" ref="9412881" role=""/>
  <member type="relation" ref="9412880" role=""/>
  <member type="relation" ref="9412877" role=""/>
  <member type="relation" ref="9412875" role=""/>
  <member type="relation" ref="9412874" role=""/>
  <member type="relation" ref="9412873" role=""/>
  <member type="relation" ref="9412872" role=""/>
  <member type="relation" ref="9412871" role=""/>
  <member type="relation" ref="9412870" role=""/>
  <member type="relation" ref="9412869" role=""/>
  <member type="relation" ref="9412868" role=""/>
  <member type="relation" ref="9385434" role=""/>
  <member type="relation" ref="9412867" role=""/>
  <member type="relation" ref="9412866" role=""/>
  <member type="relation" ref="9412865" role=""/>
  <member type="relation" ref="9412864" role=""/>
  <member type="relation" ref="9412863" role=""/>
  <member type="relation" ref="9412862" role=""/>
  <member type="relation" ref="9412861" role=""/>
  <member type="relation" ref="9385453" role=""/>
  <member type="relation" ref="9412860" role=""/>
  <member type="relation" ref="9412859" role=""/>
  <member type="relation" ref="9412858" role=""/>
  <member type="relation" ref="9412857" role=""/>
  <member type="relation" ref="9412856" role=""/>
  <member type="relation" ref="9412855" role=""/>
  <member type="relation" ref="9412854" role=""/>
  <member type="relation" ref="6856311" role=""/>
  <member type="relation" ref="9412853" role=""/>
  <member type="relation" ref="9385450" role=""/>
  <member type="relation" ref="9412852" role=""/>
  <member type="relation" ref="9412851" role=""/>
  <member type="relation" ref="9412850" role=""/>
  <member type="relation" ref="9412849" role=""/>
  <member type="relation" ref="9412848" role=""/>
  <member type="relation" ref="9412847" role=""/>
  <member type="relation" ref="9412846" role=""/>
  <member type="relation" ref="9412845" role=""/>
  <member type="relation" ref="9412844" role=""/>
  <member type="relation" ref="9412843" role=""/>
  <member type="relation" ref="9412842" role=""/>
  <member type="relation" ref="9412841" role=""/>
  <member type="relation" ref="9412840" role=""/>
  <member type="relation" ref="9412839" role=""/>
  <member type="relation" ref="9412838" role=""/>
  <member type="relation" ref="9412837" role=""/>
  <member type="relation" ref="9412836" role=""/>
  <member type="relation" ref="9412835" role=""/>
  <member type="relation" ref="9412834" role=""/>
  <member type="relation" ref="9412833" role=""/>
  <member type="relation" ref="9412832" role=""/>
  <member type="relation" ref="9412831" role=""/>
  <member type="relation" ref="9412830" role=""/>
  <member type="relation" ref="9412829" role=""/>
  <member type="relation" ref="9412828" role=""/>
  <member type="relation" ref="9412827" role=""/>
  <member type="relation" ref="9412826" role=""/>
  <member type="relation" ref="9412825" role=""/>
  <member type="relation" ref="9412824" role=""/>
  <member type="relation" ref="9412768" role=""/>
  <member type="relation" ref="18550302" role=""/>
  <member type="relation" ref="9412823" role=""/>
  <member type="relation" ref="9412822" role=""/>
  <member type="relation" ref="9412821" role=""/>
  <member type="relation" ref="9412820" role=""/>
  <member type="relation" ref="9412819" role=""/>
  <member type="relation" ref="9412818" role=""/>
  <member type="relation" ref="9412817" role=""/>
  <member type="relation" ref="9412816" role=""/>
  <member type="relation" ref="9385448" role=""/>
  <member type="relation" ref="9385445" role=""/>
  <member type="relation" ref="9412815" role=""/>
  <member type="relation" ref="9412814" role=""/>
  <member type="relation" ref="9385474" role=""/>
  <member type="relation" ref="9412813" role=""/>
  <member type="relation" ref="9412812" role=""/>
  <member type="relation" ref="9412811" role=""/>
  <member type="relation" ref="9412810" role=""/>
  <member type="relation" ref="9412809" role=""/>
  <member type="relation" ref="9412808" role=""/>
  <member type="relation" ref="9412767" role=""/>
  <member type="relation" ref="9412807" role=""/>
  <member type="relation" ref="9412806" role=""/>
  <member type="relation" ref="9412805" role=""/>
  <member type="relation" ref="9412804" role=""/>
  <member type="relation" ref="9412803" role=""/>
  <member type="relation" ref="9412802" role=""/>
  <member type="relation" ref="9412801" role=""/>
  <member type="relation" ref="9412800" role=""/>
  <member type="relation" ref="9412799" role=""/>
  <member type="relation" ref="9412798" role=""/>
  <member type="relation" ref="9412797" role=""/>
  <member type="relation" ref="9412796" role=""/>
  <member type="relation" ref="9412795" role=""/>
  <member type="relation" ref="9412794" role=""/>
  <member type="relation" ref="9412793" role=""/>
  <member type="relation" ref="8591656" role=""/>
  <member type="relation" ref="9412792" role=""/>
  <member type="relation" ref="9412791" role=""/>
  <member type="relation" ref="9412790" role=""/>
  <member type="relation" ref="9412789" role=""/>
  <member type="relation" ref="9412788" role=""/>
  <member type="relation" ref="9412787" role=""/>
  <member type="relation" ref="9412786" role=""/>
  <member type="relation" ref="9412785" role=""/>
  <member type="relation" ref="9385462" role=""/>
  <member type="relation" ref="9403670" role=""/>
  <member type="relation" ref="9412766" role=""/>
  <member type="relation" ref="9412784" role=""/>
  <member type="relation" ref="8591639" role=""/>
  <member type="relation" ref="8591653" role=""/>
  <member type="relation" ref="8591652" role=""/>
  <member type="relation" ref="8591651" role=""/>
  <member type="relation" ref="8591650" role=""/>
  <member type="relation" ref="8591649" role=""/>
  <member type="relation" ref="8591648" role=""/>
  <member type="relation" ref="9672910" role=""/>
  <member type="relation" ref="8591647" role=""/>
  <member type="relation" ref="8591646" role=""/>
  <member type="relation" ref="8591645" role=""/>
  <member type="relation" ref="8591644" role=""/>
  <member type="relation" ref="8591643" role=""/>
  <member type="relation" ref="8591642" role=""/>
  <member type="relation" ref="8591641" role=""/>
  <member type="relation" ref="8591640" role=""/>
  <member type="relation" ref="9672909" role=""/>
  <member type="relation" ref="9672908" role=""/>
  <member type="relation" ref="9672907" role=""/>
  <member type="relation" ref="9672906" role=""/>
  <member type="relation" ref="9672905" role=""/>
  <member type="relation" ref="5463276" role=""/>
  <member type="relation" ref="9672904" role=""/>
  <member type="relation" ref="9672903" role=""/>
  <member type="relation" ref="9672902" role=""/>
  <member type="relation" ref="9672901" role=""/>
  <member type="relation" ref="9672900" role=""/>
  <member type="relation" ref="9672899" role=""/>
  <member type="relation" ref="9672898" role=""/>
  <member type="relation" ref="9672897" role=""/>
  <member type="relation" ref="9672896" role=""/>
  <member type="relation" ref="9672895" role=""/>
  <member type="relation" ref="9412765" role=""/>
  <member type="relation" ref="9412764" role=""/>
  <member type="relation" ref="9672894" role=""/>
  <member type="relation" ref="9672893" role=""/>
  <member type="relation" ref="9672892" role=""/>
  <member type="relation" ref="9672891" role=""/>
  <member type="relation" ref="9672890" role=""/>
  <member type="relation" ref="9672889" role=""/>
  <member type="relation" ref="9672888" role=""/>
  <member type="relation" ref="9672887" role=""/>
  <member type="relation" ref="9672886" role=""/>
  <member type="relation" ref="9672885" role=""/>
  <member type="relation" ref="9672884" role=""/>
  <member type="relation" ref="9672883" role=""/>
  <member type="relation" ref="1798858" role=""/>
  <member type="relation" ref="9740133" role=""/>
  <member type="relation" ref="9672875" role=""/>
  <member type="relation" ref="9672874" role=""/>
  <member type="relation" ref="9672873" role=""/>
  <member type="relation" ref="9672872" role=""/>
  <member type="relation" ref="9672871" role=""/>
  <member type="relation" ref="9672870" role=""/>
  <member type="relation" ref="9740181" role=""/>
  <member type="relation" ref="10535874" role=""/>
  <member type="relation" ref="9740132" role=""/>
  <member type="relation" ref="9740131" role=""/>
  <member type="relation" ref="9672869" role=""/>
  <member type="relation" ref="9740134" role=""/>
  <member type="relation" ref="9740130" role=""/>
  <member type="relation" ref="9740129" role=""/>
  <member type="relation" ref="9740128" role=""/>
  <member type="relation" ref="10816378" role=""/>
  <member type="relation" ref="10816377" role=""/>
  <member type="relation" ref="10816376" role=""/>
  <member type="relation" ref="10816375" role=""/>
  <member type="relation" ref="9740127" role=""/>
  <member type="relation" ref="10816374" role=""/>
  <member type="relation" ref="10533449" role=""/>
  <member type="relation" ref="9740126" role=""/>
  <member type="relation" ref="9740125" role=""/>
  <member type="relation" ref="9740124" role=""/>
  <member type="relation" ref="9740123" role=""/>
  <member type="relation" ref="9740122" role=""/>
  <member type="relation" ref="9740121" role=""/>
  <member type="relation" ref="9740120" role=""/>
  <member type="relation" ref="17541973" role=""/>
  <member type="relation" ref="9740119" role=""/>
  <member type="relation" ref="9740118" role=""/>
  <member type="relation" ref="9740117" role=""/>
  <member type="relation" ref="9740116" role=""/>
  <member type="relation" ref="9740180" role=""/>
  <member type="relation" ref="9740115" role=""/>
  <member type="relation" ref="19325719" role=""/>
  <member type="relation" ref="9740031" role=""/>
  <member type="relation" ref="9740030" role=""/>
  <member type="relation" ref="9740179" role=""/>
  <member type="relation" ref="9412763" role=""/>
  <member type="relation" ref="9740114" role=""/>
  <member type="relation" ref="9740113" role=""/>
  <member type="relation" ref="9740178" role=""/>
  <member type="relation" ref="9740112" role=""/>
  <member type="relation" ref="9740177" role=""/>
  <member type="relation" ref="9740111" role=""/>
  <member type="relation" ref="10601162" role=""/>
  <member type="relation" ref="10601161" role=""/>
  <member type="relation" ref="19325727" role=""/>
  <member type="relation" ref="10601158" role=""/>
  <member type="relation" ref="10104371" role=""/>
  <member type="relation" ref="9740110" role=""/>
  <member type="relation" ref="9740109" role=""/>
  <member type="relation" ref="9740108" role=""/>
  <member type="relation" ref="9740107" role=""/>
  <member type="relation" ref="9740106" role=""/>
  <member type="relation" ref="9740105" role=""/>
  <member type="relation" ref="9740104" role=""/>
  <member type="relation" ref="9740103" role=""/>
  <member type="relation" ref="9740102" role=""/>
  <member type="relation" ref="9740101" role=""/>
  <member type="relation" ref="17545851" role=""/>
  <member type="relation" ref="9740100" role=""/>
  <member type="relation" ref="9740099" role=""/>
  <member type="relation" ref="9385483" role=""/>
  <member type="relation" ref="19336714" role=""/>
  <member type="relation" ref="19336715" role=""/>
  <member type="relation" ref="19336725" role=""/>
  <member type="relation" ref="19336724" role=""/>
  <member type="relation" ref="9740098" role=""/>
  <member type="relation" ref="9740097" role=""/>
  <member type="relation" ref="9740096" role=""/>
  <member type="relation" ref="9740094" role=""/>
  <member type="relation" ref="9740093" role=""/>
  <member type="relation" ref="9740095" role=""/>
  <member type="relation" ref="17750687" role=""/>
  <member type="relation" ref="17750713" role=""/>
  <member type="relation" ref="9740092" role=""/>
  <member type="relation" ref="1946515" role=""/>
  <member type="relation" ref="9740091" role=""/>
  <member type="relation" ref="1946516" role=""/>
  <member type="relation" ref="9740090" role=""/>
  <member type="relation" ref="1946517" role=""/>
  <member type="relation" ref="1946463" role=""/>
  <member type="relation" ref="9740089" role=""/>
  <member type="relation" ref="1946518" role=""/>
  <member type="relation" ref="9740088" role=""/>
  <member type="relation" ref="9740087" role=""/>
  <member type="relation" ref="9740086" role=""/>
  <member type="relation" ref="9740085" role=""/>
  <member type="relation" ref="9740084" role=""/>
  <member type="relation" ref="9740083" role=""/>
  <member type="relation" ref="9740082" role=""/>
  <member type="relation" ref="9740081" role=""/>
  <member type="relation" ref="9740080" role=""/>
  <member type="relation" ref="9740079" role=""/>
  <member type="relation" ref="9740078" role=""/>
  <member type="relation" ref="19377062" role=""/>
  <member type="relation" ref="9740077" role=""/>
  <member type="relation" ref="18271213" role=""/>
  <member type="relation" ref="9740076" role=""/>
  <member type="relation" ref="1941954" role=""/>
  <member type="relation" ref="1941955" role=""/>
  <member type="relation" ref="1941956" role=""/>
  <member type="relation" ref="1941957" role=""/>
  <member type="relation" ref="1941963" role=""/>
  <member type="relation" ref="1941964" role=""/>
  <member type="relation" ref="9740176" role=""/>
  <member type="relation" ref="1940207" role=""/>
  <member type="relation" ref="9740075" role=""/>
  <member type="relation" ref="9740029" role=""/>
  <member type="relation" ref="9740074" role=""/>
  <member type="relation" ref="9740073" role=""/>
  <member type="relation" ref="9740072" role=""/>
  <member type="relation" ref="9740071" role=""/>
  <member type="relation" ref="9740070" role=""/>
  <member type="relation" ref="9740069" role=""/>
  <member type="relation" ref="1946514" role=""/>
  <member type="relation" ref="19336774" role=""/>
  <member type="relation" ref="9740068" role=""/>
  <member type="relation" ref="9740067" role=""/>
  <member type="relation" ref="9740066" role=""/>
  <member type="relation" ref="9740065" role=""/>
  <member type="relation" ref="9740064" role=""/>
  <member type="relation" ref="9740063" role=""/>
  <member type="relation" ref="9740062" role=""/>
  <member type="relation" ref="9740061" role=""/>
  <member type="relation" ref="9740060" role=""/>
  <member type="relation" ref="10591795" role=""/>
  <member type="relation" ref="9416624" role=""/>
  <member type="relation" ref="1673105" role=""/>
  <member type="relation" ref="8218280" role=""/>
  <member type="relation" ref="1940186" role=""/>
  <member type="relation" ref="1938848" role=""/>
  <member type="relation" ref="9836740" role=""/>
  <member type="relation" ref="2096817" role=""/>
  <member type="relation" ref="9740058" role=""/>
  <member type="relation" ref="15782784" role=""/>
  <member type="relation" ref="8858789" role=""/>
  <member type="relation" ref="8861172" role=""/>
  <member type="relation" ref="9740057" role=""/>
  <member type="relation" ref="9740056" role=""/>
  <member type="relation" ref="9740055" role=""/>
  <member type="relation" ref="9740059" role=""/>
  <member type="relation" ref="9740054" role=""/>
  <member type="relation" ref="9740175" role=""/>
  <member type="relation" ref="9740053" role=""/>
  <member type="relation" ref="9740052" role=""/>
  <member type="relation" ref="9740051" role=""/>
  <member type="relation" ref="9740050" role=""/>
  <member type="relation" ref="9740049" role=""/>
  <member type="relation" ref="9740048" role=""/>
  <member type="relation" ref="9740047" role=""/>
  <member type="relation" ref="9416974" role=""/>
  <member type="relation" ref="9416973" role=""/>
  <member type="relation" ref="19383261" role=""/>
  <member type="relation" ref="9383245" role=""/>
  <member type="relation" ref="9416972" role=""/>
  <member type="relation" ref="9416971" role=""/>
  <member type="relation" ref="9416970" role=""/>
  <member type="relation" ref="9416969" role=""/>
  <member type="relation" ref="9416968" role=""/>
  <member type="relation" ref="9416967" role=""/>
  <member type="relation" ref="9416966" role=""/>
  <member type="relation" ref="9416965" role=""/>
  <member type="relation" ref="9740046" role=""/>
  <member type="relation" ref="9740045" role=""/>
  <member type="relation" ref="9740044" role=""/>
  <member type="relation" ref="9740174" role=""/>
  <member type="relation" ref="9412783" role=""/>
  <member type="relation" ref="9242375" role=""/>
  <member type="relation" ref="9403669" role=""/>
  <member type="relation" ref="9385459" role=""/>
  <member type="relation" ref="9412762" role=""/>
  <member type="relation" ref="9403668" role=""/>
  <member type="relation" ref="9243765" role=""/>
  <member type="relation" ref="9412782" role=""/>
  <member type="relation" ref="6868249" role=""/>
  <member type="relation" ref="9403667" role=""/>
  <member type="relation" ref="9243702" role=""/>
  <member type="relation" ref="9385471" role=""/>
  <member type="relation" ref="9412781" role=""/>
  <member type="relation" ref="9412780" role=""/>
  <member type="relation" ref="9412779" role=""/>
  <member type="relation" ref="9412778" role=""/>
  <member type="relation" ref="9412761" role=""/>
  <member type="relation" ref="17738717" role=""/>
  <member type="relation" ref="17738937" role=""/>
  <member type="relation" ref="9220171" role=""/>
  <member type="relation" ref="9403666" role=""/>
  <member type="relation" ref="9385444" role=""/>
  <member type="relation" ref="9403665" role=""/>
  <member type="relation" ref="9385438" role=""/>
  <member type="relation" ref="10599818" role=""/>
  <member type="relation" ref="9836744" role=""/>
  <member type="relation" ref="9412777" role=""/>
  <member type="relation" ref="9412760" role=""/>
  <member type="relation" ref="9416607" role=""/>
  <member type="relation" ref="9740043" role=""/>
  <member type="relation" ref="9740028" role=""/>
  <member type="relation" ref="10816381" role=""/>
  <member type="relation" ref="10816379" role=""/>
  <member type="relation" ref="10816380" role=""/>
  <member type="relation" ref="9416623" role=""/>
  <member type="relation" ref="9416606" role=""/>
  <member type="relation" ref="9416605" role=""/>
  <member type="relation" ref="9412759" role=""/>
  <member type="relation" ref="18549398" role=""/>
  <member type="relation" ref="9412776" role=""/>
  <member type="relation" ref="9740042" role=""/>
  <member type="relation" ref="9740041" role=""/>
  <member type="relation" ref="9220653" role=""/>
  <member type="relation" ref="9412758" role=""/>
  <member type="relation" ref="9412757" role=""/>
  <member type="relation" ref="1940187" role=""/>
  <member type="relation" ref="1940188" role=""/>
  <member type="relation" ref="9416964" role=""/>
  <member type="relation" ref="9416952" role=""/>
  <member type="relation" ref="9416963" role=""/>
  <member type="relation" ref="9416951" role=""/>
  <member type="relation" ref="9416962" role=""/>
  <member type="relation" ref="9416950" role=""/>
  <member type="relation" ref="9416961" role=""/>
  <member type="relation" ref="9416960" role=""/>
  <member type="relation" ref="9416949" role=""/>
  <member type="relation" ref="9416959" role=""/>
  <member type="relation" ref="9416958" role=""/>
  <member type="relation" ref="9416957" role=""/>
  <member type="relation" ref="9416956" role=""/>
  <member type="relation" ref="9416955" role=""/>
  <member type="relation" ref="18589485" role=""/>
  <member type="relation" ref="9416954" role=""/>
  <member type="relation" ref="1946519" role=""/>
  <member type="relation" ref="9740173" role=""/>
  <member type="relation" ref="9416953" role=""/>
  <member type="relation" ref="19325834" role=""/>
  <member type="relation" ref="19383696" role=""/>
  <member type="relation" ref="9412774" role=""/>
  <member type="relation" ref="10641899" role=""/>
  <member type="relation" ref="9416622" role=""/>
  <member type="relation" ref="9416948" role=""/>
  <member type="relation" ref="19425464" role=""/>
  <member type="relation" ref="1946520" role=""/>
  <member type="relation" ref="9416621" role=""/>
  <member type="relation" ref="9416620" role=""/>
  <member type="relation" ref="9416619" role=""/>
  <member type="relation" ref="9416604" role=""/>
  <member type="relation" ref="9416603" role=""/>
  <member type="relation" ref="9416602" role=""/>
  <member type="relation" ref="9416618" role=""/>
  <member type="relation" ref="9416598" role=""/>
  <member type="relation" ref="9416601" role=""/>
  <member type="relation" ref="9416600" role=""/>
  <member type="relation" ref="9416599" role=""/>
  <member type="relation" ref="9403748" role=""/>
  <member type="relation" ref="9385433" role=""/>
  <member type="relation" ref="9385487" role=""/>
  <member type="relation" ref="9385478" role=""/>
  <member type="relation" ref="6776481" role=""/>
  <member type="relation" ref="9403664" role=""/>
  <member type="relation" ref="9385451" role=""/>
  <member type="relation" ref="9403663" role=""/>
  <member type="relation" ref="9403662" role=""/>
  <member type="relation" ref="9385488" role=""/>
  <member type="relation" ref="9385473" role=""/>
  <member type="relation" ref="9385457" role=""/>
  <member type="relation" ref="9236687" role=""/>
  <member type="relation" ref="9385469" role=""/>
  <member type="relation" ref="9385467" role=""/>
  <member type="relation" ref="6776395" role=""/>
  <member type="relation" ref="9412773" role=""/>
  <member type="relation" ref="9740040" role=""/>
  <member type="relation" ref="9385492" role=""/>
  <member type="relation" ref="9385436" role=""/>
  <member type="relation" ref="9385468" role=""/>
  <member type="relation" ref="7358284" role=""/>
  <member type="relation" ref="9385466" role=""/>
  <member type="relation" ref="9385485" role=""/>
  <member type="relation" ref="9385493" role=""/>
  <member type="relation" ref="9385439" role=""/>
  <member type="relation" ref="9407361" role=""/>
  <member type="relation" ref="9385475" role=""/>
  <member type="relation" ref="9385486" role=""/>
  <member type="relation" ref="9385452" role=""/>
  <member type="relation" ref="9385441" role=""/>
  <member type="relation" ref="9385491" role=""/>
  <member type="relation" ref="9385449" role=""/>
  <member type="relation" ref="9412756" role=""/>
  <member type="relation" ref="9412772" role=""/>
  <member type="relation" ref="9412755" role=""/>
  <member type="relation" ref="9740039" role=""/>
  <member type="relation" ref="17548379" role=""/>
  <member type="relation" ref="9385479" role=""/>
  <member type="relation" ref="9385461" role=""/>
  <member type="relation" ref="9385454" role=""/>
  <member type="relation" ref="9236684" role=""/>
  <member type="relation" ref="9385443" role=""/>
  <member type="relation" ref="9385480" role=""/>
  <member type="relation" ref="9385490" role=""/>
  <member type="relation" ref="9416617" role=""/>
  <member type="relation" ref="5598563" role=""/>
  <member type="relation" ref="9672882" role=""/>
  <member type="relation" ref="9672881" role=""/>
  <member type="relation" ref="9672880" role=""/>
  <member type="relation" ref="9672879" role=""/>
  <member type="relation" ref="9385470" role=""/>
  <member type="relation" ref="9385440" role=""/>
  <member type="relation" ref="9385464" role=""/>
  <member type="relation" ref="9740038" role=""/>
  <member type="relation" ref="9385489" role=""/>
  <member type="relation" ref="9385455" role=""/>
  <member type="relation" ref="9385472" role=""/>
  <member type="relation" ref="9236689" role=""/>
  <member type="relation" ref="9672868" role=""/>
  <member type="relation" ref="9412771" role=""/>
  <member type="relation" ref="9672878" role=""/>
  <member type="relation" ref="9672877" role=""/>
  <member type="relation" ref="6781293" role=""/>
  <member type="relation" ref="9617652" role=""/>
  <member type="relation" ref="9617110" role=""/>
  <member type="relation" ref="19377075" role=""/>
  <member type="relation" ref="19377084" role=""/>
  <member type="relation" ref="19382084" role=""/>
  <member type="relation" ref="19382090" role=""/>
  <member type="relation" ref="19382118" role=""/>
  <member type="relation" ref="19378869" role=""/>
  <member type="relation" ref="19378888" role=""/>
  <member type="relation" ref="19382064" role=""/>
  <member type="relation" ref="19381990" role=""/>
  <member type="relation" ref="19381951" role=""/>
  <member type="relation" ref="19381970" role=""/>
  <member type="relation" ref="8825067" role=""/>
  <member type="relation" ref="8855841" role=""/>
  <member type="relation" ref="9744381" role=""/>
  <member type="relation" ref="9219524" role=""/>
  <member type="relation" ref="9412770" role=""/>
  <member type="relation" ref="9740172" role=""/>
  <member type="relation" ref="17542070" role=""/>
  <member type="relation" ref="17545737" role=""/>
  <member type="relation" ref="9740037" role=""/>
  <member type="relation" ref="16176555" role=""/>
  <member type="relation" ref="6858376" role=""/>
  <member type="relation" ref="6779593" role=""/>
  <member type="relation" ref="17357705" role=""/>
  <member type="relation" ref="19325724" role=""/>
  <member type="relation" ref="6817995" role=""/>
  <member type="relation" ref="9740036" role=""/>
  <member type="relation" ref="5598668" role=""/>
  <member type="relation" ref="17327787" role=""/>
  <member type="relation" ref="17327845" role=""/>
  <member type="relation" ref="17327848" role=""/>
  <member type="relation" ref="18130190" role=""/>
  <member type="relation" ref="17327870" role=""/>
  <member type="relation" ref="17327910" role=""/>
  <member type="relation" ref="17328510" role=""/>
  <member type="relation" ref="17328535" role=""/>
  <member type="relation" ref="17328563" role=""/>
  <member type="relation" ref="3440524" role=""/>
  <member type="relation" ref="19157846" role=""/>
  <member type="relation" ref="9243786" role=""/>
  <member type="relation" ref="17330100" role=""/>
  <member type="relation" ref="17330129" role=""/>
  <member type="relation" ref="17330140" role=""/>
  <member type="relation" ref="19455656" role=""/>
  <member type="relation" ref="17330189" role=""/>
  <member type="relation" ref="17330247" role=""/>
  <member type="relation" ref="17325672" role=""/>
  <member type="relation" ref="9740035" role=""/>
  <member type="relation" ref="9412769" role=""/>
  <member type="relation" ref="9740027" role=""/>
  <member type="relation" ref="9672867" role=""/>
  <member type="relation" ref="18271124" role=""/>
  <member type="relation" ref="17802193" role=""/>
  <member type="relation" ref="17802189" role=""/>
  <member type="relation" ref="18395030" role=""/>
  <member type="relation" ref="9228189" role=""/>
  <member type="relation" ref="19719516" role=""/>
  <member type="relation" ref="19719518" role=""/>
  <member type="relation" ref="17325339" role=""/>
  <member type="relation" ref="17325340" role=""/>
  <member type="relation" ref="17325396" role=""/>
  <member type="relation" ref="17325395" role=""/>
  <member type="relation" ref="18481418" role=""/>
  <member type="relation" ref="19446546" role=""/>
  <member type="relation" ref="19446643" role=""/>
  <member type="relation" ref="19446685" role=""/>
  <member type="relation" ref="19446693" role=""/>
  <member type="relation" ref="17843808" role=""/>
  <member type="relation" ref="17843744" role=""/>
  <member type="relation" ref="17173197" role=""/>
  <member type="relation" ref="17173297" role=""/>
  <member type="relation" ref="17174457" role=""/>
  <member type="relation" ref="17178293" role=""/>
  <member type="relation" ref="17188364" role=""/>
  <member type="relation" ref="17179158" role=""/>
  <member type="relation" ref="17187380" role=""/>
  <member type="relation" ref="17292940" role=""/>
  <member type="relation" ref="18481476" role=""/>
  <member type="relation" ref="18481516" role=""/>
  <member type="relation" ref="16172270" role=""/>
  <member type="relation" ref="18558253" role=""/>
  <member type="relation" ref="18570489" role=""/>
  <member type="relation" ref="19157860" role=""/>
  <member type="relation" ref="18589661" role=""/>
  <member type="relation" ref="18589590" role=""/>
  <member type="relation" ref="18589589" role=""/>
  <member type="relation" ref="18575412" role=""/>
  <member type="relation" ref="18575416" role=""/>
  <member type="relation" ref="9385476" role=""/>
  <member type="relation" ref="9385458" role=""/>
  <member type="relation" ref="9740034" role=""/>
  <member type="relation" ref="9740033" role=""/>
  <member type="relation" ref="9740026" role=""/>
  <member type="relation" ref="15628096" role=""/>
  <member type="relation" ref="15628097" role=""/>
  <member type="relation" ref="19455641" role=""/>
  <member type="relation" ref="19383430" role=""/>
  <member type="relation" ref="17798476" role=""/>
  <member type="relation" ref="17802162" role=""/>
  <member type="relation" ref="19378860" role=""/>
  <member type="relation" ref="19378822" role=""/>
  <member type="relation" ref="19383465" role=""/>
  <tag k="name" v="BMTC"/>
  <tag k="name:kn" v="ಬಿಎಂಟಿಸಿ"/>
  <tag k="network" v="BMTC"/>
  <tag k="operator" v="BMTC"/>
  <tag k="type" v="network"/>
 </relation>
 <relation id="8825067" visible="true" version="52" changeset="176382909" timestamp="2025-12-25T05:35:10Z" user="Vonter" uid="3926189">
  <member type="node" ref="3344494904" role="platform_entry_only"/>
  <member type="node" ref="2406087671" role="platform"/>
  <member type="node" ref="2406115674" role="platform"/>
  <member type="node" ref="5772182583" role="platform"/>
  <member type="node" ref="5803875104" role="platform"/>
  <member type="node" ref="1675238674" role="platform"/>
  <member type="node" ref="5803896296" role="platform"/>
  <member type="node" ref="5993280674" role="platform"/>
  <member type="node" ref="2406984944" role="platform"/>
  <member type="node" ref="1472871982" role="platform"/>
  <member type="node" ref="2402578981" role="platform"/>
  <member type="node" ref="266323140" role="platform"/>
  <member type="node" ref="5778351796" role="platform"/>
  <member type="node" ref="267212842" role="platform"/>
  <member type="node" ref="5776678179" role="platform"/>
  <member type="node" ref="5776699920" role="platform"/>
  <member type="node" ref="5777277381" role="platform"/>
  <member type="node" ref="5993281794" role="platform"/>
  <member type="node" ref="5993281800" role="platform"/>
  <member type="node" ref="4117248473" role="platform"/>
  <member type="node" ref="5357243618" role="platform"/>
  <member type="node" ref="5993281822" role="platform"/>
  <member type="node" ref="5993281813" role="platform"/>
  <member type="node" ref="5993281824" role="platform"/>
  <member type="node" ref="5993281823" role="platform"/>
  <member type="node" ref="5993281825" role="platform"/>
  <member type="node" ref="3412179397" role="platform"/>
  <member type="node" ref="307388565" role="platform"/>
  <member type="node" ref="5993281827" role="platform"/>
  <member type="node" ref="5993281836" role="platform_exit_only"/>
  <member type="way" ref="327639080" role=""/>
  <member type="way" ref="635340513" role=""/>
  <member type="way" ref="325833350" role=""/>
  <member type="way" ref="1015024219" role=""/>
  <member type="way" ref="1015024215" role=""/>
  <member type="way" ref="1015024218" role=""/>
  <member type="way" ref="27007398" role=""/>
  <member type="way" ref="28137491" role=""/>
  <member type="way" ref="764329017" role=""/>
  <member type="way" ref="401908499" role=""/>
  <member type="way" ref="763175333" role=""/>
  <member type="way" ref="1356342408" role=""/>
  <member type="way" ref="1356342406" role=""/>
  <member type="way" ref="1312215665" role=""/>
  <member type="way" ref="38772795" role=""/>
  <member type="way" ref="1458674655" role=""/>
  <member type="way" ref="462585138" role=""/>
  <member type="way" ref="1461449317" role=""/>
  <member type="way" ref="764329016" role=""/>
  <member type="way" ref="462585137" role=""/>
  <member type="way" ref="8680571" role=""/>
  <member type="way" ref="1251954790" role=""/>
  <member type="way" ref="1251954786" role=""/>
  <member type="way" ref="1155064213" role=""/>
  <member type="way" ref="1132710443" role=""/>
  <member type="way" ref="1302415903" role=""/>
  <member type="way" ref="545603939" role=""/>
  <member type="way" ref="1376039861" role=""/>
  <member type="way" ref="133903616" role=""/>
  <member type="way" ref="1110190684" role=""/>
  <member type="way" ref="1110178622" role=""/>
  <member type="way" ref="1110178620" role=""/>
  <member type="way" ref="1155064214" role=""/>
  <member type="way" ref="1298944071" role=""/>
  <member type="way" ref="839092207" role=""/>
  <member type="way" ref="1246426789" role=""/>
  <member type="way" ref="839092206" role=""/>
  <member type="way" ref="1434254320" role=""/>
  <member type="way" ref="631197942" role=""/>
  <member type="way" ref="232401975" role=""/>
  <member type="way" ref="1371062101" role=""/>
  <member type="way" ref="1205136152" role=""/>
  <member type="way" ref="1414572490" role=""/>
  <member type="way" ref="377105485" role=""/>
  <member type="way" ref="1303669679" role=""/>
  <member type="way" ref="377105483" role=""/>
  <member type="way" ref="1240374871" role=""/>
  <member type="way" ref="1240374872" role=""/>
  <member type="way" ref="1109939061" role=""/>
  <member type="way" ref="1109939060" role=""/>
  <member type="way" ref="609637730" role=""/>
  <member type="way" ref="1331474321" role=""/>
  <member type="way" ref="1105715132" role=""/>
  <member type="way" ref="1110165782" role=""/>
  <member type="way" ref="1185509247" role=""/>
  <member type="way" ref="1391753696" role=""/>
  <member type="way" ref="1105715131" role=""/>
  <member type="way" ref="1312800264" role=""/>
  <member type="way" ref="692207406" role=""/>
  <member type="way" ref="753677213" role=""/>
  <member type="way" ref="1314349461" role=""/>
  <member type="way" ref="1428347306" role=""/>
  <member type="way" ref="260587283" role=""/>
  <member type="way" ref="1428347304" role=""/>
  <member type="way" ref="1314349458" role=""/>
  <member type="way" ref="1116255768" role=""/>
  <member type="way" ref="1221482570" role=""/>
  <member type="way" ref="1116255769" role=""/>
  <member type="way" ref="638928400" role=""/>
  <member type="way" ref="1163792190" role=""/>
  <member type="way" ref="691997502" role=""/>
  <member type="way" ref="778769262" role=""/>
  <member type="way" ref="778769263" role=""/>
  <member type="way" ref="778769264" role=""/>
  <member type="way" ref="148213773" role=""/>
  <member type="way" ref="778769265" role=""/>
  <member type="way" ref="778769266" role=""/>
  <member type="way" ref="778769267" role=""/>
  <member type="way" ref="778769268" role=""/>
  <member type="way" ref="778769269" role=""/>
  <member type="way" ref="691997504" role=""/>
  <member type="way" ref="28043553" role=""/>
  <member type="way" ref="155429210" role=""/>
  <member type="way" ref="155429222" role=""/>
  <member type="way" ref="691997496" role=""/>
  <tag k="bicycle" v="no"/>
  <tag k="fee" v="yes"/>
  <tag k="from" v="M. G. Road"/>
  <tag k="name" v="G2: Mayo Hall =&gt; Sarjapura Bus Stand"/>
  <tag k="name:kn" v="ಜಿ ೨"/>
  <tag k="network" v="Big 10"/>
  <tag k="opening_hours" v="Mo-Su 07:00-22:05"/>
  <tag k="operator" v="Bengaluru Metropolitan Transport Corporation"/>
  <tag k="public_transport:version" v="2"/>
  <tag k="ref" v="G2"/>
  <tag k="roundtrip" v="no"/>
  <tag k="route" v="bus"/>
  <tag k="to" v="Sarjapura Bus Stand"/>
  <tag k="type" v="route"/>
  <tag k="via" v="Sarjapura Road"/>
  <tag k="wheelchair" v="no"/>
 </relation>
 <relation id="8855841" visible="true" version="51" changeset="173012854" timestamp="2025-10-08T16:09:46Z" user="Vonter" uid="3926189">
  <member type="node" ref="5993281836" role="platform_entry_only"/>
  <member type="node" ref="6017833785" role="platform"/>
  <member type="node" ref="6017833786" role="platform"/>
  <member type="node" ref="6017833787" role="platform"/>
  <member type="node" ref="6017833788" role="platform"/>
  <member type="node" ref="6017833789" role="platform"/>
  <member type="node" ref="6017833790" role="platform"/>
  <member type="node" ref="6017833792" role="platform"/>
  <member type="node" ref="6017833791" role="platform"/>
  <member type="node" ref="734814388" role="platform"/>
  <member type="node" ref="6017833794" role="platform"/>
  <member type="node" ref="6017833795" role="platform"/>
  <member type="node" ref="6017833796" role="platform"/>
  <member type="node" ref="6017833798" role="platform"/>
  <member type="node" ref="6017833797" role="platform"/>
  <member type="node" ref="5777277380" role="platform"/>
  <member type="node" ref="5776596084" role="platform"/>
  <member type="node" ref="4117248474" role="platform"/>
  <member type="node" ref="6017833799" role="platform"/>
  <member type="node" ref="6494474199" role="platform"/>
  <member type="node" ref="6017833801" role="platform"/>
  <member type="node" ref="3161120723" role="platform"/>
  <member type="node" ref="303933282" role="platform"/>
  <member type="node" ref="6017833810" role="platform"/>
  <member type="node" ref="6017833811" role="platform"/>
  <member type="node" ref="6017833817" role="platform"/>
  <member type="node" ref="6017833818" role="platform"/>
  <member type="node" ref="6017833819" role="platform"/>
  <member type="node" ref="6017833820" role="platform"/>
  <member type="node" ref="6017833821" role="platform"/>
  <member type="node" ref="6017833822" role="platform"/>
  <member type="node" ref="6017833823" role="platform"/>
  <member type="node" ref="6017833825" role="platform"/>
  <member type="node" ref="6017833826" role="platform"/>
  <member type="node" ref="253890237" role="platform"/>
  <member type="node" ref="5727066678" role="platform_exit_only"/>
  <member type="way" ref="635374029" role=""/>
  <member type="way" ref="691997497" role=""/>
  <member type="way" ref="1276041086" role=""/>
  <member type="way" ref="1278076847" role=""/>
  <member type="way" ref="199990201" role=""/>
  <member type="way" ref="691997504" role=""/>
  <member type="way" ref="778769269" role=""/>
  <member type="way" ref="778769268" role=""/>
  <member type="way" ref="778769267" role=""/>
  <member type="way" ref="778769266" role=""/>
  <member type="way" ref="778769265" role=""/>
  <member type="way" ref="148213773" role=""/>
  <member type="way" ref="778769264" role=""/>
  <member type="way" ref="778769263" role=""/>
  <member type="way" ref="778769262" role=""/>
  <member type="way" ref="1163792191" role=""/>
  <member type="way" ref="1163792187" role=""/>
  <member type="way" ref="691997503" role=""/>
  <member type="way" ref="1421385280" role=""/>
  <member type="way" ref="1221482569" role=""/>
  <member type="way" ref="1314349459" role=""/>
  <member type="way" ref="1428347303" role=""/>
  <member type="way" ref="260587285" role=""/>
  <member type="way" ref="1428347305" role=""/>
  <member type="way" ref="1314349460" role=""/>
  <member type="way" ref="1428347345" role=""/>
  <member type="way" ref="609926716" role=""/>
  <member type="way" ref="1421382639" role=""/>
  <member type="way" ref="688824200" role=""/>
  <member type="way" ref="1185509248" role=""/>
  <member type="way" ref="1327318329" role=""/>
  <member type="way" ref="1334532302" role=""/>
  <member type="way" ref="1105715133" role=""/>
  <member type="way" ref="1109939747" role=""/>
  <member type="way" ref="1109939746" role=""/>
  <member type="way" ref="1109939744" role=""/>
  <member type="way" ref="609637729" role=""/>
  <member type="way" ref="610138361" role=""/>
  <member type="way" ref="1278098619" role=""/>
  <member type="way" ref="610138358" role=""/>
  <member type="way" ref="230285994" role=""/>
  <member type="way" ref="1057532613" role=""/>
  <member type="way" ref="691997516" role=""/>
  <member type="way" ref="1282769935" role=""/>
  <member type="way" ref="1318597581" role=""/>
  <member type="way" ref="151676283" role=""/>
  <member type="way" ref="839092205" role=""/>
  <member type="way" ref="839092204" role=""/>
  <member type="way" ref="1246426788" role=""/>
  <member type="way" ref="350096403" role=""/>
  <member type="way" ref="1298944072" role=""/>
  <member type="way" ref="638541491" role=""/>
  <member type="way" ref="763183693" role=""/>
  <member type="way" ref="1110178624" role=""/>
  <member type="way" ref="1110178625" role=""/>
  <member type="way" ref="1329264860" role=""/>
  <member type="way" ref="370390351" role=""/>
  <member type="way" ref="1109191940" role=""/>
  <member type="way" ref="1124616640" role=""/>
  <member type="way" ref="1251954788" role=""/>
  <member type="way" ref="1251954789" role=""/>
  <member type="way" ref="1109191939" role=""/>
  <member type="way" ref="462585135" role=""/>
  <member type="way" ref="763290549" role=""/>
  <member type="way" ref="462585136" role=""/>
  <member type="way" ref="38772795" role=""/>
  <member type="way" ref="1312215665" role=""/>
  <member type="way" ref="1356342406" role=""/>
  <member type="way" ref="1356342408" role=""/>
  <member type="way" ref="763175333" role=""/>
  <member type="way" ref="27946101" role=""/>
  <member type="way" ref="763175332" role=""/>
  <member type="way" ref="124316968" role=""/>
  <member type="way" ref="146588537" role=""/>
  <member type="way" ref="638531680" role=""/>
  <member type="way" ref="638541493" role=""/>
  <member type="way" ref="1148421490" role=""/>
  <member type="way" ref="719664029" role=""/>
  <member type="way" ref="1112419802" role=""/>
  <member type="way" ref="1112419801" role=""/>
  <member type="way" ref="638541495" role=""/>
  <member type="way" ref="1278555476" role=""/>
  <member type="way" ref="1166322819" role=""/>
  <member type="way" ref="1166322820" role=""/>
  <member type="way" ref="38522039" role=""/>
  <member type="way" ref="1166322824" role=""/>
  <member type="way" ref="1166322823" role=""/>
  <member type="way" ref="325833356" role=""/>
  <tag k="bicycle" v="no"/>
  <tag k="from" v="Sarjapura Bus Stand"/>
  <tag k="name" v="G2: Sarjapura Bus Stand =&gt; Mayo Hall"/>
  <tag k="name:kn" v="ಜಿ ೨"/>
  <tag k="network" v="Big 10"/>
  <tag k="opening_hours" v="Mo-Su 06:00-20:45"/>
  <tag k="operator" v="Bengaluru Metro Tranport Corporation"/>
  <tag k="public_transport:version" v="2"/>
  <tag k="ref" v="G2"/>
  <tag k="route" v="bus"/>
  <tag k="to" v="Mayo Hall"/>
  <tag k="type" v="route"/>
 </relation>
 <relation id="8855976" visible="true" version="2" changeset="63973782" timestamp="2018-10-29T10:59:37Z" user="uknown-gryphus" uid="2425805">
  <member type="relation" ref="8855841" role=""/>
  <member type="relation" ref="8825067" role=""/>
  <tag k="name" v="Bus G2"/>
  <tag k="network" v="Big 10"/>
  <tag k="operator" v="Bengaluru Metropolitan Transport Corporation"/>
  <tag k="ref" v="G2"/>
  <tag k="route_master" v="bus"/>
  <tag k="type" v="route_master"/>
 </relation>
 <relation id="15044149" visible="true" version="28" changeset="175397563" timestamp="2025-12-02T11:10:52Z" user="arjunaraoc" uid="2742073">
  <member type="node" ref="303933282" role="platform_entry_only"/>
  <member type="node" ref="6017833810" role="platform"/>
  <member type="node" ref="6017833817" role="platform"/>
  <member type="node" ref="6017833818" role="platform"/>
  <member type="node" ref="10284348027" role="platform"/>
  <member type="node" ref="10068956815" role="platform"/>
  <member type="node" ref="10068956812" role="platform"/>
  <member type="node" ref="2472174924" role="platform"/>
  <member type="node" ref="6017833811" role="platform"/>
  <member type="node" ref="10284348035" role="platform"/>
  <member type="node" ref="308923503" role="platform"/>
  <member type="node" ref="1837395715" role="platform"/>
  <member type="node" ref="7132401123" role="platform"/>
  <member type="node" ref="2396890811" role="platform"/>
  <member type="node" ref="597363270" role="platform"/>
  <member type="node" ref="2394042060" role="platform"/>
  <member type="node" ref="249087970" role="platform"/>
  <member type="node" ref="2398074914" role="platform_exit_only"/>
  <member type="way" ref="638541491" role=""/>
  <member type="way" ref="763183693" role=""/>
  <member type="way" ref="1110178624" role=""/>
  <member type="way" ref="1110178625" role=""/>
  <member type="way" ref="1329264860" role=""/>
  <member type="way" ref="370390351" role=""/>
  <member type="way" ref="1109191940" role=""/>
  <member type="way" ref="1124616640" role=""/>
  <member type="way" ref="332773260" role=""/>
  <member type="way" ref="332782352" role=""/>
  <member type="way" ref="1150877185" role=""/>
  <member type="way" ref="332775566" role=""/>
  <member type="way" ref="1150877186" role=""/>
  <member type="way" ref="558769490" role=""/>
  <member type="way" ref="558769495" role=""/>
  <member type="way" ref="558769473" role=""/>
  <member type="way" ref="92196675" role=""/>
  <member type="way" ref="1076239677" role=""/>
  <member type="way" ref="1307648280" role=""/>
  <member type="way" ref="1391749537" role=""/>
  <member type="way" ref="1150895255" role=""/>
  <member type="way" ref="1148478047" role=""/>
  <member type="way" ref="1432476317" role=""/>
  <member type="way" ref="1313067010" role=""/>
  <member type="way" ref="1155064212" role=""/>
  <member type="way" ref="1154321183" role=""/>
  <member type="way" ref="1429003277" role=""/>
  <member type="way" ref="794756246" role=""/>
  <member type="way" ref="1375664186" role=""/>
  <member type="way" ref="1015229261" role=""/>
  <member type="way" ref="323458349" role=""/>
  <member type="way" ref="763034169" role=""/>
  <member type="way" ref="23078244" role=""/>
  <member type="way" ref="1316124239" role=""/>
  <member type="way" ref="172899268" role=""/>
  <member type="way" ref="1155064209" role=""/>
  <member type="way" ref="1238821107" role=""/>
  <member type="way" ref="1455426600" role=""/>
  <member type="way" ref="766406231" role=""/>
  <member type="way" ref="1455426599" role=""/>
  <member type="way" ref="1238821104" role=""/>
  <member type="way" ref="375964869" role=""/>
  <member type="way" ref="375964865" role=""/>
  <member type="way" ref="763284656" role=""/>
  <member type="way" ref="639010022" role=""/>
  <member type="way" ref="1149812502" role=""/>
  <member type="way" ref="462585123" role=""/>
  <member type="way" ref="375964867" role=""/>
  <member type="way" ref="1109914956" role=""/>
  <member type="way" ref="1109914957" role=""/>
  <member type="way" ref="36897703" role=""/>
  <member type="way" ref="763183690" role=""/>
  <member type="way" ref="763282652" role=""/>
  <member type="way" ref="1379232588" role=""/>
  <member type="way" ref="36965407" role=""/>
  <member type="way" ref="1109915137" role=""/>
  <member type="way" ref="498553874" role=""/>
  <member type="way" ref="375964868" role=""/>
  <member type="way" ref="224618934" role=""/>
  <member type="way" ref="1311251824" role=""/>
  <member type="way" ref="1311251823" role=""/>
  <member type="way" ref="148016866" role=""/>
  <member type="way" ref="148016873" role=""/>
  <member type="way" ref="461556532" role=""/>
  <member type="way" ref="23076927" role=""/>
  <member type="way" ref="1321767443" role=""/>
  <member type="way" ref="764332432" role=""/>
  <member type="way" ref="36907507" role=""/>
  <member type="way" ref="150808480" role=""/>
  <member type="way" ref="150808482" role=""/>
  <member type="way" ref="1278548486" role=""/>
  <member type="way" ref="28631881" role=""/>
  <tag k="fee" v="yes"/>
  <tag k="from" v="Koramangala"/>
  <tag k="name" v="171-G: Koramangala 1st Block =&gt; Kempegowda Bus Station"/>
  <tag k="network" v="BMTC"/>
  <tag k="network:wikidata" v="Q3345039"/>
  <tag k="operator" v="BMTC"/>
  <tag k="public_transport:version" v="2"/>
  <tag k="ref" v="171-G"/>
  <tag k="route" v="bus"/>
  <tag k="to" v="Kempegowda Bus Station"/>
  <tag k="type" v="route"/>
  <tag k="via" v="Koramangala TTMC"/>
  <tag k="wheelchair" v="no"/>
 </relation>
 <relation id="15613292" visible="true" version="32" changeset="177505766" timestamp="2026-01-21T06:08:20Z" user="kunalchhapre" uid="19795114">
  <member type="node" ref="2398074914" role="platform_entry_only"/>
  <member type="node" ref="2393692191" role="platform"/>
  <member type="node" ref="5335240458" role="platform"/>
  <member type="way" ref="1263537984" role="platform"/>
  <member type="node" ref="663317710" role="platform"/>
  <member type="node" ref="3356616803" role="platform"/>
  <member type="node" ref="1650296781" role="platform"/>
  <member type="node" ref="4843099635" role="platform"/>
  <member type="node" ref="6019408108" role="platform"/>
  <member type="node" ref="6019408110" role="platform"/>
  <member type="node" ref="1448635327" role="platform"/>
  <member type="node" ref="2177268803" role="platform"/>
  <member type="node" ref="3407345221" role="platform"/>
  <member type="node" ref="10284348041" role="platform"/>
  <member type="node" ref="10741949231" role="platform"/>
  <member type="node" ref="2472174934" role="platform"/>
  <member type="node" ref="2945920002" role="platform"/>
  <member type="node" ref="1474432219" role="platform"/>
  <member type="node" ref="1471128637" role="platform"/>
  <member type="node" ref="1464962566" role="platform"/>
  <member type="node" ref="5803896296" role="platform"/>
  <member type="node" ref="5993280674" role="platform"/>
  <member type="node" ref="2406984944" role="platform"/>
  <member type="node" ref="1472871982" role="platform"/>
  <member type="node" ref="6019408129" role="platform_exit_only"/>
  <member type="way" ref="691949961" role=""/>
  <member type="way" ref="372031016" role=""/>
  <member type="way" ref="498550660" role=""/>
  <member type="way" ref="368624555" role=""/>
  <member type="way" ref="498550659" role=""/>
  <member type="way" ref="139141579" role=""/>
  <member type="way" ref="31235669" role=""/>
  <member type="way" ref="1309201345" role=""/>
  <member type="way" ref="1311961569" role=""/>
  <member type="way" ref="31235670" role=""/>
  <member type="way" ref="760543008" role=""/>
  <member type="way" ref="36884551" role=""/>
  <member type="way" ref="1292977133" role=""/>
  <member type="way" ref="1191919794" role=""/>
  <member type="way" ref="1314308310" role=""/>
  <member type="way" ref="251495490" role=""/>
  <member type="way" ref="150785556" role=""/>
  <member type="way" ref="1054230460" role=""/>
  <member type="way" ref="779282846" role=""/>
  <member type="way" ref="779282844" role=""/>
  <member type="way" ref="764332430" role=""/>
  <member type="way" ref="1311751492" role=""/>
  <member type="way" ref="52032727" role=""/>
  <member type="way" ref="638928391" role=""/>
  <member type="way" ref="1263537981" role=""/>
  <member type="way" ref="391160986" role=""/>
  <member type="way" ref="638928392" role=""/>
  <member type="way" ref="781001561" role=""/>
  <member type="way" ref="22893740" role=""/>
  <member type="way" ref="26179365" role=""/>
  <member type="way" ref="148016866" role=""/>
  <member type="way" ref="36897704" role=""/>
  <member type="way" ref="1469037766" role=""/>
  <member type="way" ref="36897705" role=""/>
  <member type="way" ref="328836686" role=""/>
  <member type="way" ref="764329022" role=""/>
  <member type="way" ref="1347255640" role=""/>
  <member type="way" ref="328836685" role=""/>
  <member type="way" ref="1154162811" role=""/>
  <member type="way" ref="763183690" role=""/>
  <member type="way" ref="736430944" role=""/>
  <member type="way" ref="1109914958" role=""/>
  <member type="way" ref="766406976" role=""/>
  <member type="way" ref="1109914955" role=""/>
  <member type="way" ref="36853146" role=""/>
  <member type="way" ref="462585126" role=""/>
  <member type="way" ref="462585125" role=""/>
  <member type="way" ref="638928395" role=""/>
  <member type="way" ref="1321561528" role=""/>
  <member type="way" ref="393699921" role=""/>
  <member type="way" ref="1455426597" role=""/>
  <member type="way" ref="1238821102" role=""/>
  <member type="way" ref="1455426598" role=""/>
  <member type="way" ref="1238821106" role=""/>
  <member type="way" ref="172899268" role=""/>
  <member type="way" ref="23078156" role=""/>
  <member type="way" ref="1335867266" role=""/>
  <member type="way" ref="639010020" role=""/>
  <member type="way" ref="172899344" role=""/>
  <member type="way" ref="207472844" role=""/>
  <member type="way" ref="1314670271" role=""/>
  <member type="way" ref="229970999" role=""/>
  <member type="way" ref="191190624" role=""/>
  <member type="way" ref="328835370" role=""/>
  <member type="way" ref="1165599558" role=""/>
  <member type="way" ref="1165599575" role=""/>
  <member type="way" ref="1165599556" role=""/>
  <member type="way" ref="1457481886" role=""/>
  <member type="way" ref="1457481880" role=""/>
  <member type="way" ref="1457481883" role=""/>
  <member type="way" ref="1457481878" role=""/>
  <member type="way" ref="1155064212" role=""/>
  <member type="way" ref="492501995" role=""/>
  <member type="way" ref="1313067008" role=""/>
  <member type="way" ref="1432476316" role=""/>
  <member type="way" ref="1307247737" role=""/>
  <member type="way" ref="1453852941" role=""/>
  <member type="way" ref="1076239678" role=""/>
  <member type="way" ref="23542230" role=""/>
  <member type="way" ref="1150877184" role=""/>
  <member type="way" ref="332775565" role=""/>
  <member type="way" ref="1357130528" role=""/>
  <member type="way" ref="1278123719" role=""/>
  <member type="way" ref="1155064213" role=""/>
  <member type="way" ref="1132710443" role=""/>
  <member type="way" ref="1302415903" role=""/>
  <member type="way" ref="545603939" role=""/>
  <member type="way" ref="1376039861" role=""/>
  <member type="way" ref="133903616" role=""/>
  <member type="way" ref="1110190684" role=""/>
  <member type="way" ref="1110178622" role=""/>
  <member type="way" ref="1110178620" role=""/>
  <member type="way" ref="1155064214" role=""/>
  <member type="way" ref="688629511" role=""/>
  <tag k="from" v="Kempegowda Bus Station"/>
  <tag k="name" v="Bus 171-G: Kempegowda Bus Station =&gt; Koramangala 1st Block"/>
  <tag k="network" v="BMTC"/>
  <tag k="network:wikidata" v="Q3345039"/>
  <tag k="operator" v="BMTC"/>
  <tag k="public_transport:version" v="2"/>
  <tag k="ref" v="171-G"/>
  <tag k="route" v="bus"/>
  <tag k="to" v="Koramangala 1st Block"/>
  <tag k="type" v="route"/>
  <tag k="via" v="Shantinagara TTMC;Adugodi;Forum Mall;Koramangala TTMC"/>
 </relation>
 <relation id="15613293" visible="true" version="1" changeset="133797058" timestamp="2023-03-17T17:03:55Z" user="uknown-gryphus" uid="2425805">
  <member type="relation" ref="15613292" role=""/>
  <member type="relation" ref="15044149" role=""/>
  <tag k="name" v="171-G"/>
  <tag k="network" v="BMTC"/>
  <tag k="network:wikidata" v="Q3345039"/>
  <tag k="operator" v="BMTC"/>
  <tag k="public_transport:version" v="2"/>
  <tag k="ref" v="171-G"/>
  <tag k="route_master" v="bus"/>
  <tag k="type" v="route_master"/>
 </relation>
 <relation id="15743647" visible="true" version="8" changeset="135492431" timestamp="2023-04-29T06:50:27Z" user="Vonter" uid="3926189">
  <member type="relation" ref="14410206" role=""/>
  <member type="relation" ref="15700469" role=""/>
  <member type="relation" ref="15700468" role=""/>
  <member type="relation" ref="15700467" role=""/>
  <member type="relation" ref="15700466" role=""/>
  <member type="relation" ref="15786192" role=""/>
  <member type="relation" ref="15700465" role=""/>
  <member type="relation" ref="15700505" role=""/>
  <member type="relation" ref="15700504" role=""/>
  <member type="relation" ref="15700503" role=""/>
  <member type="relation" ref="15700502" role=""/>
  <member type="relation" ref="15700501" role=""/>
  <member type="relation" ref="15700500" role=""/>
  <member type="relation" ref="8430044" role=""/>
  <member type="relation" ref="15703561" role=""/>
  <member type="relation" ref="15700499" role=""/>
  <member type="relation" ref="15703518" role=""/>
  <member type="relation" ref="15700565" role=""/>
  <member type="relation" ref="15700564" role=""/>
  <member type="relation" ref="15700563" role=""/>
  <member type="relation" ref="15700562" role=""/>
  <member type="relation" ref="15700561" role=""/>
  <member type="relation" ref="15700560" role=""/>
  <member type="relation" ref="15700559" role=""/>
  <member type="relation" ref="15700558" role=""/>
  <member type="relation" ref="15700557" role=""/>
  <member type="relation" ref="15743768" role=""/>
  <member type="relation" ref="15700556" role=""/>
  <member type="relation" ref="15700555" role=""/>
  <member type="relation" ref="15700554" role=""/>
  <member type="relation" ref="15700591" role=""/>
  <member type="relation" ref="15700553" role=""/>
  <member type="relation" ref="15700552" role=""/>
  <member type="relation" ref="15700551" role=""/>
  <member type="relation" ref="15727935" role=""/>
  <member type="relation" ref="15700590" role=""/>
  <member type="relation" ref="15700550" role=""/>
  <member type="relation" ref="15700549" role=""/>
  <member type="relation" ref="15700596" role=""/>
  <member type="relation" ref="15704339" role=""/>
  <member type="relation" ref="15700613" role=""/>
  <member type="relation" ref="15700595" role=""/>
  <member type="relation" ref="15700594" role=""/>
  <member type="relation" ref="15700593" role=""/>
  <member type="relation" ref="15700592" role=""/>
  <member type="relation" ref="15700589" role=""/>
  <member type="relation" ref="15700588" role=""/>
  <member type="relation" ref="15743666" role=""/>
  <member type="relation" ref="15743667" role=""/>
  <member type="relation" ref="15743733" role=""/>
  <member type="relation" ref="15743808" role=""/>
  <member type="relation" ref="15743665" role=""/>
  <member type="relation" ref="15743664" role=""/>
  <member type="relation" ref="15743690" role=""/>
  <member type="relation" ref="15743734" role=""/>
  <member type="relation" ref="15743689" role=""/>
  <member type="relation" ref="15743692" role=""/>
  <member type="relation" ref="15743691" role=""/>
  <member type="relation" ref="15743693" role=""/>
  <member type="relation" ref="15743735" role=""/>
  <tag k="name" v="Bengaluru Flyovers"/>
  <tag k="type" v="group"/>
 </relation>
 <relation id="15743667" visible="true" version="2" changeset="135100767" timestamp="2023-04-19T12:31:18Z" user="Vonter" uid="3926189">
  <member type="way" ref="1083590203" role="street"/>
  <member type="way" ref="1083590207" role="street"/>
  <member type="way" ref="1083590201" role="street"/>
  <member type="way" ref="1083590202" role="street"/>
  <member type="way" ref="1083590205" role="street"/>
  <member type="way" ref="1083590204" role="street"/>
  <tag k="construction" v="yes"/>
  <tag k="name" v="Ejipura Flyover (u/c)"/>
  <tag k="type" v="street"/>
 </relation>
 <relation id="15786005" visible="true" version="26" changeset="175537030" timestamp="2025-12-05T08:40:51Z" user="arjunaraoc" uid="2742073">
  <member type="node" ref="2396429259" role="platform_entry_only"/>
  <member type="node" ref="2396427450" role="platform"/>
  <member type="node" ref="3396658477" role="platform"/>
  <member type="node" ref="2396426483" role="platform"/>
  <member type="node" ref="3310413267" role="platform"/>
  <member type="node" ref="9814659993" role="platform"/>
  <member type="node" ref="1185757004" role="platform"/>
  <member type="node" ref="2396434084" role="platform"/>
  <member type="node" ref="2396434266" role="platform"/>
  <member type="node" ref="3276659128" role="platform"/>
  <member type="node" ref="10068685437" role="platform"/>
  <member type="node" ref="1471781253" role="platform"/>
  <member type="node" ref="10855370151" role="platform"/>
  <member type="node" ref="10855370150" role="platform"/>
  <member type="node" ref="10855370149" role="platform"/>
  <member type="node" ref="254923713" role="platform"/>
  <member type="node" ref="2405375289" role="platform"/>
  <member type="node" ref="2405375993" role="platform"/>
  <member type="node" ref="10855370148" role="platform"/>
  <member type="node" ref="2402577150" role="platform"/>
  <member type="node" ref="1473298101" role="platform"/>
  <member type="node" ref="10043935992" role="platform"/>
  <member type="node" ref="2509428538" role="platform"/>
  <member type="node" ref="6495482457" role="platform"/>
  <member type="node" ref="6495482458" role="platform"/>
  <member type="node" ref="9904111099" role="platform"/>
  <member type="node" ref="2512617705" role="platform"/>
  <member type="node" ref="6495482463" role="platform"/>
  <member type="node" ref="6495482464" role="platform"/>
  <member type="node" ref="6495482465" role="platform"/>
  <member type="node" ref="6495482468" role="platform"/>
  <member type="node" ref="6495482470" role="platform"/>
  <member type="node" ref="10792812744" role="platform"/>
  <member type="node" ref="1070314236" role="platform_exit_only"/>
  <member type="way" ref="766297130" role=""/>
  <member type="way" ref="24403215" role=""/>
  <member type="way" ref="93576221" role=""/>
  <member type="way" ref="1307429012" role=""/>
  <member type="way" ref="691156693" role=""/>
  <member type="way" ref="1192378662" role=""/>
  <member type="way" ref="23415702" role=""/>
  <member type="way" ref="27227507" role=""/>
  <member type="way" ref="543470376" role=""/>
  <member type="way" ref="1151934209" role=""/>
  <member type="way" ref="543470389" role=""/>
  <member type="way" ref="1109947891" role=""/>
  <member type="way" ref="1109947892" role=""/>
  <member type="way" ref="1314297631" role=""/>
  <member type="way" ref="1286537540" role=""/>
  <member type="way" ref="423269031" role=""/>
  <member type="way" ref="15802887" role=""/>
  <member type="way" ref="1286537528" role=""/>
  <member type="way" ref="1302988906" role=""/>
  <member type="way" ref="1314297630" role=""/>
  <member type="way" ref="217565204" role=""/>
  <member type="way" ref="545610202" role=""/>
  <member type="way" ref="1099850917" role=""/>
  <member type="way" ref="545604694" role=""/>
  <member type="way" ref="545604695" role=""/>
  <member type="way" ref="208944725" role=""/>
  <member type="way" ref="208944726" role=""/>
  <member type="way" ref="545603936" role=""/>
  <member type="way" ref="27777244" role=""/>
  <member type="way" ref="1302194007" role=""/>
  <member type="way" ref="1159872649" role=""/>
  <member type="way" ref="1150874214" role=""/>
  <member type="way" ref="1110164319" role=""/>
  <member type="way" ref="1110178545" role=""/>
  <member type="way" ref="150510724" role=""/>
  <member type="way" ref="1311812959" role=""/>
  <member type="way" ref="476886246" role=""/>
  <member type="way" ref="92196679" role=""/>
  <member type="way" ref="1362809475" role=""/>
  <member type="way" ref="1393474724" role=""/>
  <member type="way" ref="1148717038" role=""/>
  <member type="way" ref="40696223" role=""/>
  <member type="way" ref="40696219" role=""/>
  <member type="way" ref="1124477399" role=""/>
  <member type="way" ref="160331538" role=""/>
  <member type="way" ref="1167293939" role=""/>
  <member type="way" ref="1167293938" role=""/>
  <member type="way" ref="312174028" role=""/>
  <member type="way" ref="1108993651" role=""/>
  <member type="way" ref="1108993653" role=""/>
  <member type="way" ref="1351994265" role=""/>
  <member type="way" ref="491889864" role=""/>
  <member type="way" ref="1106333599" role=""/>
  <member type="way" ref="1167293936" role=""/>
  <member type="way" ref="1109915717" role=""/>
  <member type="way" ref="1340248836" role=""/>
  <member type="way" ref="237025639" role=""/>
  <member type="way" ref="1360852898" role=""/>
  <member type="way" ref="1392543571" role=""/>
  <member type="way" ref="1456171262" role=""/>
  <member type="way" ref="1456204167" role=""/>
  <member type="way" ref="40633857" role=""/>
  <member type="way" ref="1444554109" role=""/>
  <member type="way" ref="1259589337" role=""/>
  <member type="way" ref="1259589338" role=""/>
  <member type="way" ref="1222891447" role=""/>
  <member type="way" ref="476636001" role=""/>
  <member type="way" ref="691997520" role=""/>
  <member type="way" ref="92194646" role=""/>
  <tag k="fee" v="yes"/>
  <tag k="from" v="Jeevanbheema Nagara"/>
  <tag k="name" v="201G: Jeevanbheema Nagara =&gt; Banashankari"/>
  <tag k="network" v="BMTC"/>
  <tag k="network:wikidata" v="Q3345039"/>
  <tag k="operator" v="BMTC"/>
  <tag k="public_transport:version" v="2"/>
  <tag k="ref" v="201G"/>
  <tag k="route" v="bus"/>
  <tag k="to" v="Banashankri TTMC"/>
  <tag k="type" v="route"/>
  <tag k="via" v="Domlur; Silk Board"/>
 </relation>
 <relation id="15786056" visible="true" version="26" changeset="175947076" timestamp="2025-12-15T07:30:38Z" user="uknown-gryphus" uid="2425805">
  <member type="node" ref="1070314236" role="platform_entry_only"/>
  <member type="node" ref="10855399618" role="platform"/>
  <member type="node" ref="2394012912" role="platform"/>
  <member type="node" ref="524077013" role="platform"/>
  <member type="node" ref="524080923" role="platform"/>
  <member type="node" ref="4701346477" role="platform"/>
  <member type="node" ref="2511399368" role="platform"/>
  <member type="node" ref="2510395000" role="platform"/>
  <member type="node" ref="1466857947" role="platform"/>
  <member type="node" ref="2510395023" role="platform"/>
  <member type="node" ref="5558684110" role="platform"/>
  <member type="node" ref="7294299969" role="platform"/>
  <member type="node" ref="1837005146" role="platform"/>
  <member type="node" ref="1070361737" role="platform"/>
  <member type="node" ref="10066958372" role="platform"/>
  <member type="node" ref="2405375288" role="platform"/>
  <member type="node" ref="10855399617" role="platform"/>
  <member type="node" ref="3016052463" role="platform"/>
  <member type="node" ref="3016052461" role="platform"/>
  <member type="node" ref="4595656668" role="platform"/>
  <member type="node" ref="325156622" role="platform"/>
  <member type="node" ref="2455703300" role="platform"/>
  <member type="node" ref="1420113193" role="platform"/>
  <member type="node" ref="2396434359" role="platform"/>
  <member type="node" ref="1474220561" role="platform"/>
  <member type="node" ref="1232740597" role="platform"/>
  <member type="node" ref="4101455408" role="platform"/>
  <member type="node" ref="3310413267" role="platform"/>
  <member type="node" ref="4173145025" role="platform"/>
  <member type="node" ref="10855399616" role="platform"/>
  <member type="node" ref="10855399615" role="platform"/>
  <member type="node" ref="2477611144" role="platform"/>
  <member type="node" ref="2396429259" role="platform_exit_only"/>
  <member type="way" ref="1347260864" role=""/>
  <member type="way" ref="40633856" role=""/>
  <member type="way" ref="476635583" role=""/>
  <member type="way" ref="780428218" role=""/>
  <member type="way" ref="1416769968" role=""/>
  <member type="way" ref="332243839" role=""/>
  <member type="way" ref="1456204166" role=""/>
  <member type="way" ref="40692890" role=""/>
  <member type="way" ref="1393522327" role=""/>
  <member type="way" ref="40692569" role=""/>
  <member type="way" ref="1392543572" role=""/>
  <member type="way" ref="1350362143" role=""/>
  <member type="way" ref="1350362144" role=""/>
  <member type="way" ref="1109914038" role=""/>
  <member type="way" ref="1340248834" role=""/>
  <member type="way" ref="1340248837" role=""/>
  <member type="way" ref="1109914039" role=""/>
  <member type="way" ref="491889865" role=""/>
  <member type="way" ref="464465162" role=""/>
  <member type="way" ref="559801783" role=""/>
  <member type="way" ref="160330784" role=""/>
  <member type="way" ref="1090570620" role=""/>
  <member type="way" ref="464465164" role=""/>
  <member type="way" ref="464465165" role=""/>
  <member type="way" ref="1331247892" role=""/>
  <member type="way" ref="1453814098" role=""/>
  <member type="way" ref="688824218" role=""/>
  <member type="way" ref="172853384" role=""/>
  <member type="way" ref="133763768" role=""/>
  <member type="way" ref="1110164311" role=""/>
  <member type="way" ref="1110164317" role=""/>
  <member type="way" ref="1110164320" role=""/>
  <member type="way" ref="1150874215" role=""/>
  <member type="way" ref="111814615" role=""/>
  <member type="way" ref="1302194006" role=""/>
  <member type="way" ref="1159872651" role=""/>
  <member type="way" ref="1376039860" role=""/>
  <member type="way" ref="545603945" role=""/>
  <member type="way" ref="24238080" role=""/>
  <member type="way" ref="208944727" role=""/>
  <member type="way" ref="545604697" role=""/>
  <member type="way" ref="1150911346" role=""/>
  <member type="way" ref="1335879545" role=""/>
  <member type="way" ref="545604696" role=""/>
  <member type="way" ref="1150911345" role=""/>
  <member type="way" ref="545610203" role=""/>
  <member type="way" ref="208944724" role=""/>
  <member type="way" ref="1302988907" role=""/>
  <member type="way" ref="1314297629" role=""/>
  <member type="way" ref="1286537527" role=""/>
  <member type="way" ref="464465650" role=""/>
  <member type="way" ref="27227541" role=""/>
  <member type="way" ref="1458672911" role=""/>
  <member type="way" ref="23217833" role=""/>
  <member type="way" ref="1286537541" role=""/>
  <member type="way" ref="1109947893" role=""/>
  <member type="way" ref="1109947894" role=""/>
  <member type="way" ref="1149153347" role=""/>
  <member type="way" ref="464465173" role=""/>
  <member type="way" ref="1227746103" role=""/>
  <member type="way" ref="1151934207" role=""/>
  <member type="way" ref="543470379" role=""/>
  <member type="way" ref="543470383" role=""/>
  <member type="way" ref="1167298925" role=""/>
  <member type="way" ref="492431226" role=""/>
  <member type="way" ref="543271085" role=""/>
  <member type="way" ref="461556548" role=""/>
  <member type="way" ref="1215208978" role=""/>
  <member type="way" ref="1307429011" role=""/>
  <member type="way" ref="1307429012" role=""/>
  <member type="way" ref="93576221" role=""/>
  <member type="way" ref="24403215" role=""/>
  <member type="way" ref="766297130" role=""/>
  <tag k="fee" v="yes"/>
  <tag k="from" v="Banashankari TTMC"/>
  <tag k="name" v="201-G"/>
  <tag k="network" v="BMTC"/>
  <tag k="network:wikidata" v="Q3345039"/>
  <tag k="operator" v="BMTC"/>
  <tag k="public_transport:version" v="2"/>
  <tag k="ref" v="201-G"/>
  <tag k="route" v="bus"/>
  <tag k="to" v="Jeevanbheema Nagara"/>
  <tag k="type" v="route"/>
  <tag k="via" v="Silk Board;Madivala;Domlur"/>
 </relation>
 <relation id="15786062" visible="true" version="1" changeset="135491568" timestamp="2023-04-29T06:06:01Z" user="uknown-gryphus" uid="2425805">
  <member type="relation" ref="15786056" role=""/>
  <member type="relation" ref="15786005" role=""/>
  <tag k="name" v="201-G"/>
  <tag k="network" v="BMTC"/>
  <tag k="network:wikidata" v="Q3345039"/>
  <tag k="operator" v="BMTC"/>
  <tag k="ref" v="201-G"/>
  <tag k="route_master" v="bus"/>
  <tag k="type" v="route_master"/>
 </relation>
 <relation id="15818003" visible="true" version="2" changeset="145181678" timestamp="2023-12-16T11:54:13Z" user="indigomc" uid="136860">
  <member type="node" ref="10873245761" role="stop"/>
  <member type="node" ref="6017833818" role="platform"/>
  <tag k="name" v="Koramangala Depot"/>
  <tag k="name:en" v="Koramangala Depot"/>
  <tag k="name:kn" v="ಕೋರಮಂಗಲ ಡೀಪೋ"/>
  <tag k="network" v="BMTC"/>
  <tag k="operator" v="BMTC"/>
  <tag k="public_transport" v="stop_area"/>
  <tag k="type" v="public_transport"/>
 </relation>
 <relation id="16453014" visible="true" version="62" changeset="176084401" timestamp="2025-12-18T09:07:13Z" user="kunalchhapre" uid="19795114">
  <member type="way" ref="545604696" role=""/>
  <member type="way" ref="1335879545" role=""/>
  <member type="way" ref="1150911346" role=""/>
  <member type="way" ref="545604697" role=""/>
  <member type="way" ref="208944727" role=""/>
  <member type="way" ref="24238080" role=""/>
  <member type="way" ref="545603945" role=""/>
  <member type="way" ref="1376039860" role=""/>
  <member type="way" ref="1159872651" role=""/>
  <member type="way" ref="1302194006" role=""/>
  <member type="way" ref="111814615" role=""/>
  <member type="way" ref="1150874215" role=""/>
  <member type="way" ref="1110164320" role=""/>
  <member type="way" ref="1110164317" role=""/>
  <member type="way" ref="1110164314" role=""/>
  <member type="way" ref="1110178545" role=""/>
  <member type="way" ref="1110164319" role=""/>
  <member type="way" ref="1150874214" role=""/>
  <member type="way" ref="1159872649" role=""/>
  <member type="way" ref="1302194007" role=""/>
  <member type="way" ref="27777244" role=""/>
  <member type="way" ref="545603936" role=""/>
  <member type="way" ref="208944726" role=""/>
  <member type="way" ref="208944725" role=""/>
  <member type="way" ref="545604695" role=""/>
  <member type="way" ref="545604694" role=""/>
  <member type="way" ref="1099850917" role=""/>
  <member type="way" ref="545610202" role=""/>
  <member type="way" ref="217565204" role=""/>
  <member type="way" ref="1314297630" role=""/>
  <member type="way" ref="1302988906" role=""/>
  <member type="way" ref="1286537528" role=""/>
  <member type="way" ref="15802887" role=""/>
  <member type="way" ref="423269031" role=""/>
  <member type="way" ref="1286537540" role=""/>
  <member type="way" ref="1314297631" role=""/>
  <member type="way" ref="1109947892" role=""/>
  <member type="way" ref="1109947891" role=""/>
  <member type="way" ref="543470389" role=""/>
  <member type="way" ref="1151934209" role=""/>
  <member type="way" ref="543470376" role=""/>
  <member type="way" ref="27227507" role=""/>
  <member type="way" ref="1167293941" role=""/>
  <member type="way" ref="1416899388" role=""/>
  <member type="way" ref="464465177" role=""/>
  <member type="way" ref="1167298925" role=""/>
  <member type="way" ref="543470383" role=""/>
  <member type="way" ref="543470379" role=""/>
  <member type="way" ref="1151934207" role=""/>
  <member type="way" ref="1227746103" role=""/>
  <member type="way" ref="464465173" role=""/>
  <member type="way" ref="1149153347" role=""/>
  <member type="way" ref="1109947894" role=""/>
  <member type="way" ref="1109947893" role=""/>
  <member type="way" ref="1286537541" role=""/>
  <member type="way" ref="23217833" role=""/>
  <member type="way" ref="1458672911" role=""/>
  <member type="way" ref="27227541" role=""/>
  <member type="way" ref="464465650" role=""/>
  <member type="way" ref="1286537527" role=""/>
  <member type="way" ref="1314297629" role=""/>
  <member type="way" ref="1302988907" role=""/>
  <member type="way" ref="208944724" role=""/>
  <member type="way" ref="545610203" role=""/>
  <member type="way" ref="1150911345" role=""/>
  <member type="way" ref="1387944291" role=""/>
  <member type="way" ref="1290479888" role=""/>
  <member type="way" ref="1110164312" role=""/>
  <member type="way" ref="1031526547" role=""/>
  <member type="way" ref="638928399" role=""/>
  <member type="way" ref="1459499823" role=""/>
  <member type="way" ref="1110164315" role=""/>
  <member type="way" ref="1110164316" role=""/>
  <member type="way" ref="694991480" role=""/>
  <member type="way" ref="1459499822" role=""/>
  <member type="way" ref="1148460323" role=""/>
  <member type="way" ref="558769477" role=""/>
  <member type="way" ref="1259660749" role=""/>
  <member type="way" ref="760115260" role=""/>
  <member type="way" ref="363621124" role=""/>
  <member type="way" ref="328835371" role=""/>
  <member type="way" ref="133764735" role=""/>
  <member type="way" ref="1392550268" role=""/>
  <member type="way" ref="1392550270" role=""/>
  <member type="way" ref="1318033032" role=""/>
  <member type="way" ref="1314361332" role=""/>
  <member type="way" ref="673933804" role=""/>
  <member type="way" ref="673933802" role=""/>
  <member type="way" ref="23036319" role=""/>
  <member type="way" ref="180820265" role=""/>
  <member type="way" ref="207470470" role=""/>
  <member type="way" ref="1414820181" role=""/>
  <member type="way" ref="639010018" role=""/>
  <member type="way" ref="266871942" role=""/>
  <member type="way" ref="130989093" role=""/>
  <member type="way" ref="1222891455" role=""/>
  <member type="way" ref="1259589334" role=""/>
  <member type="way" ref="24965548" role=""/>
  <member type="way" ref="266871939" role=""/>
  <member type="way" ref="266871941" role=""/>
  <member type="way" ref="1148408754" role=""/>
  <member type="way" ref="1148408757" role=""/>
  <member type="way" ref="638928397" role=""/>
  <member type="way" ref="1414820182" role=""/>
  <member type="way" ref="1151709492" role=""/>
  <member type="way" ref="1050178231" role=""/>
  <member type="way" ref="207472844" role=""/>
  <member type="way" ref="1314670271" role=""/>
  <member type="way" ref="1153935757" role=""/>
  <member type="way" ref="191193143" role=""/>
  <member type="way" ref="673933803" role=""/>
  <member type="way" ref="673933805" role=""/>
  <member type="way" ref="1314361331" role=""/>
  <member type="way" ref="1314361330" role=""/>
  <member type="way" ref="1298979615" role=""/>
  <member type="way" ref="191193142" role=""/>
  <member type="way" ref="1392550271" role=""/>
  <member type="way" ref="1392550267" role=""/>
  <member type="way" ref="1352259458" role=""/>
  <member type="way" ref="1392550272" role=""/>
  <member type="way" ref="191193144" role=""/>
  <member type="way" ref="54147965" role=""/>
  <member type="way" ref="54148027" role=""/>
  <member type="way" ref="503151945" role=""/>
  <member type="way" ref="503151944" role=""/>
  <member type="way" ref="1298706702" role=""/>
  <member type="way" ref="1278975045" role=""/>
  <member type="way" ref="1298706701" role=""/>
  <member type="way" ref="503151943" role=""/>
  <member type="way" ref="1457532027" role=""/>
  <member type="way" ref="503151941" role=""/>
  <member type="way" ref="503491603" role=""/>
  <member type="way" ref="1298706704" role=""/>
  <member type="way" ref="503151942" role=""/>
  <member type="way" ref="28071083" role=""/>
  <member type="way" ref="1109951319" role=""/>
  <member type="way" ref="766245128" role=""/>
  <member type="way" ref="1324279138" role=""/>
  <member type="way" ref="503151940" role=""/>
  <member type="way" ref="172895632" role=""/>
  <member type="way" ref="1167340896" role=""/>
  <member type="way" ref="172895655" role=""/>
  <member type="way" ref="1314555098" role=""/>
  <member type="way" ref="1047549742" role=""/>
  <member type="way" ref="1047549746" role=""/>
  <member type="way" ref="1047549745" role=""/>
  <member type="way" ref="1098069205" role=""/>
  <member type="way" ref="1098069206" role=""/>
  <member type="way" ref="1047549748" role=""/>
  <member type="way" ref="1047549751" role=""/>
  <member type="way" ref="1098069212" role=""/>
  <member type="way" ref="707244529" role=""/>
  <member type="way" ref="1136503960" role=""/>
  <member type="way" ref="1098069216" role=""/>
  <member type="way" ref="1136503962" role=""/>
  <member type="way" ref="707244534" role=""/>
  <member type="way" ref="1167355731" role=""/>
  <member type="way" ref="95664214" role=""/>
  <member type="way" ref="671050557" role=""/>
  <member type="way" ref="95664207" role=""/>
  <member type="way" ref="1321818867" role=""/>
  <member type="way" ref="1008073696" role=""/>
  <member type="way" ref="671050556" role=""/>
  <member type="way" ref="1110272735" role=""/>
  <member type="way" ref="1110272734" role=""/>
  <member type="way" ref="1259763897" role=""/>
  <member type="way" ref="503401181" role=""/>
  <member type="way" ref="492438846" role=""/>
  <member type="way" ref="503401180" role=""/>
  <member type="way" ref="492438845" role=""/>
  <member type="way" ref="335689616" role=""/>
  <member type="way" ref="216610231" role=""/>
  <member type="way" ref="458681927" role=""/>
  <member type="way" ref="1281894245" role=""/>
  <member type="way" ref="39541581" role=""/>
  <member type="way" ref="458424035" role=""/>
  <member type="way" ref="492217268" role=""/>
  <member type="way" ref="492217266" role=""/>
  <member type="way" ref="464288502" role=""/>
  <member type="way" ref="697267205" role=""/>
  <member type="way" ref="1110272737" role=""/>
  <member type="way" ref="1110272740" role=""/>
  <member type="way" ref="1008073695" role=""/>
  <member type="way" ref="1321818865" role=""/>
  <member type="way" ref="399012933" role=""/>
  <member type="way" ref="458681937" role=""/>
  <member type="way" ref="95661829" role=""/>
  <member type="way" ref="1167355732" role=""/>
  <member type="way" ref="707244535" role=""/>
  <member type="way" ref="1136503961" role=""/>
  <member type="way" ref="707244532" role=""/>
  <member type="way" ref="1136503964" role=""/>
  <member type="way" ref="1054127610" role=""/>
  <member type="way" ref="1076618917" role=""/>
  <member type="way" ref="1047549754" role=""/>
  <member type="way" ref="1047549749" role=""/>
  <member type="way" ref="1107010326" role=""/>
  <member type="way" ref="1047549744" role=""/>
  <member type="way" ref="1047549747" role=""/>
  <member type="way" ref="1047549743" role=""/>
  <member type="way" ref="1314555099" role=""/>
  <member type="way" ref="1324279136" role=""/>
  <member type="way" ref="95664006" role=""/>
  <member type="way" ref="1167340897" role=""/>
  <member type="way" ref="172895631" role=""/>
  <member type="way" ref="1324279137" role=""/>
  <member type="way" ref="1324279140" role=""/>
  <member type="way" ref="1324279139" role=""/>
  <member type="way" ref="172895630" role=""/>
  <member type="way" ref="458681952" role=""/>
  <member type="way" ref="1119553425" role=""/>
  <member type="way" ref="465135512" role=""/>
  <member type="way" ref="1278975047" role=""/>
  <member type="way" ref="1278975049" role=""/>
  <member type="way" ref="461556527" role=""/>
  <member type="way" ref="54147971" role=""/>
  <member type="way" ref="1314553684" role=""/>
  <member type="way" ref="55684511" role=""/>
  <member type="way" ref="525778228" role=""/>
  <member type="way" ref="762500478" role=""/>
  <member type="way" ref="328314975" role=""/>
  <member type="way" ref="328314976" role=""/>
  <member type="way" ref="429549776" role=""/>
  <member type="way" ref="762500477" role=""/>
  <member type="way" ref="1109936954" role=""/>
  <member type="way" ref="1109936953" role=""/>
  <member type="way" ref="55684021" role=""/>
  <member type="way" ref="1206782391" role=""/>
  <member type="way" ref="555353255" role=""/>
  <member type="way" ref="166589752" role=""/>
  <member type="way" ref="1293800651" role=""/>
  <member type="way" ref="1206781319" role=""/>
  <member type="way" ref="1314553682" role=""/>
  <member type="way" ref="687319758" role=""/>
  <member type="way" ref="260440823" role=""/>
  <member type="way" ref="260440821" role=""/>
  <member type="way" ref="328314974" role=""/>
  <member type="way" ref="996044810" role=""/>
  <member type="way" ref="406674059" role=""/>
  <member type="way" ref="1162867125" role=""/>
  <member type="way" ref="240501012" role=""/>
  <member type="way" ref="216610395" role=""/>
  <member type="way" ref="1259763896" role=""/>
  <member type="way" ref="510972415" role=""/>
  <member type="way" ref="36731509" role=""/>
  <member type="way" ref="1353055892" role=""/>
  <member type="way" ref="458681919" role=""/>
  <member type="way" ref="759364429" role=""/>
  <member type="way" ref="94433664" role=""/>
  <member type="way" ref="1162867124" role=""/>
  <member type="way" ref="759364430" role=""/>
  <member type="way" ref="458681923" role=""/>
  <member type="way" ref="406674055" role=""/>
  <member type="way" ref="378468048" role=""/>
  <member type="way" ref="378468047" role=""/>
  <member type="way" ref="1248797206" role=""/>
  <member type="way" ref="378468045" role=""/>
  <member type="way" ref="1364173724" role=""/>
  <member type="way" ref="1259763895" role=""/>
  <member type="way" ref="499294491" role=""/>
  <member type="way" ref="400449304" role=""/>
  <member type="way" ref="326402562" role=""/>
  <member type="way" ref="708390224" role=""/>
  <member type="way" ref="1259763894" role=""/>
  <member type="way" ref="1110162265" role=""/>
  <member type="way" ref="1110162266" role=""/>
  <member type="way" ref="1263623939" role=""/>
  <member type="way" ref="1349215823" role=""/>
  <member type="way" ref="1379022543" role=""/>
  <member type="way" ref="378597200" role=""/>
  <member type="way" ref="1379022544" role=""/>
  <member type="way" ref="377834166" role=""/>
  <member type="way" ref="1213892094" role=""/>
  <member type="way" ref="1278555477" role=""/>
  <member type="way" ref="1083263216" role=""/>
  <member type="way" ref="1305184104" role=""/>
  <member type="way" ref="1305184103" role=""/>
  <member type="way" ref="510972416" role=""/>
  <member type="way" ref="406674058" role=""/>
  <member type="way" ref="1248258454" role=""/>
  <member type="way" ref="1314327952" role=""/>
  <member type="way" ref="378425665" role=""/>
  <member type="way" ref="1364173723" role=""/>
  <member type="way" ref="464711176" role=""/>
  <member type="way" ref="378425663" role=""/>
  <member type="way" ref="400449303" role=""/>
  <member type="way" ref="1442518368" role=""/>
  <member type="way" ref="580772049" role=""/>
  <member type="way" ref="458681912" role=""/>
  <member type="way" ref="1110162268" role=""/>
  <member type="way" ref="1349215824" role=""/>
  <member type="way" ref="1110162267" role=""/>
  <member type="way" ref="1379022542" role=""/>
  <member type="way" ref="1385037913" role=""/>
  <member type="way" ref="171888545" role=""/>
  <member type="way" ref="1379022545" role=""/>
  <member type="way" ref="1213892093" role=""/>
  <member type="way" ref="607746816" role=""/>
  <member type="way" ref="1267869062" role=""/>
  <member type="way" ref="780755175" role=""/>
  <member type="way" ref="780755176" role=""/>
  <member type="way" ref="1124365932" role=""/>
  <member type="way" ref="1148414699" role=""/>
  <member type="way" ref="1284782976" role=""/>
  <member type="way" ref="1284782975" role=""/>
  <member type="way" ref="1284782974" role=""/>
  <member type="way" ref="780755174" role=""/>
  <member type="way" ref="1284782973" role=""/>
  <member type="way" ref="142484395" role=""/>
  <member type="way" ref="40629068" role=""/>
  <member type="way" ref="737167893" role=""/>
  <member type="way" ref="1148488638" role=""/>
  <member type="way" ref="38047391" role=""/>
  <member type="way" ref="553707863" role=""/>
  <member type="way" ref="1166307737" role=""/>
  <member type="way" ref="38042853" role=""/>
  <member type="way" ref="169098725" role=""/>
  <member type="way" ref="1311716614" role=""/>
  <member type="way" ref="284772853" role=""/>
  <member type="way" ref="23058482" role=""/>
  <member type="way" ref="167318477" role=""/>
  <member type="way" ref="759364440" role=""/>
  <member type="way" ref="553958003" role=""/>
  <member type="way" ref="1227748328" role=""/>
  <member type="way" ref="25923470" role=""/>
  <member type="way" ref="1109937026" role=""/>
  <tag k="highway_authority_ref" v="R2"/>
  <tag k="name" v="Inner Ring Road"/>
  <tag k="name:kn" v="ಒಳ ವರ್ತುಲ ರಸ್ತೆ"/>
  <tag k="official_name" v="Intermediate Ring Road"/>
  <tag k="operator" v="BBMP"/>
  <tag k="route" v="road"/>
  <tag k="short_name" v="IRR"/>
  <tag k="type" v="route"/>
  <tag k="wikidata" v="Q17056561"/>
  <tag k="wikipedia" v="en:Inner Ring Road, Bengaluru"/>
 </relation>
 <relation id="17328563" visible="true" version="28" changeset="177989373" timestamp="2026-02-02T04:08:56Z" user="uknown-gryphus" uid="2425805">
  <member type="way" ref="794634827" role=""/>
  <member type="way" ref="232422095" role=""/>
  <member type="way" ref="1473496401" role=""/>
  <member type="way" ref="1110163659" role=""/>
  <member type="way" ref="1473496402" role=""/>
  <member type="way" ref="755390846" role=""/>
  <member type="way" ref="610166550" role=""/>
  <member type="way" ref="839092208" role=""/>
  <member type="way" ref="839092209" role=""/>
  <member type="way" ref="839092205" role=""/>
  <member type="way" ref="839092204" role=""/>
  <member type="way" ref="1246426788" role=""/>
  <member type="way" ref="350096403" role=""/>
  <member type="way" ref="1298944072" role=""/>
  <member type="way" ref="638541491" role=""/>
  <member type="way" ref="763183693" role=""/>
  <member type="way" ref="1110178624" role=""/>
  <member type="way" ref="1110178625" role=""/>
  <member type="way" ref="1329264860" role=""/>
  <member type="way" ref="370390351" role=""/>
  <member type="way" ref="1109191940" role=""/>
  <member type="way" ref="545603945" role=""/>
  <member type="way" ref="24238080" role=""/>
  <member type="way" ref="208944727" role=""/>
  <member type="way" ref="545604697" role=""/>
  <member type="way" ref="1150911346" role=""/>
  <member type="way" ref="1335879545" role=""/>
  <member type="way" ref="545604696" role=""/>
  <member type="way" ref="1150911345" role=""/>
  <member type="way" ref="545610203" role=""/>
  <member type="way" ref="208944724" role=""/>
  <member type="way" ref="1302988907" role=""/>
  <member type="way" ref="28709352" role=""/>
  <member type="way" ref="112994290" role=""/>
  <member type="way" ref="464465168" role=""/>
  <member type="way" ref="1424719318" role=""/>
  <member type="way" ref="1374009337" role=""/>
  <member type="way" ref="464465169" role=""/>
  <member type="way" ref="1148450816" role=""/>
  <member type="way" ref="464465170" role=""/>
  <member type="way" ref="130121744" role=""/>
  <member type="way" ref="638531677" role=""/>
  <member type="way" ref="638531680" role=""/>
  <member type="way" ref="638541493" role=""/>
  <member type="way" ref="1148421490" role=""/>
  <member type="way" ref="719664029" role=""/>
  <member type="way" ref="1112419802" role=""/>
  <member type="way" ref="1112419801" role=""/>
  <member type="way" ref="638541495" role=""/>
  <member type="way" ref="1278555476" role=""/>
  <member type="way" ref="172947338" role=""/>
  <member type="way" ref="464465211" role=""/>
  <member type="way" ref="464465222" role=""/>
  <member type="way" ref="544761382" role=""/>
  <member type="way" ref="1205167665" role=""/>
  <member type="way" ref="1205167664" role=""/>
  <member type="way" ref="544761380" role=""/>
  <member type="way" ref="1110192331" role=""/>
  <member type="way" ref="544761378" role=""/>
  <member type="way" ref="542070647" role=""/>
  <member type="way" ref="1148395512" role=""/>
  <member type="way" ref="1148395507" role=""/>
  <member type="way" ref="464712045" role=""/>
  <member type="way" ref="763290544" role=""/>
  <member type="way" ref="1108447557" role=""/>
  <member type="way" ref="138980167" role=""/>
  <member type="way" ref="391160963" role=""/>
  <member type="way" ref="391160966" role=""/>
  <member type="way" ref="1101271050" role=""/>
  <member type="way" ref="760884581" role=""/>
  <member type="way" ref="503401208" role=""/>
  <member type="way" ref="464711168" role=""/>
  <member type="way" ref="238459130" role=""/>
  <member type="way" ref="52063533" role=""/>
  <member type="way" ref="503401206" role=""/>
  <member type="way" ref="503401205" role=""/>
  <member type="way" ref="589685544" role=""/>
  <member type="way" ref="506310563" role=""/>
  <member type="way" ref="503401204" role=""/>
  <member type="way" ref="1148408385" role=""/>
  <member type="way" ref="152051153" role=""/>
  <member type="way" ref="130355529" role=""/>
  <member type="way" ref="1221922602" role=""/>
  <member type="way" ref="161416660" role=""/>
  <member type="way" ref="458439812" role=""/>
  <member type="way" ref="1352263719" role=""/>
  <member type="way" ref="36846296" role=""/>
  <member type="way" ref="130304585" role=""/>
  <member type="way" ref="1259589330" role=""/>
  <member type="way" ref="1306480000" role=""/>
  <member type="way" ref="1285088631" role=""/>
  <member type="way" ref="1285088632" role=""/>
  <member type="way" ref="1306480002" role=""/>
  <member type="way" ref="1323779850" role=""/>
  <member type="way" ref="95222406" role=""/>
  <member type="way" ref="130302886" role=""/>
  <member type="way" ref="172306347" role=""/>
  <member type="way" ref="1314306726" role=""/>
  <member type="way" ref="325436722" role=""/>
  <member type="way" ref="661648043" role=""/>
  <member type="way" ref="402009680" role=""/>
  <member type="way" ref="503306667" role=""/>
  <member type="way" ref="760543005" role=""/>
  <member type="way" ref="400433093" role=""/>
  <member type="way" ref="71523618" role=""/>
  <member type="way" ref="151675183" role=""/>
  <member type="way" ref="377835302" role=""/>
  <member type="way" ref="760543004" role=""/>
  <member type="way" ref="377835303" role=""/>
  <member type="way" ref="151675206" role=""/>
  <member type="way" ref="503306663" role=""/>
  <member type="way" ref="377857858" role=""/>
  <member type="way" ref="1314600703" role=""/>
  <member type="way" ref="377857855" role=""/>
  <member type="way" ref="377857854" role=""/>
  <member type="way" ref="377857856" role=""/>
  <member type="way" ref="760543001" role=""/>
  <member type="way" ref="377852248" role=""/>
  <member type="way" ref="151675203" role=""/>
  <member type="way" ref="395885005" role=""/>
  <member type="way" ref="971335102" role=""/>
  <member type="way" ref="971335103" role=""/>
  <member type="way" ref="232511351" role=""/>
  <member type="way" ref="1416549748" role=""/>
  <member type="way" ref="760543000" role=""/>
  <member type="way" ref="1284167426" role=""/>
  <member type="way" ref="1289169664" role=""/>
  <member type="way" ref="369868961" role=""/>
  <member type="way" ref="146369754" role=""/>
  <member type="way" ref="255430603" role=""/>
  <member type="way" ref="369960117" role=""/>
  <member type="way" ref="259220157" role=""/>
  <member type="way" ref="1259470799" role=""/>
  <member type="way" ref="1284167436" role=""/>
  <member type="way" ref="1284167435" role=""/>
  <member type="way" ref="369990132" role=""/>
  <member type="way" ref="1314565178" role=""/>
  <member type="way" ref="369990131" role=""/>
  <member type="way" ref="1284167441" role=""/>
  <member type="way" ref="1284167440" role=""/>
  <member type="way" ref="259222036" role=""/>
  <member type="way" ref="1284167443" role=""/>
  <member type="way" ref="1284167444" role=""/>
  <member type="way" ref="259222052" role=""/>
  <member type="way" ref="370145297" role=""/>
  <member type="way" ref="370145296" role=""/>
  <member type="way" ref="1219713863" role=""/>
  <member type="way" ref="1309209736" role=""/>
  <member type="way" ref="1309209735" role=""/>
  <member type="way" ref="370145299" role=""/>
  <member type="way" ref="1284167446" role=""/>
  <member type="way" ref="46418431" role=""/>
  <member type="way" ref="1163794404" role=""/>
  <member type="way" ref="370146880" role=""/>
  <member type="way" ref="1219710438" role=""/>
  <member type="way" ref="1284367741" role=""/>
  <member type="way" ref="589691611" role=""/>
  <member type="way" ref="25578824" role=""/>
  <member type="way" ref="1248865586" role=""/>
  <member type="way" ref="1202674752" role=""/>
  <member type="way" ref="1202674753" role=""/>
  <member type="way" ref="1202674758" role=""/>
  <member type="way" ref="1284188480" role=""/>
  <member type="way" ref="369264106" role=""/>
  <member type="way" ref="1090683490" role=""/>
  <member type="way" ref="1090683492" role=""/>
  <member type="way" ref="46418430" role=""/>
  <member type="way" ref="1242967472" role=""/>
  <member type="way" ref="369332899" role=""/>
  <member type="way" ref="1078417633" role=""/>
  <member type="way" ref="1078417636" role=""/>
  <member type="way" ref="1078417635" role=""/>
  <member type="way" ref="840025684" role=""/>
  <member type="way" ref="1078417623" role=""/>
  <member type="way" ref="1416945575" role=""/>
  <member type="way" ref="1303814507" role=""/>
  <member type="way" ref="1303814508" role=""/>
  <member type="way" ref="1303814510" role=""/>
  <member type="way" ref="1416945574" role=""/>
  <member type="way" ref="1133891568" role=""/>
  <tag k="fixme" v="ground survey verification needed"/>
  <tag k="from" v="HSR BDA Shopping Complex"/>
  <tag k="name" v="KIA7A: HSR BDA Shopping Complex =&gt; Kempegowda International Airport Limited"/>
  <tag k="network" v="BMTC"/>
  <tag k="network:wikidata" v="Q3345039"/>
  <tag k="operator" v="BMTC"/>
  <tag k="public_transport:version" v="2"/>
  <tag k="ref" v="KIA7A"/>
  <tag k="route" v="bus"/>
  <tag k="to" v="Kempegowda International Airport Limited"/>
  <tag k="type" v="route"/>
  <tag k="via" v="Sony World Koramangala;Domlur;Shivajinagar;Mekhri Circle;Hebbal;Chikkajala"/>
 </relation>
 <relation id="17802248" visible="true" version="7" changeset="176382909" timestamp="2025-12-25T05:35:10Z" user="Vonter" uid="3926189">
  <member type="node" ref="596446558" role="platform_entry_only"/>
  <member type="node" ref="3740957800" role="platform"/>
  <member type="node" ref="4846787925" role="platform"/>
  <member type="node" ref="7132495632" role="platform"/>
  <member type="node" ref="7132495629" role="platform"/>
  <member type="node" ref="2396896553" role="platform"/>
  <member type="node" ref="4307590416" role="platform"/>
  <member type="node" ref="7132495626" role="platform"/>
  <member type="node" ref="2406087671" role="platform"/>
  <member type="node" ref="2406115674" role="platform"/>
  <member type="node" ref="5772182583" role="platform"/>
  <member type="node" ref="5803875104" role="platform"/>
  <member type="node" ref="1675238674" role="platform"/>
  <member type="node" ref="5803896296" role="platform"/>
  <member type="node" ref="5993280674" role="platform"/>
  <member type="node" ref="2406984944" role="platform"/>
  <member type="node" ref="1472871982" role="platform"/>
  <member type="node" ref="7277381416" role="platform_exit_only"/>
  <member type="way" ref="760884582" role=""/>
  <member type="way" ref="391160970" role=""/>
  <member type="way" ref="1101271050" role=""/>
  <member type="way" ref="238459129" role=""/>
  <member type="way" ref="138980157" role=""/>
  <member type="way" ref="367491275" role=""/>
  <member type="way" ref="1108447556" role=""/>
  <member type="way" ref="138980161" role=""/>
  <member type="way" ref="23515741" role=""/>
  <member type="way" ref="107215079" role=""/>
  <member type="way" ref="544761377" role=""/>
  <member type="way" ref="544761379" role=""/>
  <member type="way" ref="544761381" role=""/>
  <member type="way" ref="1110192330" role=""/>
  <member type="way" ref="1205167663" role=""/>
  <member type="way" ref="1205167666" role=""/>
  <member type="way" ref="544761383" role=""/>
  <member type="way" ref="542070645" role=""/>
  <member type="way" ref="542070642" role=""/>
  <member type="way" ref="705023782" role=""/>
  <member type="way" ref="1227562843" role=""/>
  <member type="way" ref="1125542416" role=""/>
  <member type="way" ref="763293422" role=""/>
  <member type="way" ref="325833345" role=""/>
  <member type="way" ref="1166571294" role=""/>
  <member type="way" ref="1148434866" role=""/>
  <member type="way" ref="638541502" role=""/>
  <member type="way" ref="325833350" role=""/>
  <member type="way" ref="1015024219" role=""/>
  <member type="way" ref="132191817" role=""/>
  <member type="way" ref="133632534" role=""/>
  <member type="way" ref="764329018" role=""/>
  <member type="way" ref="57885669" role=""/>
  <member type="way" ref="401908497" role=""/>
  <member type="way" ref="763293419" role=""/>
  <member type="way" ref="401993924" role=""/>
  <member type="way" ref="401993927" role=""/>
  <member type="way" ref="763175331" role=""/>
  <member type="way" ref="401908499" role=""/>
  <member type="way" ref="763175333" role=""/>
  <member type="way" ref="1356342408" role=""/>
  <member type="way" ref="1356342406" role=""/>
  <member type="way" ref="1312215665" role=""/>
  <member type="way" ref="38772795" role=""/>
  <member type="way" ref="1458674655" role=""/>
  <member type="way" ref="462585138" role=""/>
  <member type="way" ref="1461449317" role=""/>
  <member type="way" ref="764329016" role=""/>
  <member type="way" ref="462585137" role=""/>
  <member type="way" ref="8680571" role=""/>
  <member type="way" ref="1251954790" role=""/>
  <member type="way" ref="1251954786" role=""/>
  <member type="way" ref="1155064213" role=""/>
  <member type="way" ref="1132710443" role=""/>
  <member type="way" ref="1302415903" role=""/>
  <member type="way" ref="545603939" role=""/>
  <member type="way" ref="1376039861" role=""/>
  <member type="way" ref="133903616" role=""/>
  <member type="way" ref="1110190684" role=""/>
  <member type="way" ref="1110178622" role=""/>
  <member type="way" ref="1110178620" role=""/>
  <member type="way" ref="1155064214" role=""/>
  <member type="way" ref="1298944071" role=""/>
  <tag k="bicycle" v="no"/>
  <tag k="fixme" v="Ground survey; exact route on ground"/>
  <tag k="from" v="Shivajinagara Bus Station"/>
  <tag k="name" v="141K: Shivajinagara Bus Station =&gt; Koramangala 1st Block"/>
  <tag k="operator" v="Bengaluru Metro Tranport Corporation"/>
  <tag k="public_transport:version" v="2"/>
  <tag k="ref" v="141K"/>
  <tag k="route" v="bus"/>
  <tag k="to" v="Koramangala 1st Block"/>
  <tag k="type" v="route"/>
  <tag k="via" v="Mayo Hall;Austin Town;Rajendranagara;"/>
 </relation>
 <relation id="17802249" visible="true" version="9" changeset="163109758" timestamp="2025-03-02T05:40:08Z" user="Vonter" uid="3926189">
  <member type="node" ref="303933282" role="platform_entry_only"/>
  <member type="node" ref="6017833810" role="platform"/>
  <member type="node" ref="6017833811" role="platform"/>
  <member type="node" ref="6017833817" role="platform"/>
  <member type="node" ref="6017833818" role="platform"/>
  <member type="node" ref="6017833819" role="platform"/>
  <member type="node" ref="6017833820" role="platform"/>
  <member type="node" ref="6017833821" role="platform"/>
  <member type="node" ref="6017833822" role="platform"/>
  <member type="node" ref="6017833823" role="platform"/>
  <member type="node" ref="2406087672" role="platform"/>
  <member type="node" ref="2406088640" role="platform"/>
  <member type="node" ref="6584009983" role="platform"/>
  <member type="node" ref="3344494904" role="platform"/>
  <member type="node" ref="7132452575" role="platform"/>
  <member type="node" ref="2397087882" role="platform"/>
  <member type="node" ref="596446558" role="platform_exit_only"/>
  <member type="way" ref="1298944072" role=""/>
  <member type="way" ref="638541491" role=""/>
  <member type="way" ref="763183693" role=""/>
  <member type="way" ref="1110178624" role=""/>
  <member type="way" ref="1110178625" role=""/>
  <member type="way" ref="1329264860" role=""/>
  <member type="way" ref="370390351" role=""/>
  <member type="way" ref="1109191940" role=""/>
  <member type="way" ref="1124616640" role=""/>
  <member type="way" ref="1251954788" role=""/>
  <member type="way" ref="1251954789" role=""/>
  <member type="way" ref="1109191939" role=""/>
  <member type="way" ref="462585135" role=""/>
  <member type="way" ref="763290549" role=""/>
  <member type="way" ref="462585136" role=""/>
  <member type="way" ref="38772795" role=""/>
  <member type="way" ref="1312215665" role=""/>
  <member type="way" ref="1356342406" role=""/>
  <member type="way" ref="1356342408" role=""/>
  <member type="way" ref="763175333" role=""/>
  <member type="way" ref="27946101" role=""/>
  <member type="way" ref="401993927" role=""/>
  <member type="way" ref="401993924" role=""/>
  <member type="way" ref="763293419" role=""/>
  <member type="way" ref="401908497" role=""/>
  <member type="way" ref="401993919" role=""/>
  <member type="way" ref="1056563199" role=""/>
  <member type="way" ref="1056563200" role=""/>
  <member type="way" ref="763175330" role=""/>
  <member type="way" ref="435249770" role=""/>
  <member type="way" ref="239572010" role=""/>
  <member type="way" ref="763290548" role=""/>
  <member type="way" ref="1096797091" role=""/>
  <member type="way" ref="763290547" role=""/>
  <member type="way" ref="1246410563" role=""/>
  <member type="way" ref="124316745" role=""/>
  <member type="way" ref="763405053" role=""/>
  <member type="way" ref="691218619" role=""/>
  <member type="way" ref="498553630" role=""/>
  <member type="way" ref="544759837" role=""/>
  <member type="way" ref="1151681832" role=""/>
  <member type="way" ref="1109956874" role=""/>
  <member type="way" ref="544759838" role=""/>
  <member type="way" ref="1227562842" role=""/>
  <member type="way" ref="1125542417" role=""/>
  <member type="way" ref="1227562844" role=""/>
  <member type="way" ref="435249314" role=""/>
  <member type="way" ref="1308654713" role=""/>
  <member type="way" ref="1308654687" role=""/>
  <member type="way" ref="323813903" role=""/>
  <member type="way" ref="1148395507" role=""/>
  <member type="way" ref="464712045" role=""/>
  <member type="way" ref="763290544" role=""/>
  <member type="way" ref="1108447557" role=""/>
  <member type="way" ref="138980163" role=""/>
  <tag k="bicycle" v="no"/>
  <tag k="fixme" v="Ground survey; exact route on ground"/>
  <tag k="from" v="Koramangala 1st Block"/>
  <tag k="name" v="141K: Koramangala 1st Block =&gt; Shivajinagara Bus Station"/>
  <tag k="operator" v="Bengaluru Metro Tranport Corporation"/>
  <tag k="public_transport:version" v="2"/>
  <tag k="ref" v="141K"/>
  <tag k="route" v="bus"/>
  <tag k="to" v="Shivajinagara Bus Station"/>
  <tag k="type" v="route"/>
  <tag k="via" v="Rajendranagara;Austin Town;Mayo Hall"/>
 </relation>
 <relation id="17817331" visible="true" version="1" changeset="153718579" timestamp="2024-07-08T19:40:54Z" user="Vonter" uid="3926189">
  <member type="way" ref="1300092016" role="outer"/>
  <member type="way" ref="1300092015" role="outer"/>
  <member type="way" ref="1300092018" role="outer"/>
  <member type="way" ref="1300092014" role="outer"/>
  <member type="way" ref="1300092013" role="outer"/>
  <tag k="boundary" v="postal_code"/>
  <tag k="name" v="Koramangala I Block - 560034"/>
  <tag k="note" v="This postal boundary is sourced from NIC'S PostalGIS. As such, the recency of this data cannot be verified."/>
  <tag k="postal_code" v="560034"/>
  <tag k="type" v="boundary"/>
 </relation>
 <relation id="17817332" visible="true" version="2" changeset="155204187" timestamp="2024-08-13T16:33:04Z" user="Vonter" uid="3926189">
  <member type="way" ref="1300092021" role="outer"/>
  <member type="way" ref="1300092034" role="outer"/>
  <member type="way" ref="1300092035" role="outer"/>
  <member type="way" ref="1300092022" role="outer"/>
  <member type="way" ref="1300092024" role="outer"/>
  <member type="way" ref="1300092020" role="outer"/>
  <member type="way" ref="1300092019" role="outer"/>
  <member type="way" ref="1300092018" role="outer"/>
  <member type="way" ref="1300092017" role="outer"/>
  <tag k="boundary" v="postal_code"/>
  <tag k="name" v="Koramangala VI Block - 560095"/>
  <tag k="note" v="This postal boundary is sourced from NIC'S PostalGIS. As such, the recency of this data cannot be verified."/>
  <tag k="postal_code" v="560095"/>
  <tag k="type" v="boundary"/>
 </relation>
 <relation id="18271187" visible="true" version="1" changeset="158964258" timestamp="2024-11-10T11:45:58Z" user="Vonter" uid="3926189">
  <member type="node" ref="12328471500" role="stop"/>
  <member type="node" ref="10855370149" role="platform"/>
  <tag k="name" v="Sony World Signal"/>
  <tag k="name:en" v="Sony World Signal"/>
  <tag k="network" v="BMTC"/>
  <tag k="operator" v="BMTC"/>
  <tag k="public_transport" v="stop_area"/>
  <tag k="type" v="public_transport"/>
 </relation>
 <relation id="18964002" visible="true" version="1" changeset="164707775" timestamp="2025-04-09T06:32:52Z" user="ompatekar" uid="16275581">
  <member type="way" ref="1376039860" role="from"/>
  <member type="way" ref="545603945" role="via"/>
  <member type="way" ref="545603939" role="via"/>
  <member type="way" ref="1376039861" role="to"/>
  <tag k="restriction" v="no_right_turn"/>
  <tag k="type" v="restriction"/>
 </relation>
</osm>
